user_id,domain,n_obs,P(L)_prior,P(L)_posterior,P(L)_after_learn,P(next correct),p_L0,p_T,p_S,p_G
68,eq,18,1.0,0.9999999999987446,0.9999999999989313,0.796533608144745,3.460514585661462e-33,0.14875554124968068,0.20346639185440643,0.0025352953340606285
68,frac,8,0.9999970931984349,0.9999966381186387,0.9999992382418892,0.8575585254037189,0.19617836553886928,0.7734131490991615,0.1424415768674738,0.9918152052698402
