skill_field,skill_name,T,S,G,L0
L2,基本的なファイル管理,0.001101787497913017,0.23339850975998958,0.35496504154367753,0.36934461402027596
L2,所有者とパーミッション,0.0014875167111315546,0.30165337560474964,0.37924395023386237,0.4241654519079277
L2_tier,基本的なファイル管理:t1,0.002599575954978314,0.2432900850448093,0.3535421042994989,0.45642409804877065
L2_tier,基本的なファイル管理:t2,0.019740029647226896,0.26797209028459756,0.2892884464775618,0.3538706371608408
L2_tier,所有者とパーミッション:t1,0.007660248132808779,0.2682024035088353,0.4002578692390804,0.512994275856146
L2_tier,所有者とパーミッション:t2,0.0008653422589461153,0.20693066696974408,0.3793737847587648,0.1709719889674332
L2_tier,所有者とパーミッション:t3,0.003047103152895661,0.315557170103656,0.3474869778616812,0.554893884043302
