key,auc,logloss,n
overall,0.7792080873977425,0.5865979255681879,1114
