skill_field,skill_name,T,S,G,L0
L1,filesystem_and_io,0.006635827185329834,0.37409945055316157,0.620915643277783,0.8175254593886045
L2,stdio_and_pipes,0.9983354881381014,0.999991402795142,0.5122119468463964,0.025480872822767522
L2,text_processing,0.31040108487686024,0.0,1.0,0.9852493672334354
L3,here_document_symbol,1.0,0.5,0.5,0.015069796769340981
L3,pipe_grep_basic,1.0,0.5,0.5,0.2911922964142897
L3,sort_basic,1.0,0.5,0.5,0.9231171537693487
L3,xargs_basic,1.0,0.5,0.5,0.21609638297937278
