user_id,item_id,domain,L2_tier,correct,P_bkt_L2,P_bkt_L2_tier,P_bkt,P_irt,P_final,theta,a,b,c,question_text
u001,1,基本的なファイル管理,基本的なファイル管理:t1,1.0,0.7665617660628137,0.7560980853986898,0.7613299257307518,0.9999758341557136,0.8806528799432327,9.245839325258427,1.1154903812173775,-0.2365575162111993,0.051641198039118,隠しファイルも含めてカレントディレクトリの内容を一覧表示するコマンドはどれですか？
u001,2,基本的なファイル管理,基本的なファイル管理:t1,1.0,0.7665617660628137,0.7560980853986898,0.7613299257307518,0.9998945011776386,0.8806122134541952,9.245839325258427,1.0057893014389907,0.5690377053906269,0.3492400193748236,ファイルの詳細情報付き一覧を表示する ls のオプションとして正しいものはどれですか？
u001,3,基本的なファイル管理,基本的なファイル管理:t1,1.0,0.7665617660628137,0.7560980853986898,0.7613299257307518,0.9999631276885312,0.8806465267096415,9.245839325258427,1.0489017742155973,-0.4354143081768685,0.0519297250964802,現在の作業ディレクトリの絶対パスを表示するコマンドを一つ書いてください
u001,4,基本的なファイル管理,基本的なファイル管理:t1,1.0,0.7665617660628137,0.7560980853986898,0.7613299257307518,0.9999792107713376,0.8806545682510447,9.245839325258427,1.0549076376616389,-0.9254401280891048,0.05,ホームディレクトリに移動するコマンドとして最も適切なものはどれですか？
u001,5,基本的なファイル管理,基本的なファイル管理:t1,,0.7665617660628137,0.7560980853986898,0.7613299257307518,0.9995732457985107,0.8804515857646312,9.245839325258427,0.8454804512192905,0.5787404422327526,0.35,dir1 とその中の dir2 を一度に作成したいときに最も適切なコマンドはどれですか？
u001,6,基本的なファイル管理,基本的なファイル管理:t2,,0.7665617660628137,0.7149150440416675,0.7407384050522405,0.9999092621256847,0.8703238335889626,9.245839325258427,1.00510848894146,0.4134932167591427,0.3494454797573572,ディレクトリ A を中身ごと確認無しに削除したいときに最も適切なコマンドはどれですか？
u001,7,基本的なファイル管理,基本的なファイル管理:t2,,0.7665617660628137,0.7149150440416675,0.7407384050522405,0.9999855916754855,0.8703619983638631,9.245839325258427,1.1721079163343606,-0.2212036076794035,0.05,rm コマンドで削除前に確認しながら対話的に削除したいときに付けるオプションはどれですか？
u001,8,基本的なファイル管理,基本的なファイル管理:t1,1.0,0.7665617660628137,0.7560980853986898,0.7613299257307518,0.9999614726543617,0.8806456991925568,9.245839325258427,1.08857668141035,0.097554322776923,0.1857478924744617,ファイル file1 をディレクトリ dir にコピーするコマンドとして正しいものはどれですか？
u001,9,基本的なファイル管理,基本的なファイル管理:t2,1.0,0.7665617660628137,0.7149150440416675,0.7407384050522405,0.9999333921935463,0.8703358986228934,9.245839325258427,1.026407237120382,0.2943384619096204,0.3486455001445267,ディレクトリ A をタイムスタンプと権限を保ったままディレクトリ B にコピーしたいときに最も適切なコマンドはどれですか？
u001,10,基本的なファイル管理,基本的なファイル管理:t1,1.0,0.7665617660628137,0.7560980853986898,0.7613299257307518,0.9998869994797193,0.8806084626052355,9.245839325258427,0.9802501128237442,0.413054929247417,0.3492349294404715,ディレクトリ A の中の file.txt をディレクトリ B に移動するコマンドとして正しいものはどれですか？
u001,11,基本的なファイル管理,基本的なファイル管理:t1,1.0,0.7665617660628137,0.7560980853986898,0.7613299257307518,0.9997314410335792,0.8805306833821656,9.245839325258427,0.7698974396962992,-1.3664390211980266,0.0504729411698893,file01.txt や file02.txt など2桁の番号付きファイルにマッチし fileA.txt にはマッチしないパターンはどれですか？
u001,12,基本的なファイル管理,基本的なファイル管理:t2,1.0,0.7665617660628137,0.7149150440416675,0.7407384050522405,0.9999334179941691,0.8703359115232048,9.245839325258427,0.9276876469650808,-1.0654636245897775,0.0500422196007094,echo {A、B、C}.txt の出力として最も適切なものはどれですか？
u001,13,基本的なファイル管理,基本的なファイル管理:t1,1.0,0.7665617660628137,0.7560980853986898,0.7613299257307518,0.9999637170490333,0.8806468213898926,9.245839325258427,1.0844134734111268,-0.0665097679162885,0.1181070732968249,ファイルのタイムスタンプを更新したり存在しない場合は空のファイルを作成したりするコマンド名を一つ書いてください
u001,14,基本的なファイル管理,基本的なファイル管理:t2,,0.7665617660628137,0.7149150440416675,0.7407384050522405,0.9998332876776183,0.8702858463649294,9.245839325258427,0.8333449589648054,-1.1313423711812791,0.05,ディレクトリ dir1 を archive.tar という名前のアーカイブにまとめるコマンドとして最も適切なものはどれですか？
u001,15,基本的なファイル管理,基本的なファイル管理:t2,1.0,0.7665617660628137,0.7149150440416675,0.7407384050522405,0.9999795317784144,0.8703589684153274,9.245839325258427,1.079782842889703,-0.7049118100689108,0.0506380305473883,gzip 圧縮されたアーカイブ backup.tar.gz を展開する tar のコマンドを一つ書いてください
u001,16,基本的なファイル管理,基本的なファイル管理:t2,,0.7665617660628137,0.7149150440416675,0.7407384050522405,0.9999306346383976,0.8703345198453191,9.245839325258427,1.0160959932760532,0.0605333476967584,0.2156358485127576,1MB のゼロデータを10個連結したファイル zero.img を作成したいときに最も適切なコマンドはどれですか？
u001,17,基本的なファイル管理,基本的なファイル管理:t2,,0.7665617660628137,0.7149150440416675,0.7407384050522405,0.9999760934709415,0.870357249261591,9.245839325258427,1.0786539578094183,-0.571869105191423,0.0501239062067503,指定したファイルの種類を判定して表示するコマンド名を一つ書いてください
u001,18,所有者とパーミッション,所有者とパーミッション:t1,1.0,0.47011472797376486,0.5305555995273542,0.5003351637505595,0.4810116113587992,0.4906733875546794,-0.9209237291473649,0.8838543016855865,0.636567762527371,0.35,ls -l の出力に含まれる r や w や x などの文字は何を表していますか？
u001,19,所有者とパーミッション,所有者とパーミッション:t1,0.0,0.47011472797376486,0.5305555995273542,0.5003351637505595,0.6360461608948768,0.5681906623227182,-0.9209237291473649,0.7694955224059895,-1.5396692830266308,0.0501462484179849,所有者に読み書きグループとその他に読み取りのみを許可するパーミッションを数字3桁で表したものとして正しいのはどれですか？
u001,20,所有者とパーミッション,所有者とパーミッション:t2,1.0,0.47011472797376486,0.4014120552963503,0.4357633916350576,0.440020457861984,0.4378919247485208,-0.9209237291473649,1.069038527956945,0.2872849447946676,0.2861242148129458,ファイル script.sh に所有者だけ実行権限を追加する chmod の指定を一つ書いてください
u001,21,所有者とパーミッション,所有者とパーミッション:t1,0.0,0.47011472797376486,0.5305555995273542,0.5003351637505595,0.3844583229736257,0.4423967433620926,-0.9209237291473649,1.023796809032469,-0.1819789265707181,0.0955893152535176,ファイル data.txt の所有者を user1 に変更するコマンドとして正しいものはどれですか？
u001,22,所有者とパーミッション,所有者とパーミッション:t1,,0.47011472797376486,0.5305555995273542,0.5003351637505595,0.4870783972037782,0.49370678047716887,-0.9209237291473649,0.9971459325822506,0.4014404237768084,0.3498656012445903,ファイル data.txt の所有グループを group1 に変更するコマンドを一つ書いてください
u001,23,所有者とパーミッション,所有者とパーミッション:t2,,0.47011472797376486,0.4014120552963503,0.4357633916350576,0.6095786580737017,0.5226710248543797,-0.9209237291473649,0.5402809268579795,-1.587165246258202,0.05,ディレクトリ dir1 とその配下の全てのファイルに対して755のパーミッションを設定したいときに最も適切なコマンドはどれですか？
u001,24,所有者とパーミッション,所有者とパーミッション:t2,0.0,0.47011472797376486,0.4014120552963503,0.4357633916350576,0.4493884735934863,0.44257593261427197,-0.9209237291473649,1.0229892671149328,0.1354195999745567,0.2625206317911625,umask 022 の意味として最も適切な説明はどれですか？
u001,25,所有者とパーミッション,所有者とパーミッション:t3,1.0,0.47011472797376486,0.572984119155548,0.5215494235646565,0.4331450326502063,0.4773472281074314,-0.9209237291473649,1.0484800831860714,0.1935682699242609,0.2569518859740457,umask が 022 の環境で新しい通常ファイルを作成したときのデフォルトパーミッションを数字3桁で答えてください
u001,26,所有者とパーミッション,所有者とパーミッション:t3,0.0,0.47011472797376486,0.572984119155548,0.5215494235646565,0.4493579261199977,0.4854536748423271,-0.9209237291473649,1.0647402213448909,0.3006301699301119,0.2993861022623606,実行ファイルに SUID ビットが設定されているときの動作として正しいものはどれですか？
u001,27,所有者とパーミッション,所有者とパーミッション:t3,1.0,0.47011472797376486,0.572984119155548,0.5215494235646565,0.5597966420690883,0.5406730328168724,-0.9209237291473649,0.9182890250847582,-1.0802049659467,0.0502593675967861,ディレクトリに SGID ビットが設定されているときの効果として最も適切なものはどれですか？
u001,28,所有者とパーミッション,所有者とパーミッション:t3,1.0,0.47011472797376486,0.572984119155548,0.5215494235646565,0.37683082552282243,0.44919012454373947,-0.9209237291473649,1.0857191106832107,0.0603536444023921,0.1620911607977531,スティッキービットが設定された共有ディレクトリとしてよく使われる /tmp の特徴として正しいものはどれですか？
u001,29,所有者とパーミッション,所有者とパーミッション:t2,0.0,0.47011472797376486,0.4014120552963503,0.4357633916350576,0.579645825368842,0.5077046085019499,-0.9209237291473649,0.8616931297063011,-1.1885448876304008,0.0502666554250788,パーミッション文字列 rwxr-xr-x を数字3桁で表したものを答えてください
u001,30,所有者とパーミッション,所有者とパーミッション:t2,0.0,0.47011472797376486,0.4014120552963503,0.4357633916350576,0.438462832888614,0.4371131122618358,-0.9209237291473649,1.0442899695543686,-0.5639596363118176,0.0516643107287579,/tmp ディレクトリ自体の情報だけを表示しその中身は一覧しないように ls で表示したいときのコマンドを一つ書いてください
u002,1,基本的なファイル管理,基本的なファイル管理:t1,1.0,0.35574269445904494,0.35829726818065205,0.35701998131984847,0.05277276029298965,0.20489637080641906,-6.269724571441522,1.1154903812173775,-0.2365575162111993,0.051641198039118,隠しファイルも含めてカレントディレクトリの内容を一覧表示するコマンドはどれですか？
u002,2,基本的なファイル管理,基本的なファイル管理:t1,,0.35574269445904494,0.35829726818065205,0.35701998131984847,0.3499095071590261,0.3534647442394373,-6.269724571441522,1.0057893014389907,0.5690377053906269,0.3492400193748236,ファイルの詳細情報付き一覧を表示する ls のオプションとして正しいものはどれですか？
u002,3,基本的なファイル管理,基本的なファイル管理:t1,,0.35574269445904494,0.35829726818065205,0.35701998131984847,0.054010235734259615,0.20551510852705404,-6.269724571441522,1.0489017742155973,-0.4354143081768685,0.0519297250964802,現在の作業ディレクトリの絶対パスを表示するコマンドを一つ書いてください
u002,4,基本的なファイル管理,基本的なファイル管理:t1,0.0,0.35574269445904494,0.35829726818065205,0.35701998131984847,0.05337090372993045,0.20519544252488947,-6.269724571441522,1.0549076376616389,-0.9254401280891048,0.05,ホームディレクトリに移動するコマンドとして最も適切なものはどれですか？
u002,5,基本的なファイル管理,基本的なファイル管理:t1,1.0,0.35574269445904494,0.35829726818065205,0.35701998131984847,0.3519811480472693,0.3545005646835589,-6.269724571441522,0.8454804512192905,0.5787404422327526,0.35,dir1 とその中の dir2 を一度に作成したいときに最も適切なコマンドはどれですか？
u002,6,基本的なファイル管理,基本的なファイル管理:t2,0.0,0.35574269445904494,0.3037066974485672,0.32972469595380605,0.3502315235101733,0.33997810973198966,-6.269724571441522,1.00510848894146,0.4134932167591427,0.3494454797573572,ディレクトリ A を中身ごと確認無しに削除したいときに最も適切なコマンドはどれですか？
u002,7,基本的なファイル管理,基本的なファイル管理:t2,0.0,0.35574269445904494,0.3037066974485672,0.32972469595380605,0.05079144826122478,0.1902580721075154,-6.269724571441522,1.1721079163343606,-0.2212036076794035,0.05,rm コマンドで削除前に確認しながら対話的に削除したいときに付けるオプションはどれですか？
u002,8,基本的なファイル管理,基本的なファイル管理:t1,0.0,0.35574269445904494,0.35829726818065205,0.35701998131984847,0.18654244389266839,0.2717812126062584,-6.269724571441522,1.08857668141035,0.097554322776923,0.1857478924744617,ファイル file1 をディレクトリ dir にコピーするコマンドとして正しいものはどれですか？
u002,9,基本的なファイル管理,基本的なファイル管理:t2,1.0,0.35574269445904494,0.3037066974485672,0.32972469595380605,0.34941691206274905,0.33957080400827755,-6.269724571441522,1.026407237120382,0.2943384619096204,0.3486455001445267,ディレクトリ A をタイムスタンプと権限を保ったままディレクトリ B にコピーしたいときに最も適切なコマンドはどれですか？
u002,10,基本的なファイル管理,基本的なファイル管理:t1,0.0,0.35574269445904494,0.35829726818065205,0.35701998131984847,0.3501635318433708,0.35359175658160963,-6.269724571441522,0.9802501128237442,0.413054929247417,0.3492349294404715,ディレクトリ A の中の file.txt をディレクトリ B に移動するコマンドとして正しいものはどれですか？
u002,11,基本的なファイル管理,基本的なファイル管理:t1,,0.35574269445904494,0.35829726818065205,0.35701998131984847,0.07176341323386562,0.21439169727685703,-6.269724571441522,0.7698974396962992,-1.3664390211980266,0.0504729411698893,file01.txt や file02.txt など2桁の番号付きファイルにマッチし fileA.txt にはマッチしないパターンはどれですか？
u002,12,基本的なファイル管理,基本的なファイル管理:t2,1.0,0.35574269445904494,0.3037066974485672,0.32972469595380605,0.05758444830904155,0.19365457213142379,-6.269724571441522,0.9276876469650808,-1.0654636245897775,0.0500422196007094,echo {A、B、C}.txt の出力として最も適切なものはどれですか？
u002,13,基本的なファイル管理,基本的なファイル管理:t1,0.0,0.35574269445904494,0.35829726818065205,0.35701998131984847,0.1191625825493835,0.23809128193461598,-6.269724571441522,1.0844134734111268,-0.0665097679162885,0.1181070732968249,ファイルのタイムスタンプを更新したり存在しない場合は空のファイルを作成したりするコマンド名を一つ書いてください
u002,14,基本的なファイル管理,基本的なファイル管理:t2,,0.35574269445904494,0.3037066974485672,0.32972469595380605,0.06294483990132275,0.1963347679275644,-6.269724571441522,0.8333449589648054,-1.1313423711812791,0.05,ディレクトリ dir1 を archive.tar という名前のアーカイブにまとめるコマンドとして最も適切なものはどれですか？
u002,15,基本的なファイル管理,基本的なファイル管理:t2,0.0,0.35574269445904494,0.3037066974485672,0.32972469595380605,0.052964953461015096,0.19134482470741057,-6.269724571441522,1.079782842889703,-0.7049118100689108,0.0506380305473883,gzip 圧縮されたアーカイブ backup.tar.gz を展開する tar のコマンドを一つ書いてください
u002,16,基本的なファイル管理,基本的なファイル管理:t2,,0.35574269445904494,0.3037066974485672,0.32972469595380605,0.21689585388947033,0.2733102749216382,-6.269724571441522,1.0160959932760532,0.0605333476967584,0.2156358485127576,1MB のゼロデータを10個連結したファイル zero.img を作成したいときに最も適切なコマンドはどれですか？
u002,17,基本的なファイル管理,基本的なファイル管理:t2,0.0,0.35574269445904494,0.3037066974485672,0.32972469595380605,0.05215419386699918,0.1909394449104026,-6.269724571441522,1.0786539578094183,-0.571869105191423,0.0501239062067503,指定したファイルの種類を判定して表示するコマンド名を一つ書いてください
u002,18,所有者とパーミッション,所有者とパーミッション:t1,,0.40555787790185444,0.6369575888300425,0.5212577333659485,0.3912347974192687,0.4562462653926086,-2.4093529791046424,0.8838543016855865,0.636567762527371,0.35,ls -l の出力に含まれる r や w や x などの文字は何を表していますか？
u002,19,所有者とパーミッション,所有者とパーミッション:t1,1.0,0.40555787790185444,0.6369575888300425,0.5212577333659485,0.37183514736380874,0.4465464403648786,-2.4093529791046424,0.7694955224059895,-1.5396692830266308,0.0501462484179849,所有者に読み書きグループとその他に読み取りのみを許可するパーミッションを数字3桁で表したものとして正しいのはどれですか？
u002,20,所有者とパーミッション,所有者とパーミッション:t2,0.0,0.40555787790185444,0.380956869009481,0.3932573734556677,0.3239667028801337,0.35861203816790066,-2.4093529791046424,1.069038527956945,0.2872849447946676,0.2861242148129458,ファイル script.sh に所有者だけ実行権限を追加する chmod の指定を一つ書いてください
u002,21,所有者とパーミッション,所有者とパーミッション:t1,,0.40555787790185444,0.6369575888300425,0.5212577333659485,0.17948344467893151,0.35037058902244,-2.4093529791046424,1.023796809032469,-0.1819789265707181,0.0955893152535176,ファイル data.txt の所有者を user1 に変更するコマンドとして正しいものはどれですか？
u002,22,所有者とパーミッション,所有者とパーミッション:t1,1.0,0.40555787790185444,0.6369575888300425,0.5212577333659485,0.38703678100825517,0.4541472571871018,-2.4093529791046424,0.9971459325822506,0.4014404237768084,0.3498656012445903,ファイル data.txt の所有グループを group1 に変更するコマンドを一つ書いてください
u002,23,所有者とパーミッション,所有者とパーミッション:t2,,0.40555787790185444,0.380956869009481,0.3932573734556677,0.4212008240068989,0.4072290987312833,-2.4093529791046424,0.5402809268579795,-1.587165246258202,0.05,ディレクトリ dir1 とその配下の全てのファイルに対して755のパーミッションを設定したいときに最も適切なコマンドはどれですか？
u002,24,所有者とパーミッション,所有者とパーミッション:t2,,0.40555787790185444,0.380956869009481,0.3932573734556677,0.31335356676991977,0.35330547011279373,-2.4093529791046424,1.0229892671149328,0.1354195999745567,0.2625206317911625,umask 022 の意味として最も適切な説明はどれですか？
u002,25,所有者とパーミッション,所有者とパーミッション:t3,1.0,0.40555787790185444,0.5249662684697453,0.4652620731857998,0.30248384976324244,0.3838729614745211,-2.4093529791046424,1.0484800831860714,0.1935682699242609,0.2569518859740457,umask が 022 の環境で新しい通常ファイルを作成したときのデフォルトパーミッションを数字3桁で答えてください
u002,26,所有者とパーミッション,所有者とパーミッション:t3,1.0,0.40555787790185444,0.5249662684697453,0.4652620731857998,0.3364336019005011,0.40084783754315045,-2.4093529791046424,1.0647402213448909,0.3006301699301119,0.2993861022623606,実行ファイルに SUID ビットが設定されているときの動作として正しいものはどれですか？
u002,27,所有者とパーミッション,所有者とパーミッション:t3,0.0,0.40555787790185444,0.5249662684697453,0.4652620731857998,0.2666492960267171,0.3659556846062585,-2.4093529791046424,0.9182890250847582,-1.0802049659467,0.0502593675967861,ディレクトリに SGID ビットが設定されているときの効果として最も適切なものはどれですか？
u002,28,所有者とパーミッション,所有者とパーミッション:t3,0.0,0.40555787790185444,0.5249662684697453,0.4652620731857998,0.21578385774878697,0.3405229654672934,-2.4093529791046424,1.0857191106832107,0.0603536444023921,0.1620911607977531,スティッキービットが設定された共有ディレクトリとしてよく使われる /tmp の特徴として正しいものはどれですか？
u002,29,所有者とパーミッション,所有者とパーミッション:t2,,0.40555787790185444,0.380956869009481,0.3932573734556677,0.2961037369963502,0.34468055522600893,-2.4093529791046424,0.8616931297063011,-1.1885448876304008,0.0502666554250788,パーミッション文字列 rwxr-xr-x を数字3桁で表したものを答えてください
u002,30,所有者とパーミッション,所有者とパーミッション:t2,0.0,0.40555787790185444,0.380956869009481,0.3932573734556677,0.17216843219721217,0.2827129028264399,-2.4093529791046424,1.0442899695543686,-0.5639596363118176,0.0516643107287579,/tmp ディレクトリ自体の情報だけを表示しその中身は一覧しないように ls で表示したいときのコマンドを一つ書いてください
u003,1,基本的なファイル管理,基本的なファイル管理:t1,0.0,0.35568745031390814,0.35809541300131414,0.35689143165761117,0.05268340860641553,0.20478742013201334,-6.343548180568504,1.1154903812173775,-0.2365575162111993,0.051641198039118,隠しファイルも含めてカレントディレクトリの内容を一覧表示するコマンドはどれですか？
u003,2,基本的なファイル管理,基本的なファイル管理:t1,0.0,0.35568745031390814,0.35809541300131414,0.35689143165761117,0.3498616434604295,0.3533765375590203,-6.343548180568504,1.0057893014389907,0.5690377053906269,0.3492400193748236,ファイルの詳細情報付き一覧を表示する ls のオプションとして正しいものはどれですか？
u003,3,基本的なファイル管理,基本的なファイル管理:t1,,0.35568745031390814,0.35809541300131414,0.35689143165761117,0.05385552838751949,0.20537348002256534,-6.343548180568504,1.0489017742155973,-0.4354143081768685,0.0519297250964802,現在の作業ディレクトリの絶対パスを表示するコマンドを一つ書いてください
u003,4,基本的なファイル管理,基本的なファイル管理:t1,0.0,0.35568745031390814,0.35809541300131414,0.35689143165761117,0.05311917851458598,0.20500530508609857,-6.343548180568504,1.0549076376616389,-0.9254401280891048,0.05,ホームディレクトリに移動するコマンドとして最も適切なものはどれですか？
u003,5,基本的なファイル管理,基本的なファイル管理:t1,,0.35568745031390814,0.35809541300131414,0.35689143165761117,0.3518616152446887,0.3543765234511499,-6.343548180568504,0.8454804512192905,0.5787404422327526,0.35,dir1 とその中の dir2 を一度に作成したいときに最も適切なコマンドはどれですか？
u003,6,基本的なファイル管理,基本的なファイル管理:t2,0.0,0.35568745031390814,0.3063186896464776,0.3310030699801929,0.35017537289193434,0.3405892214360636,-6.343548180568504,1.00510848894146,0.4134932167591427,0.3494454797573572,ディレクトリ A を中身ごと確認無しに削除したいときに最も適切なコマンドはどれですか？
u003,7,基本的なファイル管理,基本的なファイル管理:t2,0.0,0.35568745031390814,0.3063186896464776,0.3310030699801929,0.050725894241894644,0.1908644821110438,-6.343548180568504,1.1721079163343606,-0.2212036076794035,0.05,rm コマンドで削除前に確認しながら対話的に削除したいときに付けるオプションはどれですか？
u003,8,基本的なファイル管理,基本的なファイル管理:t1,1.0,0.35568745031390814,0.35809541300131414,0.35689143165761117,0.18648114517811196,0.2716862884178616,-6.343548180568504,1.08857668141035,0.097554322776923,0.1857478924744617,ファイル file1 をディレクトリ dir にコピーするコマンドとして正しいものはどれですか？
u003,9,基本的なファイル管理,基本的なファイル管理:t2,,0.35568745031390814,0.3063186896464776,0.3310030699801929,0.34936068127270437,0.34018187562644864,-6.343548180568504,1.026407237120382,0.2943384619096204,0.3486455001445267,ディレクトリ A をタイムスタンプと権限を保ったままディレクトリ B にコピーしたいときに最も適切なコマンドはどれですか？
u003,10,基本的なファイル管理,基本的なファイル管理:t1,1.0,0.35568745031390814,0.35809541300131414,0.35689143165761117,0.35009879286305734,0.35349511226033425,-6.343548180568504,0.9802501128237442,0.413054929247417,0.3492349294404715,ディレクトリ A の中の file.txt をディレクトリ B に移動するコマンドとして正しいものはどれですか？
u003,11,基本的なファイル管理,基本的なファイル管理:t1,0.0,0.35568745031390814,0.35809541300131414,0.35689143165761117,0.0706120305791157,0.21375173111836343,-6.343548180568504,0.7698974396962992,-1.3664390211980266,0.0504729411698893,file01.txt や file02.txt など2桁の番号付きファイルにマッチし fileA.txt にはマッチしないパターンはどれですか？
u003,12,基本的なファイル管理,基本的なファイル管理:t2,0.0,0.35568745031390814,0.3063186896464776,0.3310030699801929,0.05708891064404664,0.19404599031211978,-6.343548180568504,0.9276876469650808,-1.0654636245897775,0.0500422196007094,echo {A、B、C}.txt の出力として最も適切なものはどれですか？
u003,13,基本的なファイル管理,基本的なファイル管理:t1,0.0,0.35568745031390814,0.35809541300131414,0.35689143165761117,0.11908146696798927,0.23798644931280022,-6.343548180568504,1.0844134734111268,-0.0665097679162885,0.1181070732968249,ファイルのタイムスタンプを更新したり存在しない場合は空のファイルを作成したりするコマンド名を一つ書いてください
u003,14,基本的なファイル管理,基本的なファイル管理:t2,0.0,0.35568745031390814,0.3063186896464776,0.3310030699801929,0.06218237294427047,0.1965927214622317,-6.343548180568504,0.8333449589648054,-1.1313423711812791,0.05,ディレクトリ dir1 を archive.tar という名前のアーカイブにまとめるコマンドとして最も適切なものはどれですか？
u003,15,基本的なファイル管理,基本的なファイル管理:t2,1.0,0.35568745031390814,0.3063186896464776,0.3310030699801929,0.052787070275643735,0.19189507012791832,-6.343548180568504,1.079782842889703,-0.7049118100689108,0.0506380305473883,gzip 圧縮されたアーカイブ backup.tar.gz を展開する tar のコマンドを一つ書いてください
u003,16,基本的なファイル管理,基本的なファイル管理:t2,0.0,0.35568745031390814,0.3063186896464776,0.3310030699801929,0.21680493213409585,0.2739040010571444,-6.343548180568504,1.0160959932760532,0.0605333476967584,0.2156358485127576,1MB のゼロデータを10個連結したファイル zero.img を作成したいときに最も適切なコマンドはどれですか？
u003,17,基本的なファイル管理,基本的なファイル管理:t2,,0.35568745031390814,0.3063186896464776,0.3310030699801929,0.05199909805978617,0.19150108401998955,-6.343548180568504,1.0786539578094183,-0.571869105191423,0.0501239062067503,指定したファイルの種類を判定して表示するコマンド名を一つ書いてください
u003,18,所有者とパーミッション,所有者とパーミッション:t1,1.0,0.4561835593264314,0.7150530975554449,0.5856183284409382,0.46138096257262284,0.5234996455067805,-1.1465905052062044,0.8838543016855865,0.636567762527371,0.35,ls -l の出力に含まれる r や w や x などの文字は何を表していますか？
u003,19,所有者とパーミッション,所有者とパーミッション:t1,,0.4561835593264314,0.7150530975554449,0.5856183284409382,0.5963566031415942,0.5909874657912662,-1.1465905052062044,0.7694955224059895,-1.5396692830266308,0.0501462484179849,所有者に読み書きグループとその他に読み取りのみを許可するパーミッションを数字3桁で表したものとして正しいのはどれですか？
u003,20,所有者とパーミッション,所有者とパーミッション:t2,1.0,0.4561835593264314,0.3864845706700783,0.4213340649982549,0.4128903047154817,0.4171121848568683,-1.1465905052062044,1.069038527956945,0.2872849447946676,0.2861242148129458,ファイル script.sh に所有者だけ実行権限を追加する chmod の指定を一つ書いてください
u003,21,所有者とパーミッション,所有者とパーミッション:t1,0.0,0.4561835593264314,0.7150530975554449,0.5856183284409382,0.3410400944636425,0.46332921145229033,-1.1465905052062044,1.023796809032469,-0.1819789265707181,0.0955893152535176,ファイル data.txt の所有者を user1 に変更するコマンドとして正しいものはどれですか？
u003,22,所有者とパーミッション,所有者とパーミッション:t1,1.0,0.4561835593264314,0.7150530975554449,0.5856183284409382,0.46429621293819034,0.5249572706895642,-1.1465905052062044,0.9971459325822506,0.4014404237768084,0.3498656012445903,ファイル data.txt の所有グループを group1 に変更するコマンドを一つ書いてください
u003,23,所有者とパーミッション,所有者とパーミッション:t2,0.0,0.4561835593264314,0.3864845706700783,0.4213340649982549,0.5812676779190382,0.5013008714586465,-1.1465905052062044,0.5402809268579795,-1.587165246258202,0.05,ディレクトリ dir1 とその配下の全てのファイルに対して755のパーミッションを設定したいときに最も適切なコマンドはどれですか？
u003,24,所有者とパーミッション,所有者とパーミッション:t2,,0.4561835593264314,0.3864845706700783,0.4213340649982549,0.41904241286501187,0.4201882389316334,-1.1465905052062044,1.0229892671149328,0.1354195999745567,0.2625206317911625,umask 022 の意味として最も適切な説明はどれですか？
u003,25,所有者とパーミッション,所有者とパーミッション:t3,1.0,0.4561835593264314,0.3894236472347866,0.422803603280609,0.40333485651428114,0.4130692298974451,-1.1465905052062044,1.0484800831860714,0.1935682699242609,0.2569518859740457,umask が 022 の環境で新しい通常ファイルを作成したときのデフォルトパーミッションを数字3桁で答えてください
u003,26,所有者とパーミッション,所有者とパーミッション:t3,0.0,0.4561835593264314,0.3894236472347866,0.422803603280609,0.4229761007652756,0.42288985202294227,-1.1465905052062044,1.0647402213448909,0.3006301699301119,0.2993861022623606,実行ファイルに SUID ビットが設定されているときの動作として正しいものはどれですか？
u003,27,所有者とパーミッション,所有者とパーミッション:t3,0.0,0.4561835593264314,0.3894236472347866,0.422803603280609,0.5106598533594353,0.4667317283200222,-1.1465905052062044,0.9182890250847582,-1.0802049659467,0.0502593675967861,ディレクトリに SGID ビットが設定されているときの効果として最も適切なものはどれですか？
u003,28,所有者とパーミッション,所有者とパーミッション:t3,,0.4561835593264314,0.3894236472347866,0.422803603280609,0.3400793607193202,0.38144148199996464,-1.1465905052062044,1.0857191106832107,0.0603536444023921,0.1620911607977531,スティッキービットが設定された共有ディレクトリとしてよく使われる /tmp の特徴として正しいものはどれですか？
u003,29,所有者とパーミッション,所有者とパーミッション:t2,0.0,0.4561835593264314,0.3864845706700783,0.4213340649982549,0.5337160361833082,0.47752505059078154,-1.1465905052062044,0.8616931297063011,-1.1885448876304008,0.0502666554250788,パーミッション文字列 rwxr-xr-x を数字3桁で表したものを答えてください
u003,30,所有者とパーミッション,所有者とパーミッション:t2,,0.4561835593264314,0.3864845706700783,0.4213340649982549,0.3858731209344306,0.40360359296634274,-1.1465905052062044,1.0442899695543686,-0.5639596363118176,0.0516643107287579,/tmp ディレクトリ自体の情報だけを表示しその中身は一覧しないように ls で表示したいときのコマンドを一つ書いてください
u004,1,基本的なファイル管理,基本的なファイル管理:t1,,0.3557238442268372,0.36737152829072756,0.3615476862587824,0.05274218587899526,0.20714493606888884,-6.294308976781426,1.1154903812173775,-0.2365575162111993,0.051641198039118,隠しファイルも含めてカレントディレクトリの内容を一覧表示するコマンドはどれですか？
u004,2,基本的なファイル管理,基本的なファイル管理:t1,,0.3557238442268372,0.36737152829072756,0.3615476862587824,0.34989317231513134,0.3557204292869569,-6.294308976781426,1.0057893014389907,0.5690377053906269,0.3492400193748236,ファイルの詳細情報付き一覧を表示する ls のオプションとして正しいものはどれですか？
u004,3,基本的なファイル管理,基本的なファイル管理:t1,,0.3557238442268372,0.36737152829072756,0.3615476862587824,0.053957385468465624,0.20775253586362402,-6.294308976781426,1.0489017742155973,-0.4354143081768685,0.0519297250964802,現在の作業ディレクトリの絶対パスを表示するコマンドを一つ書いてください
u004,4,基本的なファイル管理,基本的なファイル管理:t1,0.0,0.3557238442268372,0.36737152829072756,0.3615476862587824,0.05328490405588161,0.207416295157332,-6.294308976781426,1.0549076376616389,-0.9254401280891048,0.05,ホームディレクトリに移動するコマンドとして最も適切なものはどれですか？
u004,5,基本的なファイル管理,基本的なファイル管理:t1,,0.3557238442268372,0.36737152829072756,0.3615476862587824,0.35194051531763215,0.3567441007882073,-6.294308976781426,0.8454804512192905,0.5787404422327526,0.35,dir1 とその中の dir2 を一度に作成したいときに最も適切なコマンドはどれですか？
u004,6,基本的なファイル管理,基本的なファイル管理:t2,,0.3557238442268372,0.30574434863950495,0.3307340964331711,0.35021236099739156,0.3404732287152813,-6.294308976781426,1.00510848894146,0.4134932167591427,0.3494454797573572,ディレクトリ A を中身ごと確認無しに削除したいときに最も適切なコマンドはどれですか？
u004,7,基本的なファイル管理,基本的なファイル管理:t2,0.0,0.3557238442268372,0.30574434863950495,0.3307340964331711,0.050768985871764045,0.19075154115246756,-6.294308976781426,1.1721079163343606,-0.2212036076794035,0.05,rm コマンドで削除前に確認しながら対話的に削除したいときに付けるオプションはどれですか？
u004,8,基本的なファイル管理,基本的なファイル管理:t1,0.0,0.3557238442268372,0.36737152829072756,0.3615476862587824,0.18652148204296537,0.2740345841508739,-6.294308976781426,1.08857668141035,0.097554322776923,0.1857478924744617,ファイル file1 をディレクトリ dir にコピーするコマンドとして正しいものはどれですか？
u004,9,基本的なファイル管理,基本的なファイル管理:t2,0.0,0.3557238442268372,0.30574434863950495,0.3307340964331711,0.3493977122921858,0.3400659043626785,-6.294308976781426,1.026407237120382,0.2943384619096204,0.3486455001445267,ディレクトリ A をタイムスタンプと権限を保ったままディレクトリ B にコピーしたいときに最も適切なコマンドはどれですか？
u004,10,基本的なファイル管理,基本的なファイル管理:t1,0.0,0.3557238442268372,0.36737152829072756,0.3615476862587824,0.35014145187127244,0.3558445690650274,-6.294308976781426,0.9802501128237442,0.413054929247417,0.3492349294404715,ディレクトリ A の中の file.txt をディレクトリ B に移動するコマンドとして正しいものはどれですか？
u004,11,基本的なファイル管理,基本的なファイル管理:t1,0.0,0.3557238442268372,0.36737152829072756,0.3615476862587824,0.07137301462335113,0.21646035044106676,-6.294308976781426,0.7698974396962992,-1.3664390211980266,0.0504729411698893,file01.txt や file02.txt など2桁の番号付きファイルにマッチし fileA.txt にはマッチしないパターンはどれですか？
u004,12,基本的なファイル管理,基本的なファイル管理:t2,0.0,0.3557238442268372,0.30574434863950495,0.3307340964331711,0.05741570207586046,0.19407489925451576,-6.294308976781426,0.9276876469650808,-1.0654636245897775,0.0500422196007094,echo {A、B、C}.txt の出力として最も適切なものはどれですか？
u004,13,基本的なファイル管理,基本的なファイル管理:t1,1.0,0.3557238442268372,0.36737152829072756,0.3615476862587824,0.11913484717598863,0.24034126671738554,-6.294308976781426,1.0844134734111268,-0.0665097679162885,0.1181070732968249,ファイルのタイムスタンプを更新したり存在しない場合は空のファイルを作成したりするコマンド名を一つ書いてください
u004,14,基本的なファイル管理,基本的なファイル管理:t2,,0.3557238442268372,0.30574434863950495,0.3307340964331711,0.06268583879813484,0.19670996761565296,-6.294308976781426,0.8333449589648054,-1.1313423711812791,0.05,ディレクトリ dir1 を archive.tar という名前のアーカイブにまとめるコマンドとして最も適切なものはどれですか？
u004,15,基本的なファイル管理,基本的なファイル管理:t2,0.0,0.3557238442268372,0.30574434863950495,0.3307340964331711,0.05290414155244322,0.19181911899280715,-6.294308976781426,1.079782842889703,-0.7049118100689108,0.0506380305473883,gzip 圧縮されたアーカイブ backup.tar.gz を展開する tar のコマンドを一つ書いてください
u004,16,基本的なファイル管理,基本的なファイル管理:t2,1.0,0.3557238442268372,0.30574434863950495,0.3307340964331711,0.21686481738714983,0.27379945691016044,-6.294308976781426,1.0160959932760532,0.0605333476967584,0.2156358485127576,1MB のゼロデータを10個連結したファイル zero.img を作成したいときに最も適切なコマンドはどれですか？
u004,17,基本的なファイル管理,基本的なファイル管理:t2,,0.3557238442268372,0.30574434863950495,0.3307340964331711,0.05210117275247262,0.19141763459282185,-6.294308976781426,1.0786539578094183,-0.571869105191423,0.0501239062067503,指定したファイルの種類を判定して表示するコマンド名を一つ書いてください
u004,18,所有者とパーミッション,所有者とパーミッション:t1,1.0,0.6983054458202752,0.7289944660167293,0.7136499559185023,0.999583615397394,0.8566167856579482,8.955221043098062,0.8838543016855865,0.636567762527371,0.35,ls -l の出力に含まれる r や w や x などの文字は何を表していますか？
u004,19,所有者とパーミッション,所有者とパーミッション:t1,1.0,0.6983054458202752,0.7289944660167293,0.7136499559185023,0.9997047031100385,0.8566773295142704,8.955221043098062,0.7694955224059895,-1.5396692830266308,0.0501462484179849,所有者に読み書きグループとその他に読み取りのみを許可するパーミッションを数字3桁で表したものとして正しいのはどれですか？
u004,20,所有者とパーミッション,所有者とパーミッション:t2,1.0,0.6983054458202752,0.4342773439318057,0.5662913948760404,0.9999325077982824,0.7831119513371614,8.955221043098062,1.069038527956945,0.2872849447946676,0.2861242148129458,ファイル script.sh に所有者だけ実行権限を追加する chmod の指定を一つ書いてください
u004,21,所有者とパーミッション,所有者とパーミッション:t1,1.0,0.6983054458202752,0.7289944660167293,0.7136499559185023,0.999921718124458,0.8567858370214801,8.955221043098062,1.023796809032469,-0.1819789265707181,0.0955893152535176,ファイル data.txt の所有者を user1 に変更するコマンドとして正しいものはどれですか？
u004,22,所有者とパーミッション,所有者とパーミッション:t1,1.0,0.6983054458202752,0.7289944660167293,0.7136499559185023,0.9998715718922917,0.856760763905397,8.955221043098062,0.9971459325822506,0.4014404237768084,0.3498656012445903,ファイル data.txt の所有グループを group1 に変更するコマンドを一つ書いてください
u004,23,所有者とパーミッション,所有者とパーミッション:t2,1.0,0.6983054458202752,0.4342773439318057,0.5662913948760404,0.996818803126184,0.7815550990011122,8.955221043098062,0.5402809268579795,-1.587165246258202,0.05,ディレクトリ dir1 とその配下の全てのファイルに対して755のパーミッションを設定したいときに最も適切なコマンドはどれですか？
u004,24,所有者とパーミッション,所有者とパーミッション:t2,1.0,0.6983054458202752,0.4342773439318057,0.5662913948760404,0.9999110289952085,0.7831012119356244,8.955221043098062,1.0229892671149328,0.1354195999745567,0.2625206317911625,umask 022 の意味として最も適切な説明はどれですか？
u004,25,所有者とパーミッション,所有者とパーミッション:t3,0.0,0.6983054458202752,0.6820836745764465,0.6901945601983608,0.9999239040355592,0.84505923211696,8.955221043098062,1.0484800831860714,0.1935682699242609,0.2569518859740457,umask が 022 の環境で新しい通常ファイルを作成したときのデフォルトパーミッションを数字3桁で答えてください
u004,26,所有者とパーミッション,所有者とパーミッション:t3,1.0,0.6983054458202752,0.6820836745764465,0.6901945601983608,0.9999302636513341,0.8450624119248474,8.955221043098062,1.0647402213448909,0.3006301699301119,0.2993861022623606,実行ファイルに SUID ビットが設定されているときの動作として正しいものはどれですか？
u004,27,所有者とパーミッション,所有者とパーミッション:t3,1.0,0.6983054458202752,0.6820836745764465,0.6901945601983608,0.9999055166948889,0.8450500384466249,8.955221043098062,0.9182890250847582,-1.0802049659467,0.0502593675967861,ディレクトリに SGID ビットが設定されているときの効果として最も適切なものはどれですか？
u004,28,所有者とパーミッション,所有者とパーミッション:t3,1.0,0.6983054458202752,0.6820836745764465,0.6901945601983608,0.9999464147890521,0.8450704874937065,8.955221043098062,1.0857191106832107,0.0603536444023921,0.1620911607977531,スティッキービットが設定された共有ディレクトリとしてよく使われる /tmp の特徴として正しいものはどれですか？
u004,29,所有者とパーミッション,所有者とパーミッション:t2,0.0,0.6983054458202752,0.4342773439318057,0.5662913948760404,0.9998481393670997,0.7830697671215701,8.955221043098062,0.8616931297063011,-1.1885448876304008,0.0502666554250788,パーミッション文字列 rwxr-xr-x を数字3桁で表したものを答えてください
u004,30,所有者とパーミッション,所有者とパーミッション:t2,0.0,0.6983054458202752,0.4342773439318057,0.5662913948760404,0.999954321361901,0.7831228581189706,8.955221043098062,1.0442899695543686,-0.5639596363118176,0.0516643107287579,/tmp ディレクトリ自体の情報だけを表示しその中身は一覧しないように ls で表示したいときのコマンドを一つ書いてください
u005,1,基本的なファイル管理,基本的なファイル管理:t1,1.0,0.7665509571634991,0.7539076849262578,0.7602293210448785,0.9999683915451731,0.8800988562950258,9.005144961448329,1.1154903812173775,-0.2365575162111993,0.051641198039118,隠しファイルも含めてカレントディレクトリの内容を一覧表示するコマンドはどれですか？
u005,2,基本的なファイル管理,基本的なファイル管理:t1,1.0,0.7665509571634991,0.7539076849262578,0.7602293210448785,0.9998656103786809,0.8800474657117797,9.005144961448329,1.0057893014389907,0.5690377053906269,0.3492400193748236,ファイルの詳細情報付き一覧を表示する ls のオプションとして正しいものはどれですか？
u005,3,基本的なファイル管理,基本的なファイル管理:t1,,0.7665509571634991,0.7539076849262578,0.7602293210448785,0.9999525387077685,0.8800909298763235,9.005144961448329,1.0489017742155973,-0.4354143081768685,0.0519297250964802,現在の作業ディレクトリの絶対パスを表示するコマンドを一つ書いてください
u005,4,基本的なファイル管理,基本的なファイル管理:t1,,0.7665509571634991,0.7539076849262578,0.7602293210448785,0.9999732016854123,0.8801012613651453,9.005144961448329,1.0549076376616389,-0.9254401280891048,0.05,ホームディレクトリに移動するコマンドとして最も適切なものはどれですか？
u005,5,基本的なファイル管理,基本的なファイル管理:t1,,0.7665509571634991,0.7539076849262578,0.7602293210448785,0.9994770099584445,0.8798531655016615,9.005144961448329,0.8454804512192905,0.5787404422327526,0.35,dir1 とその中の dir2 を一度に作成したいときに最も適切なコマンドはどれですか？
u005,6,基本的なファイル管理,基本的なファイル管理:t2,1.0,0.7665509571634991,0.7296603065178571,0.748105631840678,0.9998844318242325,0.8739950318324552,9.005144961448329,1.00510848894146,0.4134932167591427,0.3494454797573572,ディレクトリ A を中身ごと確認無しに削除したいときに最も適切なコマンドはどれですか？
u005,7,基本的なファイル管理,基本的なファイル管理:t2,0.0,0.7665509571634991,0.7296603065178571,0.748105631840678,0.9999808955564097,0.8740432636985438,9.005144961448329,1.1721079163343606,-0.2212036076794035,0.05,rm コマンドで削除前に確認しながら対話的に削除したいときに付けるオプションはどれですか？
u005,8,基本的なファイル管理,基本的なファイル管理:t1,1.0,0.7665509571634991,0.7539076849262578,0.7602293210448785,0.9999499326867999,0.8800896268658391,9.005144961448329,1.08857668141035,0.097554322776923,0.1857478924744617,ファイル file1 をディレクトリ dir にコピーするコマンドとして正しいものはどれですか？
u005,9,基本的なファイル管理,基本的なファイル管理:t2,,0.7665509571634991,0.7296603065178571,0.748105631840678,0.9999147282202725,0.8740101800304753,9.005144961448329,1.026407237120382,0.2943384619096204,0.3486455001445267,ディレクトリ A をタイムスタンプと権限を保ったままディレクトリ B にコピーしたいときに最も適切なコマンドはどれですか？
u005,10,基本的なファイル管理,基本的なファイル管理:t1,1.0,0.7665509571634991,0.7539076849262578,0.7602293210448785,0.9998569367421325,0.8800431288935056,9.005144961448329,0.9802501128237442,0.413054929247417,0.3492349294404715,ディレクトリ A の中の file.txt をディレクトリ B に移動するコマンドとして正しいものはどれですか？
u005,11,基本的なファイル管理,基本的なファイル管理:t1,,0.7665509571634991,0.7539076849262578,0.7602293210448785,0.9996767833318734,0.8799530521883759,9.005144961448329,0.7698974396962992,-1.3664390211980266,0.0504729411698893,file01.txt や file02.txt など2桁の番号付きファイルにマッチし fileA.txt にはマッチしないパターンはどれですか？
u005,12,基本的なファイル管理,基本的なファイル管理:t2,1.0,0.7665509571634991,0.7296603065178571,0.748105631840678,0.9999167618304415,0.8740111968355597,9.005144961448329,0.9276876469650808,-1.0654636245897775,0.0500422196007094,echo {A、B、C}.txt の出力として最も適切なものはどれですか？
u005,13,基本的なファイル管理,基本的なファイル管理:t1,1.0,0.7665509571634991,0.7539076849262578,0.7602293210448785,0.9999528964720602,0.8800911087584693,9.005144961448329,1.0844134734111268,-0.0665097679162885,0.1181070732968249,ファイルのタイムスタンプを更新したり存在しない場合は空のファイルを作成したりするコマンド名を一つ書いてください
u005,14,基本的なファイル管理,基本的なファイル管理:t2,1.0,0.7665509571634991,0.7296603065178571,0.748105631840678,0.9997962666228742,0.8739509492317761,9.005144961448329,0.8333449589648054,-1.1313423711812791,0.05,ディレクトリ dir1 を archive.tar という名前のアーカイブにまとめるコマンドとして最も適切なものはどれですか？
u005,15,基本的なファイル管理,基本的なファイル管理:t2,,0.7665509571634991,0.7296603065178571,0.748105631840678,0.9999734570344287,0.8740395444375534,9.005144961448329,1.079782842889703,-0.7049118100689108,0.0506380305473883,gzip 圧縮されたアーカイブ backup.tar.gz を展開する tar のコマンドを一つ書いてください
u005,16,基本的なファイル管理,基本的なファイル管理:t2,1.0,0.7665509571634991,0.7296603065178571,0.748105631840678,0.999911417731589,0.8740085247861336,9.005144961448329,1.0160959932760532,0.0605333476967584,0.2156358485127576,1MB のゼロデータを10個連結したファイル zero.img を作成したいときに最も適切なコマンドはどれですか？
u005,17,基本的なファイル管理,基本的なファイル管理:t2,,0.7665509571634991,0.7296603065178571,0.748105631840678,0.9999690067304002,0.8740373192855391,9.005144961448329,1.0786539578094183,-0.571869105191423,0.0501239062067503,指定したファイルの種類を判定して表示するコマンド名を一つ書いてください
u005,18,所有者とパーミッション,所有者とパーミッション:t1,1.0,0.38358833816568133,0.6883801807727866,0.535984259469234,0.35829799160138703,0.4471411255353105,-4.282920117413278,0.8838543016855865,0.636567762527371,0.35,ls -l の出力に含まれる r や w や x などの文字は何を表していますか？
u005,19,所有者とパーミッション,所有者とパーミッション:t1,,0.38358833816568133,0.6883801807727866,0.535984259469234,0.15276849585915592,0.34437637766419493,-4.282920117413278,0.7694955224059895,-1.5396692830266308,0.0501462484179849,所有者に読み書きグループとその他に読み取りのみを許可するパーミッションを数字3桁で表したものとして正しいのはどれですか？
u005,20,所有者とパーミッション,所有者とパーミッション:t2,0.0,0.38358833816568133,0.3800303520062624,0.38180934508597186,0.2914761511492488,0.3366427481176103,-4.282920117413278,1.069038527956945,0.2872849447946676,0.2861242148129458,ファイル script.sh に所有者だけ実行権限を追加する chmod の指定を一つ書いてください
u005,21,所有者とパーミッション,所有者とパーミッション:t1,1.0,0.38358833816568133,0.6883801807727866,0.535984259469234,0.10897046616824613,0.32247736281874007,-4.282920117413278,1.023796809032469,-0.1819789265707181,0.0955893152535176,ファイル data.txt の所有者を user1 に変更するコマンドとして正しいものはどれですか？
u005,22,所有者とパーミッション,所有者とパーミッション:t1,,0.38358833816568133,0.6883801807727866,0.535984259469234,0.3558963346162193,0.44594029704272664,-4.282920117413278,0.9971459325822506,0.4014404237768084,0.3498656012445903,ファイル data.txt の所有グループを group1 に変更するコマンドを一つ書いてください
u005,23,所有者とパーミッション,所有者とパーミッション:t2,0.0,0.38358833816568133,0.3800303520062624,0.38180934508597186,0.229558168955514,0.3056837570207429,-4.282920117413278,0.5402809268579795,-1.587165246258202,0.05,ディレクトリ dir1 とその配下の全てのファイルに対して755のパーミッションを設定したいときに最も適切なコマンドはどれですか？
u005,24,所有者とパーミッション,所有者とパーミッション:t2,1.0,0.38358833816568133,0.3800303520062624,0.38180934508597186,0.27046523544723644,0.32613729026660415,-4.282920117413278,1.0229892671149328,0.1354195999745567,0.2625206317911625,umask 022 の意味として最も適切な説明はどれですか？
u005,25,所有者とパーミッション,所有者とパーミッション:t3,0.0,0.38358833816568133,0.5217144422391413,0.4526513902024113,0.26369241911951274,0.35817190466096205,-4.282920117413278,1.0484800831860714,0.1935682699242609,0.2569518859740457,umask が 022 の環境で新しい通常ファイルを作成したときのデフォルトパーミッションを数字3桁で答えてください
u005,26,所有者とパーミッション,所有者とパーミッション:t3,1.0,0.38358833816568133,0.5217144422391413,0.4526513902024113,0.3046670231168399,0.3786592066596256,-4.282920117413278,1.0647402213448909,0.3006301699301119,0.2993861022623606,実行ファイルに SUID ビットが設定されているときの動作として正しいものはどれですか？
u005,27,所有者とパーミッション,所有者とパーミッション:t3,,0.38358833816568133,0.5217144422391413,0.4526513902024113,0.0979009586752728,0.27527617443884206,-4.282920117413278,0.9182890250847582,-1.0802049659467,0.0502593675967861,ディレクトリに SGID ビットが設定されているときの効果として最も適切なものはどれですか？
u005,28,所有者とパーミッション,所有者とパーミッション:t3,0.0,0.38358833816568133,0.5217144422391413,0.4526513902024113,0.16952780075098892,0.3110895954767001,-4.282920117413278,1.0857191106832107,0.0603536444023921,0.1620911607977531,スティッキービットが設定された共有ディレクトリとしてよく使われる /tmp の特徴として正しいものはどれですか？
u005,29,所有者とパーミッション,所有者とパーミッション:t2,0.0,0.38358833816568133,0.3800303520062624,0.38180934508597186,0.11198532044537772,0.2468973327656748,-4.282920117413278,0.8616931297063011,-1.1885448876304008,0.0502666554250788,パーミッション文字列 rwxr-xr-x を数字3桁で表したものを答えてください
u005,30,所有者とパーミッション,所有者とパーミッション:t2,0.0,0.38358833816568133,0.3800303520062624,0.38180934508597186,0.07078305275176963,0.22629619891887076,-4.282920117413278,1.0442899695543686,-0.5639596363118176,0.0516643107287579,/tmp ディレクトリ自体の情報だけを表示しその中身は一覧しないように ls で表示したいときのコマンドを一つ書いてください
u006,1,基本的なファイル管理,基本的なファイル管理:t1,1.0,0.7652868894568225,0.7550925165701544,0.7601897030134885,0.9987993403060219,0.8794945216597552,5.743408814052567,1.1154903812173775,-0.2365575162111993,0.051641198039118,隠しファイルも含めてカレントディレクトリの内容を一覧表示するコマンドはどれですか？
u006,2,基本的なファイル管理,基本的なファイル管理:t1,1.0,0.7652868894568225,0.7550925165701544,0.7601897030134885,0.9964450675453971,0.8783173852794428,5.743408814052567,1.0057893014389907,0.5690377053906269,0.3492400193748236,ファイルの詳細情報付き一覧を表示する ls のオプションとして正しいものはどれですか？
u006,3,基本的なファイル管理,基本的なファイル管理:t1,1.0,0.7652868894568225,0.7550925165701544,0.7601897030134885,0.9985494845791202,0.8793695937963044,5.743408814052567,1.0489017742155973,-0.4354143081768685,0.0519297250964802,現在の作業ディレクトリの絶対パスを表示するコマンドを一つ書いてください
u006,4,基本的なファイル管理,基本的なファイル管理:t1,0.0,0.7652868894568225,0.7550925165701544,0.7601897030134885,0.9991642600779314,0.87967698154571,5.743408814052567,1.0549076376616389,-0.9254401280891048,0.05,ホームディレクトリに移動するコマンドとして最も適切なものはどれですか？
u006,5,基本的なファイル管理,基本的なファイル管理:t1,,0.7652868894568225,0.7550925165701544,0.7601897030134885,0.9918523290390102,0.8760210160262494,5.743408814052567,0.8454804512192905,0.5787404422327526,0.35,dir1 とその中の dir2 を一度に作成したいときに最も適切なコマンドはどれですか？
u006,6,基本的なファイル管理,基本的なファイル管理:t2,1.0,0.7652868894568225,0.6769453236217614,0.7211161065392919,0.9969474466052392,0.8590317765722655,5.743408814052567,1.00510848894146,0.4134932167591427,0.3494454797573572,ディレクトリ A を中身ごと確認無しに削除したいときに最も適切なコマンドはどれですか？
u006,7,基本的なファイル管理,基本的なファイル管理:t2,0.0,0.7652868894568225,0.6769453236217614,0.7211161065392919,0.9991268317364179,0.8601214691378549,5.743408814052567,1.1721079163343606,-0.2212036076794035,0.05,rm コマンドで削除前に確認しながら対話的に削除したいときに付けるオプションはどれですか？
u006,8,基本的なファイル管理,基本的なファイル管理:t1,1.0,0.7652868894568225,0.7550925165701544,0.7601897030134885,0.9982594787656921,0.8792245908895904,5.743408814052567,1.08857668141035,0.097554322776923,0.1857478924744617,ファイル file1 をディレクトリ dir にコピーするコマンドとして正しいものはどれですか？
u006,9,基本的なファイル管理,基本的なファイル管理:t2,1.0,0.7652868894568225,0.6769453236217614,0.7211161065392919,0.9975833754718522,0.859349741005572,5.743408814052567,1.026407237120382,0.2943384619096204,0.3486455001445267,ディレクトリ A をタイムスタンプと権限を保ったままディレクトリ B にコピーしたいときに最も適切なコマンドはどれですか？
u006,10,基本的なファイル管理,基本的なファイル管理:t1,1.0,0.7652868894568225,0.7550925165701544,0.7601897030134885,0.9965176644771032,0.8783536837452959,5.743408814052567,0.9802501128237442,0.413054929247417,0.3492349294404715,ディレクトリ A の中の file.txt をディレクトリ B に移動するコマンドとして正しいものはどれですか？
u006,11,基本的なファイル管理,基本的なファイル管理:t1,1.0,0.7652868894568225,0.7550925165701544,0.7601897030134885,0.9960333412221587,0.8781115221178236,5.743408814052567,0.7698974396962992,-1.3664390211980266,0.0504729411698893,file01.txt や file02.txt など2桁の番号付きファイルにマッチし fileA.txt にはマッチしないパターンはどれですか？
u006,12,基本的なファイル管理,基本的なファイル管理:t2,0.0,0.7652868894568225,0.6769453236217614,0.7211161065392919,0.9982872400450333,0.8597016732921626,5.743408814052567,0.9276876469650808,-1.0654636245897775,0.0500422196007094,echo {A、B、C}.txt の出力として最も適切なものはどれですか？
u006,13,基本的なファイル管理,基本的なファイル管理:t1,,0.7652868894568225,0.7550925165701544,0.7601897030134885,0.9983841151707522,0.8792869090921204,5.743408814052567,1.0844134734111268,-0.0665097679162885,0.1181070732968249,ファイルのタイムスタンプを更新したり存在しない場合は空のファイルを作成したりするコマンド名を一つ書いてください
u006,14,基本的なファイル管理,基本的なファイル管理:t2,0.0,0.7652868894568225,0.6769453236217614,0.7211161065392919,0.996922314626549,0.8590192105829204,5.743408814052567,0.8333449589648054,-1.1313423711812791,0.05,ディレクトリ dir1 を archive.tar という名前のアーカイブにまとめるコマンドとして最も適切なものはどれですか？
u006,15,基本的なファイル管理,基本的なファイル管理:t2,,0.7652868894568225,0.6769453236217614,0.7211161065392919,0.9991023201924445,0.8601092133658682,5.743408814052567,1.079782842889703,-0.7049118100689108,0.0506380305473883,gzip 圧縮されたアーカイブ backup.tar.gz を展開する tar のコマンドを一つ書いてください
u006,16,基本的なファイル管理,基本的なファイル管理:t2,,0.7652868894568225,0.6769453236217614,0.7211161065392919,0.9975711327685629,0.8593436196539275,5.743408814052567,1.0160959932760532,0.0605333476967584,0.2156358485127576,1MB のゼロデータを10個連結したファイル zero.img を作成したいときに最も適切なコマンドはどれですか？
u006,17,基本的なファイル管理,基本的なファイル管理:t2,,0.7652868894568225,0.6769453236217614,0.7211161065392919,0.9989558197361328,0.8600359631377124,5.743408814052567,1.0786539578094183,-0.571869105191423,0.0501239062067503,指定したファイルの種類を判定して表示するコマンド名を一つ書いてください
u006,18,所有者とパーミッション,所有者とパーミッション:t1,,0.3801934961798355,0.4109636408211787,0.3955785685005071,0.3521641042112017,0.3738713363558544,-5.814304162397884,0.8838543016855865,0.636567762527371,0.35,ls -l の出力に含まれる r や w や x などの文字は何を表していますか？
u006,19,所有者とパーミッション,所有者とパーミッション:t1,0.0,0.3801934961798355,0.4109636408211787,0.3955785685005071,0.08428367144917814,0.23993111997484262,-5.814304162397884,0.7694955224059895,-1.5396692830266308,0.0501462484179849,所有者に読み書きグループとその他に読み取りのみを許可するパーミッションを数字3桁で表したものとして正しいのはどれですか？
u006,20,所有者とパーミッション,所有者とパーミッション:t2,0.0,0.3801934961798355,0.3824046018316505,0.38129904900574296,0.2871717151758991,0.33423538209082104,-5.814304162397884,1.069038527956945,0.2872849447946676,0.2861242148129458,ファイル script.sh に所有者だけ実行権限を追加する chmod の指定を一つ書いてください
u006,21,所有者とパーミッション,所有者とパーミッション:t1,0.0,0.3801934961798355,0.4109636408211787,0.3955785685005071,0.09841231680176138,0.24699544265113424,-5.814304162397884,1.023796809032469,-0.1819789265707181,0.0955893152535176,ファイル data.txt の所有者を user1 に変更するコマンドとして正しいものはどれですか？
u006,22,所有者とパーミッション,所有者とパーミッション:t1,0.0,0.3801934961798355,0.4109636408211787,0.3955785685005071,0.3511849566089033,0.37338176255470523,-5.814304162397884,0.9971459325822506,0.4014404237768084,0.3498656012445903,ファイル data.txt の所有グループを group1 に変更するコマンドを一つ書いてください
u006,23,所有者とパーミッション,所有者とパーミッション:t2,,0.3801934961798355,0.3824046018316505,0.38129904900574296,0.13784648599140875,0.25957276749857583,-5.814304162397884,0.5402809268579795,-1.587165246258202,0.05,ディレクトリ dir1 とその配下の全てのファイルに対して755のパーミッションを設定したいときに最も適切なコマンドはどれですか？
u006,24,所有者とパーミッション,所有者とパーミッション:t2,0.0,0.3801934961798355,0.3824046018316505,0.38129904900574296,0.26419337312483027,0.3227462110652866,-5.814304162397884,1.0229892671149328,0.1354195999745567,0.2625206317911625,umask 022 の意味として最も適切な説明はどれですか？
u006,25,所有者とパーミッション,所有者とパーミッション:t3,0.0,0.3801934961798355,0.3546323206430576,0.3674129084114466,0.2583150248039717,0.31286396660770915,-5.814304162397884,1.0484800831860714,0.1935682699242609,0.2569518859740457,umask が 022 の環境で新しい通常ファイルを作成したときのデフォルトパーミッションを数字3桁で答えてください
u006,26,所有者とパーミッション,所有者とパーミッション:t3,0.0,0.3801934961798355,0.3546323206430576,0.3674129084114466,0.30042655324157475,0.33391973082651066,-5.814304162397884,1.0647402213448909,0.3006301699301119,0.2993861022623606,実行ファイルに SUID ビットが設定されているときの動作として正しいものはどれですか？
u006,27,所有者とパーミッション,所有者とパーミッション:t3,1.0,0.3801934961798355,0.3546323206430576,0.3674129084114466,0.062393939334467116,0.21490342387295686,-5.814304162397884,0.9182890250847582,-1.0802049659467,0.0502593675967861,ディレクトリに SGID ビットが設定されているときの効果として最も適切なものはどれですか？
u006,28,所有者とパーミッション,所有者とパーミッション:t3,0.0,0.3801934961798355,0.3546323206430576,0.3674129084114466,0.1635116259251252,0.2654622671682859,-5.814304162397884,1.0857191106832107,0.0603536444023921,0.1620911607977531,スティッキービットが設定された共有ディレクトリとしてよく使われる /tmp の特徴として正しいものはどれですか？
u006,29,所有者とパーミッション,所有者とパーミッション:t2,,0.3801934961798355,0.3824046018316505,0.38129904900574296,0.06758545377069575,0.22444225138821935,-5.814304162397884,0.8616931297063011,-1.1885448876304008,0.0502666554250788,パーミッション文字列 rwxr-xr-x を数字3桁で表したものを答えてください
u006,30,所有者とパーミッション,所有者とパーミッション:t2,0.0,0.3801934961798355,0.3824046018316505,0.38129904900574296,0.05559053297957268,0.21844479099265782,-5.814304162397884,1.0442899695543686,-0.5639596363118176,0.0516643107287579,/tmp ディレクトリ自体の情報だけを表示しその中身は一覧しないように ls で表示したいときのコマンドを一つ書いてください
u007,1,基本的なファイル管理,基本的なファイル管理:t1,1.0,0.5487906433904142,0.40370760128535144,0.4762491223378828,0.5574807026938515,0.5168649125158672,-0.11666821593543036,1.1154903812173775,-0.2365575162111993,0.051641198039118,隠しファイルも含めてカレントディレクトリの内容を一覧表示するコマンドはどれですか？
u007,2,基本的なファイル管理,基本的なファイル管理:t1,,0.5487906433904142,0.40370760128535144,0.4762491223378828,0.5666623283535961,0.5214557253457395,-0.11666821593543036,1.0057893014389907,0.5690377053906269,0.3492400193748236,ファイルの詳細情報付き一覧を表示する ls のオプションとして正しいものはどれですか？
u007,3,基本的なファイル管理,基本的なファイル管理:t1,0.0,0.5487906433904142,0.40370760128535144,0.4762491223378828,0.6044777575347235,0.5403634399363032,-0.11666821593543036,1.0489017742155973,-0.4354143081768685,0.0519297250964802,現在の作業ディレクトリの絶対パスを表示するコマンドを一つ書いてください
u007,4,基本的なファイル管理,基本的なファイル管理:t1,0.0,0.5487906433904142,0.40370760128535144,0.4762491223378828,0.7161720383509527,0.5962105803444178,-0.11666821593543036,1.0549076376616389,-0.9254401280891048,0.05,ホームディレクトリに移動するコマンドとして最も適切なものはどれですか？
u007,5,基本的なファイル管理,基本的なファイル管理:t1,1.0,0.5487906433904142,0.40370760128535144,0.4762491223378828,0.5821178219534127,0.5291834721456478,-0.11666821593543036,0.8454804512192905,0.5787404422327526,0.35,dir1 とその中の dir2 を一度に作成したいときに最も適切なコマンドはどれですか？
u007,6,基本的なファイル管理,基本的なファイル管理:t2,1.0,0.5487906433904142,0.7148524541476615,0.6318215487690378,0.5900516456332825,0.6109365972011602,-0.11666821593543036,1.00510848894146,0.4134932167591427,0.3494454797573572,ディレクトリ A を中身ごと確認無しに削除したいときに最も適切なコマンドはどれですか？
u007,7,基本的なファイル管理,基本的なファイル管理:t2,1.0,0.5487906433904142,0.7148524541476615,0.6318215487690378,0.5540637539316198,0.5929426513503289,-0.11666821593543036,1.1721079163343606,-0.2212036076794035,0.05,rm コマンドで削除前に確認しながら対話的に削除したいときに付けるオプションはどれですか？
u007,8,基本的なファイル管理,基本的なファイル管理:t1,0.0,0.5487906433904142,0.40370760128535144,0.4762491223378828,0.5456174858512213,0.5109333040945521,-0.11666821593543036,1.08857668141035,0.097554322776923,0.1857478924744617,ファイル file1 をディレクトリ dir にコピーするコマンドとして正しいものはどれですか？
u007,9,基本的なファイル管理,基本的なファイル管理:t2,,0.5487906433904142,0.7148524541476615,0.6318215487690378,0.6066285839187395,0.6192250663438887,-0.11666821593543036,1.026407237120382,0.2943384619096204,0.3486455001445267,ディレクトリ A をタイムスタンプと権限を保ったままディレクトリ B にコピーしたいときに最も適切なコマンドはどれですか？
u007,10,基本的なファイル管理,基本的なファイル管理:t1,1.0,0.5487906433904142,0.40370760128535144,0.4762491223378828,0.5919865779635143,0.5341178501506986,-0.11666821593543036,0.9802501128237442,0.413054929247417,0.3492349294404715,ディレクトリ A の中の file.txt をディレクトリ B に移動するコマンドとして正しいものはどれですか？
u007,11,基本的なファイル管理,基本的なファイル管理:t1,0.0,0.5487906433904142,0.40370760128535144,0.4762491223378828,0.737513816650057,0.6068814694939699,-0.11666821593543036,0.7698974396962992,-1.3664390211980266,0.0504729411698893,file01.txt や file02.txt など2桁の番号付きファイルにマッチし fileA.txt にはマッチしないパターンはどれですか？
u007,12,基本的なファイル管理,基本的なファイル管理:t2,0.0,0.5487906433904142,0.7148524541476615,0.6318215487690378,0.7215300581492277,0.6766758034591327,-0.11666821593543036,0.9276876469650808,-1.0654636245897775,0.0500422196007094,echo {A、B、C}.txt の出力として最も適切なものはどれですか？
u007,13,基本的なファイル管理,基本的なファイル管理:t1,1.0,0.5487906433904142,0.40370760128535144,0.4762491223378828,0.5470644028107369,0.5116567625743098,-0.11666821593543036,1.0844134734111268,-0.0665097679162885,0.1181070732968249,ファイルのタイムスタンプを更新したり存在しない場合は空のファイルを作成したりするコマンド名を一つ書いてください
u007,14,基本的なファイル管理,基本的なファイル管理:t2,,0.5487906433904142,0.7148524541476615,0.6318215487690378,0.7146558899274705,0.6732387193482542,-0.11666821593543036,0.8333449589648054,-1.1313423711812791,0.05,ディレクトリ dir1 を archive.tar という名前のアーカイブにまとめるコマンドとして最も適切なものはどれですか？
u007,15,基本的なファイル管理,基本的なファイル管理:t2,1.0,0.5487906433904142,0.7148524541476615,0.6318215487690378,0.6711998997850976,0.6515107242770677,-0.11666821593543036,1.079782842889703,-0.7049118100689108,0.0506380305473883,gzip 圧縮されたアーカイブ backup.tar.gz を展開する tar のコマンドを一つ書いてください
u007,16,基本的なファイル管理,基本的なファイル管理:t2,1.0,0.5487906433904142,0.7148524541476615,0.6318215487690378,0.5726060654724157,0.6022138071207268,-0.11666821593543036,1.0160959932760532,0.0605333476967584,0.2156358485127576,1MB のゼロデータを10個連結したファイル zero.img を作成したいときに最も適切なコマンドはどれですか？
u007,17,基本的なファイル管理,基本的なファイル管理:t2,1.0,0.5487906433904142,0.7148524541476615,0.6318215487690378,0.639372870258406,0.6355972095137219,-0.11666821593543036,1.0786539578094183,-0.571869105191423,0.0501239062067503,指定したファイルの種類を判定して表示するコマンド名を一つ書いてください
u007,18,所有者とパーミッション,所有者とパーミッション:t1,,0.38096554248023146,0.45507908480994164,0.4180223136450866,0.3536610587380204,0.38584168619155346,-5.2168536157838785,0.8838543016855865,0.636567762527371,0.35,ls -l の出力に含まれる r や w や x などの文字は何を表していますか？
u007,19,所有者とパーミッション,所有者とパーミッション:t1,0.0,0.38096554248023146,0.45507908480994164,0.4180223136450866,0.1030974286288378,0.2605598711369622,-5.2168536157838785,0.7694955224059895,-1.5396692830266308,0.0501462484179849,所有者に読み書きグループとその他に読み取りのみを許可するパーミッションを数字3桁で表したものとして正しいのはどれですか？
u007,20,所有者とパーミッション,所有者とパーミッション:t2,0.0,0.38096554248023146,0.38136830887262413,0.3811669256764278,0.28810559449085166,0.3346362600836397,-5.2168536157838785,1.069038527956945,0.2872849447946676,0.2861242148129458,ファイル script.sh に所有者だけ実行権限を追加する chmod の指定を一つ書いてください
u007,21,所有者とパーミッション,所有者とパーミッション:t1,,0.38096554248023146,0.45507908480994164,0.4180223136450866,0.10077986301091085,0.2594010883279987,-5.2168536157838785,1.023796809032469,-0.1819789265707181,0.0955893152535176,ファイル data.txt の所有者を user1 に変更するコマンドとして正しいものはどれですか？
u007,22,所有者とパーミッション,所有者とパーミッション:t1,,0.38096554248023146,0.45507908480994164,0.4180223136450866,0.3522554673208311,0.3851388904829588,-5.2168536157838785,0.9971459325822506,0.4014404237768084,0.3498656012445903,ファイル data.txt の所有グループを group1 に変更するコマンドを一つ書いてください
u007,23,所有者とパーミッション,所有者とパーミッション:t2,0.0,0.38096554248023146,0.38136830887262413,0.3811669256764278,0.16718564201925992,0.27417628384784387,-5.2168536157838785,0.5402809268579795,-1.587165246258202,0.05,ディレクトリ dir1 とその配下の全てのファイルに対して755のパーミッションを設定したいときに最も適切なコマンドはどれですか？
u007,24,所有者とパーミッション,所有者とパーミッション:t2,0.0,0.38096554248023146,0.38136830887262413,0.3811669256764278,0.2655969697373671,0.32338194770689743,-5.2168536157838785,1.0229892671149328,0.1354195999745567,0.2625206317911625,umask 022 の意味として最も適切な説明はどれですか？
u007,25,所有者とパーミッション,所有者とパーミッション:t3,0.0,0.38096554248023146,0.3866181149651371,0.38379182872268425,0.2594981026656997,0.321644965694192,-5.2168536157838785,1.0484800831860714,0.1935682699242609,0.2569518859740457,umask が 022 の環境で新しい通常ファイルを作成したときのデフォルトパーミッションを数字3桁で答えてください
u007,26,所有者とパーミッション,所有者とパーミッション:t3,1.0,0.38096554248023146,0.3866181149651371,0.38379182872268425,0.3013490833998318,0.342570456061258,-5.2168536157838785,1.0647402213448909,0.3006301699301119,0.2993861022623606,実行ファイルに SUID ビットが設定されているときの動作として正しいものはどれですか？
u007,27,所有者とパーミッション,所有者とパーミッション:t3,1.0,0.38096554248023146,0.3866181149651371,0.38379182872268425,0.07106858135030934,0.2274302050364968,-5.2168536157838785,0.9182890250847582,-1.0802049659467,0.0502593675967861,ディレクトリに SGID ビットが設定されているときの効果として最も適切なものはどれですか？
u007,28,所有者とパーミッション,所有者とパーミッション:t3,0.0,0.38096554248023146,0.3866181149651371,0.38379182872268425,0.16480428635257618,0.2742980575376302,-5.2168536157838785,1.0857191106832107,0.0603536444023921,0.1620911607977531,スティッキービットが設定された共有ディレクトリとしてよく使われる /tmp の特徴として正しいものはどれですか？
u007,29,所有者とパーミッション,所有者とパーミッション:t2,1.0,0.38096554248023146,0.38136830887262413,0.3811669256764278,0.07889529944540209,0.23003111256091494,-5.2168536157838785,0.8616931297063011,-1.1885448876304008,0.0502666554250788,パーミッション文字列 rwxr-xr-x を数字3桁で表したものを答えてください
u007,30,所有者とパーミッション,所有者とパーミッション:t2,,0.38096554248023146,0.38136830887262413,0.3811669256764278,0.05896529744133066,0.22006611155887923,-5.2168536157838785,1.0442899695543686,-0.5639596363118176,0.0516643107287579,/tmp ディレクトリ自体の情報だけを表示しその中身は一覧しないように ls で表示したいときのコマンドを一つ書いてください
u008,1,基本的なファイル管理,基本的なファイル管理:t1,0.0,0.7662156517981892,0.6840472130508541,0.7251314324245217,0.9996946057939976,0.8624130191092596,6.971539327616023,1.1154903812173775,-0.2365575162111993,0.051641198039118,隠しファイルも含めてカレントディレクトリの内容を一覧表示するコマンドはどれですか？
u008,2,基本的なファイル管理,基本的なファイル管理:t1,1.0,0.7662156517981892,0.6840472130508541,0.7251314324245217,0.9989623304061355,0.8620468814153286,6.971539327616023,1.0057893014389907,0.5690377053906269,0.3492400193748236,ファイルの詳細情報付き一覧を表示する ls のオプションとして正しいものはどれですか？
u008,3,基本的なファイル管理,基本的なファイル管理:t1,,0.7662156517981892,0.6840472130508541,0.7251314324245217,0.9995995477145021,0.8623654900695119,6.971539327616023,1.0489017742155973,-0.4354143081768685,0.0519297250964802,現在の作業ディレクトリの絶対パスを表示するコマンドを一つ書いてください
u008,4,基本的なファイル管理,基本的なファイル管理:t1,,0.7662156517981892,0.6840472130508541,0.7251314324245217,0.9997710754852999,0.8624512539549107,6.971539327616023,1.0549076376616389,-0.9254401280891048,0.05,ホームディレクトリに移動するコマンドとして最も適切なものはどれですか？
u008,5,基本的なファイル管理,基本的なファイル管理:t1,,0.7662156517981892,0.6840472130508541,0.7251314324245217,0.9970918945240608,0.8611116634742912,6.971539327616023,0.8454804512192905,0.5787404422327526,0.35,dir1 とその中の dir2 を一度に作成したいときに最も適切なコマンドはどれですか？
u008,6,基本的なファイル管理,基本的なファイル管理:t2,1.0,0.7662156517981892,0.7316247409315281,0.7489201963648586,0.999108717359157,0.8740144568620078,6.971539327616023,1.00510848894146,0.4134932167591427,0.3494454797573572,ディレクトリ A を中身ごと確認無しに削除したいときに最も適切なコマンドはどれですか？
u008,7,基本的なファイル管理,基本的なファイル管理:t2,1.0,0.7662156517981892,0.7316247409315281,0.7489201963648586,0.9997928737982863,0.8743565350815725,6.971539327616023,1.1721079163343606,-0.2212036076794035,0.05,rm コマンドで削除前に確認しながら対話的に削除したいときに付けるオプションはどれですか？
u008,8,基本的なファイル管理,基本的なファイル管理:t1,0.0,0.7662156517981892,0.6840472130508541,0.7251314324245217,0.9995421218782586,0.8623367771513901,6.971539327616023,1.08857668141035,0.097554322776923,0.1857478924744617,ファイル file1 をディレクトリ dir にコピーするコマンドとして正しいものはどれですか？
u008,9,基本的なファイル管理,基本的なファイル管理:t2,1.0,0.7662156517981892,0.7316247409315281,0.7489201963648586,0.9993130738026865,0.8741166350837726,6.971539327616023,1.026407237120382,0.2943384619096204,0.3486455001445267,ディレクトリ A をタイムスタンプと権限を保ったままディレクトリ B にコピーしたいときに最も適切なコマンドはどれですか？
u008,10,基本的なファイル管理,基本的なファイル管理:t1,1.0,0.7662156517981892,0.6840472130508541,0.7251314324245217,0.9989512690694413,0.8620413507469815,6.971539327616023,0.9802501128237442,0.413054929247417,0.3492349294404715,ディレクトリ A の中の file.txt をディレクトリ B に移動するコマンドとして正しいものはどれですか？
u008,11,基本的なファイル管理,基本的なファイル管理:t1,0.0,0.7662156517981892,0.6840472130508541,0.7251314324245217,0.9984551180212189,0.8617932752228703,6.971539327616023,0.7698974396962992,-1.3664390211980266,0.0504729411698893,file01.txt や file02.txt など2桁の番号付きファイルにマッチし fileA.txt にはマッチしないパターンはどれですか？
u008,12,基本的なファイル管理,基本的なファイル管理:t2,,0.7662156517981892,0.7316247409315281,0.7489201963648586,0.9994511821683728,0.8741856892666158,6.971539327616023,0.9276876469650808,-1.0654636245897775,0.0500422196007094,echo {A、B、C}.txt の出力として最も適切なものはどれですか？
u008,13,基本的なファイル管理,基本的なファイル管理:t1,,0.7662156517981892,0.6840472130508541,0.7251314324245217,0.9995728282463484,0.8623521303354351,6.971539327616023,1.0844134734111268,-0.0665097679162885,0.1181070732968249,ファイルのタイムスタンプを更新したり存在しない場合は空のファイルを作成したりするコマンド名を一つ書いてください
u008,14,基本的なファイル管理,基本的なファイル管理:t2,1.0,0.7662156517981892,0.7316247409315281,0.7489201963648586,0.9988917312776098,0.8739059638212342,6.971539327616023,0.8333449589648054,-1.1313423711812791,0.05,ディレクトリ dir1 を archive.tar という名前のアーカイブにまとめるコマンドとして最も適切なものはどれですか？
u008,15,基本的なファイル管理,基本的なファイル管理:t2,,0.7662156517981892,0.7316247409315281,0.7489201963648586,0.999761494126947,0.8743408452459028,6.971539327616023,1.079782842889703,-0.7049118100689108,0.0506380305473883,gzip 圧縮されたアーカイブ backup.tar.gz を展開する tar のコマンドを一つ書いてください
u008,16,基本的なファイル管理,基本的なファイル管理:t2,1.0,0.7662156517981892,0.7316247409315281,0.7489201963648586,0.9993011111187039,0.8741106537417813,6.971539327616023,1.0160959932760532,0.0605333476967584,0.2156358485127576,1MB のゼロデータを10個連結したファイル zero.img を作成したいときに最も適切なコマンドはどれですか？
u008,17,基本的なファイル管理,基本的なファイル管理:t2,1.0,0.7662156517981892,0.7316247409315281,0.7489201963648586,0.9997221540243643,0.8743211751946114,6.971539327616023,1.0786539578094183,-0.571869105191423,0.0501239062067503,指定したファイルの種類を判定して表示するコマンド名を一つ書いてください
u008,18,所有者とパーミッション,所有者とパーミッション:t1,1.0,0.38512145266916736,0.5280391200893243,0.45658028637924586,0.3608427632430249,0.4087115248111354,-3.9757904146072973,0.8838543016855865,0.636567762527371,0.35,ls -l の出力に含まれる r や w や x などの文字は何を表していますか？
u008,19,所有者とパーミッション,所有者とパーミッション:t1,0.0,0.38512145266916736,0.5280391200893243,0.45658028637924586,0.17648835810500568,0.31653432224212574,-3.9757904146072973,0.7694955224059895,-1.5396692830266308,0.0501462484179849,所有者に読み書きグループとその他に読み取りのみを許可するパーミッションを数字3桁で表したものとして正しいのはどれですか？
u008,20,所有者とパーミッション,所有者とパーミッション:t2,,0.38512145266916736,0.38392090884875785,0.3845211807589626,0.2935346000022776,0.3390278903806201,-3.9757904146072973,1.069038527956945,0.2872849447946676,0.2861242148129458,ファイル script.sh に所有者だけ実行権限を追加する chmod の指定を一つ書いてください
u008,21,所有者とパーミッション,所有者とパーミッション:t1,,0.38512145266916736,0.5280391200893243,0.45658028637924586,0.11381503192880199,0.28519765915402395,-3.9757904146072973,1.023796809032469,-0.1819789265707181,0.0955893152535176,ファイル data.txt の所有者を user1 に変更するコマンドとして正しいものはどれですか？
u008,22,所有者とパーミッション,所有者とパーミッション:t1,1.0,0.38512145266916736,0.5280391200893243,0.45658028637924586,0.35803016575581653,0.40730522606753117,-3.9757904146072973,0.9971459325822506,0.4014404237768084,0.3498656012445903,ファイル data.txt の所有グループを group1 に変更するコマンドを一つ書いてください
u008,23,所有者とパーミッション,所有者とパーミッション:t2,,0.38512145266916736,0.38392090884875785,0.3845211807589626,0.25497518237123806,0.3197481815651003,-3.9757904146072973,0.5402809268579795,-1.587165246258202,0.05,ディレクトリ dir1 とその配下の全てのファイルに対して755のパーミッションを設定したいときに最も適切なコマンドはどれですか？
u008,24,所有者とパーミッション,所有者とパーミッション:t2,0.0,0.38512145266916736,0.38392090884875785,0.3845211807589626,0.2733549040016503,0.32893804238030644,-3.9757904146072973,1.0229892671149328,0.1354195999745567,0.2625206317911625,umask 022 の意味として最も適切な説明はどれですか？
u008,25,所有者とパーミッション,所有者とパーミッション:t3,1.0,0.38512145266916736,0.4212539528954382,0.40318770278230276,0.26622127966415216,0.33470449122322743,-3.9757904146072973,1.0484800831860714,0.1935682699242609,0.2569518859740457,umask が 022 の環境で新しい通常ファイルを作成したときのデフォルトパーミッションを数字3桁で答えてください
u008,26,所有者とパーミッション,所有者とパーミッション:t3,,0.38512145266916736,0.4212539528954382,0.40318770278230276,0.3066884974127563,0.3549381000975295,-3.9757904146072973,1.0647402213448909,0.3006301699301119,0.2993861022623606,実行ファイルに SUID ビットが設定されているときの動作として正しいものはどれですか？
u008,27,所有者とパーミッション,所有者とパーミッション:t3,0.0,0.38512145266916736,0.4212539528954382,0.40318770278230276,0.11240794344633975,0.25779782311432126,-3.9757904146072973,0.9182890250847582,-1.0802049659467,0.0502593675967861,ディレクトリに SGID ビットが設定されているときの効果として最も適切なものはどれですか？
u008,28,所有者とパーミッション,所有者とパーミッション:t3,0.0,0.38512145266916736,0.4212539528954382,0.40318770278230276,0.172434773401743,0.2878112380920229,-3.9757904146072973,1.0857191106832107,0.0603536444023921,0.1620911607977531,スティッキービットが設定された共有ディレクトリとしてよく使われる /tmp の特徴として正しいものはどれですか？
u008,29,所有者とパーミッション,所有者とパーミッション:t2,0.0,0.38512145266916736,0.38392090884875785,0.3845211807589626,0.12913186946322225,0.2568265251110924,-3.9757904146072973,0.8616931297063011,-1.1885448876304008,0.0502666554250788,パーミッション文字列 rwxr-xr-x を数字3桁で表したものを答えてください
u008,30,所有者とパーミッション,所有者とパーミッション:t2,0.0,0.38512145266916736,0.38392090884875785,0.3845211807589626,0.07781321098890417,0.23116719587393336,-3.9757904146072973,1.0442899695543686,-0.5639596363118176,0.0516643107287579,/tmp ディレクトリ自体の情報だけを表示しその中身は一覧しないように ls で表示したいときのコマンドを一つ書いてください
u009,1,基本的なファイル管理,基本的なファイル管理:t1,0.0,0.3594395101289866,0.3990204411954828,0.3792299756622347,0.059632614663988434,0.21943129516311158,-4.510823499009094,1.1154903812173775,-0.2365575162111993,0.051641198039118,隠しファイルも含めてカレントディレクトリの内容を一覧表示するコマンドはどれですか？
u009,2,基本的なファイル管理,基本的なファイル管理:t1,1.0,0.3594395101289866,0.3990204411954828,0.3792299756622347,0.35314732683923883,0.36618865125073674,-4.510823499009094,1.0057893014389907,0.5690377053906269,0.3492400193748236,ファイルの詳細情報付き一覧を表示する ls のオプションとして正しいものはどれですか？
u009,3,基本的なファイル管理,基本的なファイル管理:t1,0.0,0.3594395101289866,0.3990204411954828,0.3792299756622347,0.06494214750116101,0.22208606158169786,-4.510823499009094,1.0489017742155973,-0.4354143081768685,0.0519297250964802,現在の作業ディレクトリの絶対パスを表示するコマンドを一つ書いてください
u009,4,基本的なファイル管理,基本的なファイル管理:t1,0.0,0.3594395101289866,0.3990204411954828,0.3792299756622347,0.07115122122866005,0.22519059844544737,-4.510823499009094,1.0549076376616389,-0.9254401280891048,0.05,ホームディレクトリに移動するコマンドとして最も適切なものはどれですか？
u009,5,基本的なファイル管理,基本的なファイル管理:t1,,0.3594395101289866,0.3990204411954828,0.3792299756622347,0.3586746936307768,0.3689523346465058,-4.510823499009094,0.8454804512192905,0.5787404422327526,0.35,dir1 とその中の dir2 を一度に作成したいときに最も適切なコマンドはどれですか？
u009,6,基本的なファイル管理,基本的なファイル管理:t2,0.0,0.3594395101289866,0.3088168981162082,0.3341282041225974,0.3540236088683621,0.34407590649547976,-4.510823499009094,1.00510848894146,0.4134932167591427,0.3494454797573572,ディレクトリ A を中身ごと確認無しに削除したいときに最も適切なコマンドはどれですか？
u009,7,基本的なファイル管理,基本的なファイル管理:t2,0.0,0.3594395101289866,0.3088168981162082,0.3341282041225974,0.056184420786534316,0.19515631245456586,-4.510823499009094,1.1721079163343606,-0.2212036076794035,0.05,rm コマンドで削除前に確認しながら対話的に削除したいときに付けるオプションはどれですか？
u009,8,基本的なファイル管理,基本的なファイル管理:t1,1.0,0.3594395101289866,0.3990204411954828,0.3792299756622347,0.19110857904408515,0.28516927735315994,-4.510823499009094,1.08857668141035,0.097554322776923,0.1857478924744617,ファイル file1 をディレクトリ dir にコピーするコマンドとして正しいものはどれですか？
u009,9,基本的なファイル管理,基本的なファイル管理:t2,,0.3594395101289866,0.3088168981162082,0.3341282041225974,0.35330922859936015,0.3437187163609788,-4.510823499009094,1.026407237120382,0.2943384619096204,0.3486455001445267,ディレクトリ A をタイムスタンプと権限を保ったままディレクトリ B にコピーしたいときに最も適切なコマンドはどれですか？
u009,10,基本的なファイル管理,基本的なファイル管理:t1,0.0,0.3594395101289866,0.3990204411954828,0.3792299756622347,0.35440835365244777,0.3668191646573412,-4.510823499009094,0.9802501128237442,0.413054929247417,0.3492349294404715,ディレクトリ A の中の file.txt をディレクトリ B に移動するコマンドとして正しいものはどれですか？
u009,11,基本的なファイル管理,基本的なファイル管理:t1,0.0,0.3594395101289866,0.3990204411954828,0.3792299756622347,0.12795080586477514,0.2535903907635049,-4.510823499009094,0.7698974396962992,-1.3664390211980266,0.0504729411698893,file01.txt や file02.txt など2桁の番号付きファイルにマッチし fileA.txt にはマッチしないパターンはどれですか？
u009,12,基本的なファイル管理,基本的なファイル管理:t2,0.0,0.3594395101289866,0.3088168981162082,0.3341282041225974,0.08738344711826776,0.2107558256204326,-4.510823499009094,0.9276876469650808,-1.0654636245897775,0.0500422196007094,echo {A、B、C}.txt の出力として最も適切なものはどれですか？
u009,13,基本的なファイル管理,基本的なファイル管理:t1,0.0,0.3594395101289866,0.3990204411954828,0.3792299756622347,0.1251678730387766,0.25219892435050567,-4.510823499009094,1.0844134734111268,-0.0665097679162885,0.1181070732968249,ファイルのタイムスタンプを更新したり存在しない場合は空のファイルを作成したりするコマンド名を一つ書いてください
u009,14,基本的なファイル管理,基本的なファイル管理:t2,1.0,0.3594395101289866,0.3088168981162082,0.3341282041225974,0.1036285375765882,0.2188783708495928,-4.510823499009094,0.8333449589648054,-1.1313423711812791,0.05,ディレクトリ dir1 を archive.tar という名前のアーカイブにまとめるコマンドとして最も適切なものはどれですか？
u009,15,基本的なファイル管理,基本的なファイル管理:t2,,0.3594395101289866,0.3088168981162082,0.3341282041225974,0.06597015475476986,0.20004917943868364,-4.510823499009094,1.079782842889703,-0.7049118100689108,0.0506380305473883,gzip 圧縮されたアーカイブ backup.tar.gz を展開する tar のコマンドを一つ書いてください
u009,16,基本的なファイル管理,基本的なファイル管理:t2,,0.3594395101289866,0.3088168981162082,0.3341282041225974,0.22310194099691907,0.27861507255975826,-4.510823499009094,1.0160959932760532,0.0605333476967584,0.2156358485127576,1MB のゼロデータを10個連結したファイル zero.img を作成したいときに最も適切なコマンドはどれですか？
u009,17,基本的なファイル管理,基本的なファイル管理:t2,1.0,0.3594395101289866,0.3088168981162082,0.3341282041225974,0.06349883566534334,0.1988135198939704,-4.510823499009094,1.0786539578094183,-0.571869105191423,0.0501239062067503,指定したファイルの種類を判定して表示するコマンド名を一つ書いてください
u009,18,所有者とパーミッション,所有者とパーミッション:t1,0.0,0.6640182372696498,0.44721773811895377,0.5556179876943018,0.8615960579698774,0.7086070228320895,2.115724266297122,0.8838543016855865,0.636567762527371,0.35,ls -l の出力に含まれる r や w や x などの文字は何を表していますか？
u009,19,所有者とパーミッション,所有者とパーミッション:t1,0.0,0.6640182372696498,0.44721773811895377,0.5556179876943018,0.946204163311177,0.7509110755027394,2.115724266297122,0.7694955224059895,-1.5396692830266308,0.0501462484179849,所有者に読み書きグループとその他に読み取りのみを許可するパーミッションを数字3桁で表したものとして正しいのはどれですか？
u009,20,所有者とパーミッション,所有者とパーミッション:t2,1.0,0.6640182372696498,0.6833998628812917,0.6737090500754708,0.9114474150536653,0.792578232564568,2.115724266297122,1.069038527956945,0.2872849447946676,0.2861242148129458,ファイル script.sh に所有者だけ実行権限を追加する chmod の指定を一つ書いてください
u009,21,所有者とパーミッション,所有者とパーミッション:t1,1.0,0.6640182372696498,0.44721773811895377,0.5556179876943018,0.9214277948998382,0.73852289129707,2.115724266297122,1.023796809032469,-0.1819789265707181,0.0955893152535176,ファイル data.txt の所有者を user1 に変更するコマンドとして正しいものはどれですか？
u009,22,所有者とパーミッション,所有者とパーミッション:t1,,0.6640182372696498,0.44721773811895377,0.5556179876943018,0.9003716482834966,0.7279948179888992,2.115724266297122,0.9971459325822506,0.4014404237768084,0.3498656012445903,ファイル data.txt の所有グループを group1 に変更するコマンドを一つ書いてください
u009,23,所有者とパーミッション,所有者とパーミッション:t2,0.0,0.6640182372696498,0.6833998628812917,0.6737090500754708,0.8868171143656735,0.7802630822205721,2.115724266297122,0.5402809268579795,-1.587165246258202,0.05,ディレクトリ dir1 とその配下の全てのファイルに対して755のパーミッションを設定したいときに最も適切なコマンドはどれですか？
u009,24,所有者とパーミッション,所有者とパーミッション:t2,,0.6640182372696498,0.6833998628812917,0.6737090500754708,0.9140707789623409,0.7938899145189058,2.115724266297122,1.0229892671149328,0.1354195999745567,0.2625206317911625,umask 022 の意味として最も適切な説明はどれですか？
u009,25,所有者とパーミッション,所有者とパーミッション:t3,1.0,0.6640182372696498,0.6516337765339849,0.6578260069018174,0.9126164504608032,0.7852212286813103,2.115724266297122,1.0484800831860714,0.1935682699242609,0.2569518859740457,umask が 022 の環境で新しい通常ファイルを作成したときのデフォルトパーミッションを数字3桁で答えてください
u009,26,所有者とパーミッション,所有者とパーミッション:t3,1.0,0.6640182372696498,0.6516337765339849,0.6578260069018174,0.9113984951526071,0.7846122510272122,2.115724266297122,1.0647402213448909,0.3006301699301119,0.2993861022623606,実行ファイルに SUID ビットが設定されているときの動作として正しいものはどれですか？
u009,27,所有者とパーミッション,所有者とパーミッション:t3,0.0,0.6640182372696498,0.6516337765339849,0.6578260069018174,0.9520756337828162,0.8049508203423168,2.115724266297122,0.9182890250847582,-1.0802049659467,0.0502593675967861,ディレクトリに SGID ビットが設定されているときの効果として最も適切なものはどれですか？
u009,28,所有者とパーミッション,所有者とパーミッション:t3,,0.6640182372696498,0.6516337765339849,0.6578260069018174,0.9187627296208214,0.7882943682613194,2.115724266297122,1.0857191106832107,0.0603536444023921,0.1620911607977531,スティッキービットが設定された共有ディレクトリとしてよく使われる /tmp の特徴として正しいものはどれですか？
u009,29,所有者とパーミッション,所有者とパーミッション:t2,,0.6640182372696498,0.6833998628812917,0.6737090500754708,0.9479329475429459,0.8108209988092083,2.115724266297122,0.8616931297063011,-1.1885448876304008,0.0502666554250788,パーミッション文字列 rwxr-xr-x を数字3桁で表したものを答えてください
u009,30,所有者とパーミッション,所有者とパーミッション:t2,1.0,0.6640182372696498,0.6833998628812917,0.6737090500754708,0.9455536935346387,0.8096313718050547,2.115724266297122,1.0442899695543686,-0.5639596363118176,0.0516643107287579,/tmp ディレクトリ自体の情報だけを表示しその中身は一覧しないように ls で表示したいときのコマンドを一つ書いてください
u010,1,基本的なファイル管理,基本的なファイル管理:t1,1.0,0.7665195018726726,0.7565457474533548,0.7615326246630136,0.9999457649815722,0.8807391948222929,8.521119260753382,1.1154903812173775,-0.2365575162111993,0.051641198039118,隠しファイルも含めてカレントディレクトリの内容を一覧表示するコマンドはどれですか？
u010,2,基本的なファイル管理,基本的なファイル管理:t1,1.0,0.7665195018726726,0.7565457474533548,0.7615326246630136,0.9997813567143046,0.8806569906886591,8.521119260753382,1.0057893014389907,0.5690377053906269,0.3492400193748236,ファイルの詳細情報付き一覧を表示する ls のオプションとして正しいものはどれですか？
u010,3,基本的なファイル管理,基本的なファイル管理:t1,,0.7665195018726726,0.7565457474533548,0.7615326246630136,0.9999211476763664,0.88072688616969,8.521119260753382,1.0489017742155973,-0.4354143081768685,0.0519297250964802,現在の作業ディレクトリの絶対パスを表示するコマンドを一つ書いてください
u010,4,基本的なファイル管理,基本的なファイル管理:t1,1.0,0.7665195018726726,0.7565457474533548,0.7615326246630136,0.9999553469501657,0.8807439858065897,8.521119260753382,1.0549076376616389,-0.9254401280891048,0.05,ホームディレクトリに移動するコマンドとして最も適切なものはどれですか？
u010,5,基本的なファイル管理,基本的なファイル管理:t1,1.0,0.7665195018726726,0.7565457474533548,0.7615326246630136,0.9992128727574568,0.8803727487102353,8.521119260753382,0.8454804512192905,0.5787404422327526,0.35,dir1 とその中の dir2 を一度に作成したいときに最も適切なコマンドはどれですか？
u010,6,基本的なファイル管理,基本的なファイル管理:t2,,0.7665195018726726,0.6490099944121624,0.7077647481424175,0.9998120365264304,0.8537883923344239,8.521119260753382,1.00510848894146,0.4134932167591427,0.3494454797573572,ディレクトリ A を中身ごと確認無しに削除したいときに最も適切なコマンドはどれですか？
u010,7,基本的なファイル管理,基本的なファイル管理:t2,1.0,0.7665195018726726,0.6490099944121624,0.7077647481424175,0.999966308824202,0.8538655284833098,8.521119260753382,1.1721079163343606,-0.2212036076794035,0.05,rm コマンドで削除前に確認しながら対話的に削除したいときに付けるオプションはどれですか？
u010,8,基本的なファイル管理,基本的なファイル管理:t1,1.0,0.7665195018726726,0.7565457474533548,0.7615326246630136,0.9999152059985307,0.8807239153307722,8.521119260753382,1.08857668141035,0.097554322776923,0.1857478924744617,ファイル file1 をディレクトリ dir にコピーするコマンドとして正しいものはどれですか？
u010,9,基本的なファイル管理,基本的なファイル管理:t2,1.0,0.7665195018726726,0.6490099944121624,0.7077647481424175,0.9998598705258162,0.8538123093341168,8.521119260753382,1.026407237120382,0.2943384619096204,0.3486455001445267,ディレクトリ A をタイムスタンプと権限を保ったままディレクトリ B にコピーしたいときに最も適切なコマンドはどれですか？
u010,10,基本的なファイル管理,基本的なファイル管理:t1,1.0,0.7665195018726726,0.7565457474533548,0.7615326246630136,0.9997701056914087,0.8806513651772112,8.521119260753382,0.9802501128237442,0.413054929247417,0.3492349294404715,ディレクトリ A の中の file.txt をディレクトリ B に移動するコマンドとして正しいものはどれですか？
u010,11,基本的なファイル管理,基本的なファイル管理:t1,0.0,0.7665195018726726,0.7565457474533548,0.7615326246630136,0.9995308984162291,0.8805317615396213,8.521119260753382,0.7698974396962992,-1.3664390211980266,0.0504729411698893,file01.txt や file02.txt など2桁の番号付きファイルにマッチし fileA.txt にはマッチしないパターンはどれですか？
u010,12,基本的なファイル管理,基本的なファイル管理:t2,0.0,0.7665195018726726,0.6490099944121624,0.7077647481424175,0.9998695903026805,0.853817169222549,8.521119260753382,0.9276876469650808,-1.0654636245897775,0.0500422196007094,echo {A、B、C}.txt の出力として最も適切なものはどれですか？
u010,13,基本的なファイル管理,基本的なファイル管理:t1,1.0,0.7665195018726726,0.7565457474533548,0.7615326246630136,0.9999203855964836,0.8807265051297486,8.521119260753382,1.0844134734111268,-0.0665097679162885,0.1181070732968249,ファイルのタイムスタンプを更新したり存在しない場合は空のファイルを作成したりするコマンド名を一つ書いてください
u010,14,基本的なファイル管理,基本的なファイル管理:t2,0.0,0.7665195018726726,0.6490099944121624,0.7077647481424175,0.9996950749539509,0.8537299115481842,8.521119260753382,0.8333449589648054,-1.1313423711812791,0.05,ディレクトリ dir1 を archive.tar という名前のアーカイブにまとめるコマンドとして最も適切なものはどれですか？
u010,15,基本的なファイル管理,基本的なファイル管理:t2,1.0,0.7665195018726726,0.6490099944121624,0.7077647481424175,0.9999552367174886,0.853859992429953,8.521119260753382,1.079782842889703,-0.7049118100689108,0.0506380305473883,gzip 圧縮されたアーカイブ backup.tar.gz を展開する tar のコマンドを一つ書いてください
u010,16,基本的なファイル管理,基本的なファイル管理:t2,,0.7665195018726726,0.6490099944121624,0.7077647481424175,0.9998551532135542,0.8538099506779859,8.521119260753382,1.0160959932760532,0.0605333476967584,0.2156358485127576,1MB のゼロデータを10個連結したファイル zero.img を作成したいときに最も適切なコマンドはどれですか？
u010,17,基本的なファイル管理,基本的なファイル管理:t2,,0.7665195018726726,0.6490099944121624,0.7077647481424175,0.9999477602374112,0.8538562541899144,8.521119260753382,1.0786539578094183,-0.571869105191423,0.0501239062067503,指定したファイルの種類を判定して表示するコマンド名を一つ書いてください
u010,18,所有者とパーミッション,所有者とパーミッション:t1,0.0,0.6603281178779629,0.5926932465731579,0.6265106822255604,0.8501864092739778,0.7383485457497692,2.0005810986798847,0.8838543016855865,0.636567762527371,0.35,ls -l の出力に含まれる r や w や x などの文字は何を表していますか？
u010,19,所有者とパーミッション,所有者とパーミッション:t1,1.0,0.6603281178779629,0.5926932465731579,0.6265106822255604,0.9415270142310443,0.7840188482283024,2.0005810986798847,0.7694955224059895,-1.5396692830266308,0.0501462484179849,所有者に読み書きグループとその他に読み取りのみを許可するパーミッションを数字3桁で表したものとして正しいのはどれですか？
u010,20,所有者とパーミッション,所有者とパーミッション:t2,1.0,0.6603281178779629,0.39938130911604885,0.5298547134970059,0.9014493010975451,0.7156520072972754,2.0005810986798847,1.069038527956945,0.2872849447946676,0.2861242148129458,ファイル script.sh に所有者だけ実行権限を追加する chmod の指定を一つ書いてください
u010,21,所有者とパーミッション,所有者とパーミッション:t1,1.0,0.6603281178779629,0.5926932465731579,0.6265106822255604,0.9125479633990503,0.7695293228123053,2.0005810986798847,1.023796809032469,-0.1819789265707181,0.0955893152535176,ファイル data.txt の所有者を user1 に変更するコマンドとして正しいものはどれですか？
u010,22,所有者とパーミッション,所有者とパーミッション:t1,,0.6603281178779629,0.5926932465731579,0.6265106822255604,0.890295689259127,0.7584031857423437,2.0005810986798847,0.9971459325822506,0.4014404237768084,0.3498656012445903,ファイル data.txt の所有グループを group1 に変更するコマンドを一つ書いてください
u010,23,所有者とパーミッション,所有者とパーミッション:t2,0.0,0.6603281178779629,0.39938130911604885,0.5298547134970059,0.8804664996127639,0.7051606065548849,2.0005810986798847,0.5402809268579795,-1.587165246258202,0.05,ディレクトリ dir1 とその配下の全てのファイルに対して755のパーミッションを設定したいときに最も適切なコマンドはどれですか？
u010,24,所有者とパーミッション,所有者とパーミッション:t2,0.0,0.6603281178779629,0.39938130911604885,0.5298547134970059,0.9047167908184954,0.7172857521577507,2.0005810986798847,1.0229892671149328,0.1354195999745567,0.2625206317911625,umask 022 の意味として最も適切な説明はどれですか？
u010,25,所有者とパーミッション,所有者とパーミッション:t3,1.0,0.6603281178779629,0.6669403195237953,0.663634218700879,0.9028695365573409,0.78325187762911,2.0005810986798847,1.0484800831860714,0.1935682699242609,0.2569518859740457,umask が 022 の環境で新しい通常ファイルを作成したときのデフォルトパーミッションを数字3桁で答えてください
u010,26,所有者とパーミッション,所有者とパーミッション:t3,1.0,0.6603281178779629,0.6669403195237953,0.663634218700879,0.9014674934622808,0.7825508560815799,2.0005810986798847,1.0647402213448909,0.3006301699301119,0.2993861022623606,実行ファイルに SUID ビットが設定されているときの動作として正しいものはどれですか？
u010,27,所有者とパーミッション,所有者とパーミッション:t3,1.0,0.6603281178779629,0.6669403195237953,0.663634218700879,0.9470288807982377,0.8053315497495583,2.0005810986798847,0.9182890250847582,-1.0802049659467,0.0502593675967861,ディレクトリに SGID ビットが設定されているときの効果として最も適切なものはどれですか？
u010,28,所有者とパーミッション,所有者とパーミッション:t3,1.0,0.6603281178779629,0.6669403195237953,0.663634218700879,0.9091182328765385,0.7863762257887088,2.0005810986798847,1.0857191106832107,0.0603536444023921,0.1620911607977531,スティッキービットが設定された共有ディレクトリとしてよく使われる /tmp の特徴として正しいものはどれですか？
u010,29,所有者とパーミッション,所有者とパーミッション:t2,1.0,0.6603281178779629,0.39938130911604885,0.5298547134970059,0.9428289120934606,0.7363418127952333,2.0005810986798847,0.8616931297063011,-1.1885448876304008,0.0502666554250788,パーミッション文字列 rwxr-xr-x を数字3桁で表したものを答えてください
u010,30,所有者とパーミッション,所有者とパーミッション:t2,0.0,0.6603281178779629,0.39938130911604885,0.5298547134970059,0.9390442000726688,0.7344494567848373,2.0005810986798847,1.0442899695543686,-0.5639596363118176,0.0516643107287579,/tmp ディレクトリ自体の情報だけを表示しその中身は一覧しないように ls で表示したいときのコマンドを一つ書いてください
u011,1,基本的なファイル管理,基本的なファイル管理:t1,,0.35704966581642195,0.36451341470433773,0.36078154026037984,0.05504433207378065,0.20791293616708023,-5.2804748165614654,1.1154903812173775,-0.2365575162111993,0.051641198039118,隠しファイルも含めてカレントディレクトリの内容を一覧表示するコマンドはどれですか？
u011,2,基本的なファイル管理,基本的なファイル管理:t1,1.0,0.35704966581642195,0.36451341470433773,0.36078154026037984,0.3510475873410871,0.3559145638007335,-5.2804748165614654,1.0057893014389907,0.5690377053906269,0.3492400193748236,ファイルの詳細情報付き一覧を表示する ls のオプションとして正しいものはどれですか？
u011,3,基本的なファイル管理,基本的なファイル管理:t1,0.0,0.35704966581642195,0.36451341470433773,0.36078154026037984,0.05777859068104925,0.20928006547071454,-5.2804748165614654,1.0489017742155973,-0.4354143081768685,0.0519297250964802,現在の作業ディレクトリの絶対パスを表示するコマンドを一つ書いてください
u011,4,基本的なファイル管理,基本的なファイル管理:t1,0.0,0.35704966581642195,0.36451341470433773,0.36078154026037984,0.05950903770815703,0.21014528898426843,-5.2804748165614654,1.0549076376616389,-0.9254401280891048,0.05,ホームディレクトリに移動するコマンドとして最も適切なものはどれですか？
u011,5,基本的なファイル管理,基本的なファイル管理:t1,0.0,0.35704966581642195,0.36451341470433773,0.36078154026037984,0.3545543781633482,0.357667959211864,-5.2804748165614654,0.8454804512192905,0.5787404422327526,0.35,dir1 とその中の dir2 を一度に作成したいときに最も適切なコマンドはどれですか？
u011,6,基本的なファイル管理,基本的なファイル管理:t2,,0.35704966581642195,0.3111689640612895,0.33410931493885576,0.35156566853415977,0.3428374917365078,-5.2804748165614654,1.00510848894146,0.4134932167591427,0.3494454797573572,ディレクトリ A を中身ごと確認無しに削除したいときに最も適切なコマンドはどれですか？
u011,7,基本的なファイル管理,基本的なファイル管理:t2,0.0,0.35704966581642195,0.3111689640612895,0.33410931493885576,0.05251883181025693,0.19331407337455636,-5.2804748165614654,1.1721079163343606,-0.2212036076794035,0.05,rm コマンドで削除前に確認しながら対話的に削除したいときに付けるオプションはどれですか？
u011,8,基本的なファイル管理,基本的なファイル管理:t1,1.0,0.35704966581642195,0.36451341470433773,0.36078154026037984,0.1880758930066458,0.2744287166335128,-5.2804748165614654,1.08857668141035,0.097554322776923,0.1857478924744617,ファイル file1 をディレクトリ dir にコピーするコマンドとして正しいものはどれですか？
u011,9,基本的なファイル管理,基本的なファイル管理:t2,1.0,0.35704966581642195,0.3111689640612895,0.33410931493885576,0.35077047002144557,0.34243989248015066,-5.2804748165614654,1.026407237120382,0.2943384619096204,0.3486455001445267,ディレクトリ A をタイムスタンプと権限を保ったままディレクトリ B にコピーしたいときに最も適切なコマンドはどれですか？
u011,10,基本的なファイル管理,基本的なファイル管理:t1,1.0,0.35704966581642195,0.36451341470433773,0.36078154026037984,0.3516781183794984,0.35622982931993913,-5.2804748165614654,0.9802501128237442,0.413054929247417,0.3492349294404715,ディレクトリ A の中の file.txt をディレクトリ B に移動するコマンドとして正しいものはどれですか？
u011,11,基本的なファイル管理,基本的なファイル管理:t1,0.0,0.35704966581642195,0.36451341470433773,0.36078154026037984,0.09493349178691815,0.227857516023649,-5.2804748165614654,0.7698974396962992,-1.3664390211980266,0.0504729411698893,file01.txt や file02.txt など2桁の番号付きファイルにマッチし fileA.txt にはマッチしないパターンはどれですか？
u011,12,基本的なファイル管理,基本的なファイル管理:t2,0.0,0.35704966581642195,0.3111689640612895,0.33410931493885576,0.06870190982463352,0.20140561238174465,-5.2804748165614654,0.9276876469650808,-1.0654636245897775,0.0500422196007094,echo {A、B、C}.txt の出力として最も適切なものはどれですか？
u011,13,基本的なファイル管理,基本的なファイル管理:t1,,0.35704966581642195,0.36451341470433773,0.36078154026037984,0.12118568785723736,0.2409836140588086,-5.2804748165614654,1.0844134734111268,-0.0665097679162885,0.1181070732968249,ファイルのタイムスタンプを更新したり存在しない場合は空のファイルを作成したりするコマンド名を一つ書いてください
u011,14,基本的なファイル管理,基本的なファイル管理:t2,,0.35704966581642195,0.3111689640612895,0.33410931493885576,0.07901421815275776,0.20656176654580677,-5.2804748165614654,0.8333449589648054,-1.1313423711812791,0.05,ディレクトリ dir1 を archive.tar という名前のアーカイブにまとめるコマンドとして最も適切なものはどれですか？
u011,15,基本的なファイル管理,基本的なファイル管理:t2,0.0,0.35704966581642195,0.3111689640612895,0.33410931493885576,0.0573779700881935,0.19574364251352463,-5.2804748165614654,1.079782842889703,-0.7049118100689108,0.0506380305473883,gzip 圧縮されたアーカイブ backup.tar.gz を展開する tar のコマンドを一つ書いてください
u011,16,基本的なファイル管理,基本的なファイル管理:t2,1.0,0.35704966581642195,0.3111689640612895,0.33410931493885576,0.21906910651595918,0.2765892107274075,-5.2804748165614654,1.0160959932760532,0.0605333476967584,0.2156358485127576,1MB のゼロデータを10個連結したファイル zero.img を作成したいときに最も適切なコマンドはどれですか？
u011,17,基本的なファイル管理,基本的なファイル管理:t2,0.0,0.35704966581642195,0.3111689640612895,0.33410931493885576,0.056001622266889976,0.19505546860287287,-5.2804748165614654,1.0786539578094183,-0.571869105191423,0.0501239062067503,指定したファイルの種類を判定して表示するコマンド名を一つ書いてください
u011,18,所有者とパーミッション,所有者とパーミッション:t1,,0.42423892215394804,0.5414565202297802,0.48284772119186414,0.4172264645558398,0.45003709287385196,-1.8069703546098592,0.8838543016855865,0.636567762527371,0.35,ls -l の出力に含まれる r や w や x などの文字は何を表していますか？
u011,19,所有者とパーミッション,所有者とパーミッション:t1,0.0,0.42423892215394804,0.5414565202297802,0.48284772119186414,0.47640146301179187,0.479624592101828,-1.8069703546098592,0.7694955224059895,-1.5396692830266308,0.0501462484179849,所有者に読み書きグループとその他に読み取りのみを許可するパーミッションを数字3桁で表したものとして正しいのはどれですか？
u011,20,所有者とパーミッション,所有者とパーミッション:t2,1.0,0.42423892215394804,0.40194366572950957,0.41309129394172883,0.3548822282940108,0.3839867611178698,-1.8069703546098592,1.069038527956945,0.2872849447946676,0.2861242148129458,ファイル script.sh に所有者だけ実行権限を追加する chmod の指定を一つ書いてください
u011,21,所有者とパーミッション,所有者とパーミッション:t1,1.0,0.42423892215394804,0.5414565202297802,0.48284772119186414,0.2396358523250832,0.3612417867584737,-1.8069703546098592,1.023796809032469,-0.1819789265707181,0.0955893152535176,ファイル data.txt の所有者を user1 に変更するコマンドとして正しいものはどれですか？
u011,22,所有者とパーミッション,所有者とパーミッション:t1,1.0,0.42423892215394804,0.5414565202297802,0.48284772119186414,0.41459386964831707,0.4487207954200906,-1.8069703546098592,0.9971459325822506,0.4014404237768084,0.3498656012445903,ファイル data.txt の所有グループを group1 に変更するコマンドを一つ書いてください
u011,23,所有者とパーミッション,所有者とパーミッション:t2,0.0,0.42423892215394804,0.40194366572950957,0.41309129394172883,0.496828430539893,0.4549598622408109,-1.8069703546098592,0.5402809268579795,-1.587165246258202,0.05,ディレクトリ dir1 とその配下の全てのファイルに対して755のパーミッションを設定したいときに最も適切なコマンドはどれですか？
u011,24,所有者とパーミッション,所有者とパーミッション:t2,0.0,0.42423892215394804,0.40194366572950957,0.41309129394172883,0.35143847207209566,0.38226488300691225,-1.8069703546098592,1.0229892671149328,0.1354195999745567,0.2625206317911625,umask 022 の意味として最も適切な説明はどれですか？
u011,25,所有者とパーミッション,所有者とパーミッション:t3,1.0,0.42423892215394804,0.46976305726527484,0.44700098970961144,0.3381949985509563,0.39259799413028384,-1.8069703546098592,1.0484800831860714,0.1935682699242609,0.2569518859740457,umask が 022 の環境で新しい通常ファイルを作成したときのデフォルトパーミッションを数字3桁で答えてください
u011,26,所有者とパーミッション,所有者とパーミッション:t3,0.0,0.42423892215394804,0.46976305726527484,0.44700098970961144,0.3665498878965934,0.4067754388031024,-1.8069703546098592,1.0647402213448909,0.3006301699301119,0.2993861022623606,実行ファイルに SUID ビットが設定されているときの動作として正しいものはどれですか？
u011,27,所有者とパーミッション,所有者とパーミッション:t3,0.0,0.42423892215394804,0.46976305726527484,0.44700098970961144,0.3723008385843221,0.40965091414696675,-1.8069703546098592,0.9182890250847582,-1.0802049659467,0.0502593675967861,ディレクトリに SGID ビットが設定されているときの効果として最も適切なものはどれですか？
u011,28,所有者とパーミッション,所有者とパーミッション:t3,1.0,0.42423892215394804,0.46976305726527484,0.44700098970961144,0.25958778267385346,0.3532943861917325,-1.8069703546098592,1.0857191106832107,0.0603536444023921,0.1620911607977531,スティッキービットが設定された共有ディレクトリとしてよく使われる /tmp の特徴として正しいものはどれですか？
u011,29,所有者とパーミッション,所有者とパーミッション:t2,0.0,0.42423892215394804,0.40194366572950957,0.41309129394172883,0.4015183153296187,0.40730480463567376,-1.8069703546098592,0.8616931297063011,-1.1885448876304008,0.0502666554250788,パーミッション文字列 rwxr-xr-x を数字3桁で表したものを答えてください
u011,30,所有者とパーミッション,所有者とパーミッション:t2,1.0,0.42423892215394804,0.40194366572950957,0.41309129394172883,0.25507386265384024,0.33408257829778454,-1.8069703546098592,1.0442899695543686,-0.5639596363118176,0.0516643107287579,/tmp ディレクトリ自体の情報だけを表示しその中身は一覧しないように ls で表示したいときのコマンドを一つ書いてください
u012,1,基本的なファイル管理,基本的なファイル管理:t1,,0.3626340727114059,0.46119444748649263,0.41191426009894927,0.0662427771279809,0.23907851861346507,-3.9641439321336764,1.1154903812173775,-0.2365575162111993,0.051641198039118,隠しファイルも含めてカレントディレクトリの内容を一覧表示するコマンドはどれですか？
u012,2,基本的なファイル管理,基本的なファイル管理:t1,1.0,0.3626340727114059,0.46119444748649263,0.41191426009894927,0.3559816486576599,0.3839479543783046,-3.9641439321336764,1.0057893014389907,0.5690377053906269,0.3492400193748236,ファイルの詳細情報付き一覧を表示する ls のオプションとして正しいものはどれですか？
u012,3,基本的なファイル管理,基本的なファイル管理:t1,1.0,0.3626340727114059,0.46119444748649263,0.41191426009894927,0.07477504190345387,0.24334465100120156,-3.9641439321336764,1.0489017742155973,-0.4354143081768685,0.0519297250964802,現在の作業ディレクトリの絶対パスを表示するコマンドを一つ書いてください
u012,4,基本的なファイル管理,基本的なファイル管理:t1,0.0,0.3626340727114059,0.46119444748649263,0.41191426009894927,0.08700946398276002,0.24946186204085463,-3.9641439321336764,1.0549076376616389,-0.9254401280891048,0.05,ホームディレクトリに移動するコマンドとして最も適切なものはどれですか？
u012,5,基本的なファイル管理,基本的なファイル管理:t1,1.0,0.3626340727114059,0.46119444748649263,0.41191426009894927,0.363664563948934,0.3877894120239416,-3.9641439321336764,0.8454804512192905,0.5787404422327526,0.35,dir1 とその中の dir2 を一度に作成したいときに最も適切なコマンドはどれですか？
u012,6,基本的なファイル管理,基本的なファイル管理:t2,0.0,0.3626340727114059,0.3419718308898695,0.3523029518006377,0.3573356859343823,0.35481931886751,-3.9641439321336764,1.00510848894146,0.4134932167591427,0.3494454797573572,ディレクトリ A を中身ごと確認無しに削除したいときに最も適切なコマンドはどれですか？
u012,7,基本的なファイル管理,基本的なファイル管理:t2,,0.3626340727114059,0.3419718308898695,0.3523029518006377,0.06166942677714071,0.2069861892888892,-3.9641439321336764,1.1721079163343606,-0.2212036076794035,0.05,rm コマンドで削除前に確認しながら対話的に削除したいときに付けるオプションはどれですか？
u012,8,基本的なファイル管理,基本的なファイル管理:t1,1.0,0.3626340727114059,0.46119444748649263,0.41191426009894927,0.1954162176446691,0.3036652388718092,-3.9641439321336764,1.08857668141035,0.097554322776923,0.1857478924744617,ファイル file1 をディレクトリ dir にコピーするコマンドとして正しいものはどれですか？
u012,9,基本的なファイル管理,基本的なファイル管理:t2,1.0,0.3626340727114059,0.3419718308898695,0.3523029518006377,0.3567754659090062,0.35453920885482193,-3.9641439321336764,1.026407237120382,0.2943384619096204,0.3486455001445267,ディレクトリ A をタイムスタンプと権限を保ったままディレクトリ B にコピーしたいときに最も適切なコマンドはどれですか？
u012,10,基本的なファイル管理,基本的なファイル管理:t1,,0.3626340727114059,0.46119444748649263,0.41191426009894927,0.3580265344866575,0.38497039729280336,-3.9641439321336764,0.9802501128237442,0.413054929247417,0.3492349294404715,ディレクトリ A の中の file.txt をディレクトリ B に移動するコマンドとして正しいものはどれですか？
u012,11,基本的なファイル管理,基本的なファイル管理:t1,0.0,0.3626340727114059,0.46119444748649263,0.41191426009894927,0.1636626948774674,0.28778847748820835,-3.9641439321336764,0.7698974396962992,-1.3664390211980266,0.0504729411698893,file01.txt や file02.txt など2桁の番号付きファイルにマッチし fileA.txt にはマッチしないパターンはどれですか？
u012,12,基本的なファイル管理,基本的なファイル管理:t2,0.0,0.3626340727114059,0.3419718308898695,0.3523029518006377,0.11047986785015904,0.23139140982539835,-3.9641439321336764,0.9276876469650808,-1.0654636245897775,0.0500422196007094,echo {A、B、C}.txt の出力として最も適切なものはどれですか？
u012,13,基本的なファイル管理,基本的なファイル管理:t1,0.0,0.3626340727114059,0.46119444748649263,0.41191426009894927,0.1307985158766043,0.2713563879877768,-3.9641439321336764,1.0844134734111268,-0.0665097679162885,0.1181070732968249,ファイルのタイムスタンプを更新したり存在しない場合は空のファイルを作成したりするコマンド名を一つ書いてください
u012,14,基本的なファイル管理,基本的なファイル管理:t2,0.0,0.3626340727114059,0.3419718308898695,0.3523029518006377,0.13190800996001745,0.24210548088032757,-3.9641439321336764,0.8333449589648054,-1.1313423711812791,0.05,ディレクトリ dir1 を archive.tar という名前のアーカイブにまとめるコマンドとして最も適切なものはどれですか？
u012,15,基本的なファイル管理,基本的なファイル管理:t2,0.0,0.3626340727114059,0.3419718308898695,0.3523029518006377,0.0779503044705866,0.21512662813561215,-3.9641439321336764,1.079782842889703,-0.7049118100689108,0.0506380305473883,gzip 圧縮されたアーカイブ backup.tar.gz を展開する tar のコマンドを一つ書いてください
u012,16,基本的なファイル管理,基本的なファイル管理:t2,,0.3626340727114059,0.3419718308898695,0.3523029518006377,0.2285562211313401,0.29042958646598893,-3.9641439321336764,1.0160959932760532,0.0605333476967584,0.2156358485127576,1MB のゼロデータを10個連結したファイル zero.img を作成したいときに最も適切なコマンドはどれですか？
u012,17,基本的なファイル管理,基本的なファイル管理:t2,,0.3626340727114059,0.3419718308898695,0.3523029518006377,0.07397454627073183,0.21313874903568475,-3.9641439321336764,1.0786539578094183,-0.571869105191423,0.0501239062067503,指定したファイルの種類を判定して表示するコマンド名を一つ書いてください
u012,18,所有者とパーミッション,所有者とパーミッション:t1,1.0,0.6934719962014562,0.6402945620414895,0.6668832791214728,0.9725003335071726,0.8196918063143227,4.166075149750002,0.8838543016855865,0.636567762527371,0.35,ls -l の出力に含まれる r や w や x などの文字は何を表していますか？
u012,19,所有者とパーミッション,所有者とパーミッション:t1,0.0,0.6934719962014562,0.6402945620414895,0.6668832791214728,0.9883716575196997,0.8276274683205862,4.166075149750002,0.7694955224059895,-1.5396692830266308,0.0501462484179849,所有者に読み書きグループとその他に読み取りのみを許可するパーミッションを数字3桁で表したものとして正しいのはどれですか？
u012,20,所有者とパーミッション,所有者とパーミッション:t2,1.0,0.6934719962014562,0.6501888985249161,0.6718304473631862,0.988883415075568,0.830356931219377,4.166075149750002,1.069038527956945,0.2872849447946676,0.2861242148129458,ファイル script.sh に所有者だけ実行権限を追加する chmod の指定を一つ書いてください
u012,21,所有者とパーミッション,所有者とパーミッション:t1,0.0,0.6934719962014562,0.6402945620414895,0.6668832791214728,0.9895754213980803,0.8282293502597766,4.166075149750002,1.023796809032469,-0.1819789265707181,0.0955893152535176,ファイル data.txt の所有者を user1 に変更するコマンドとして正しいものはどれですか？
u012,22,所有者とパーミッション,所有者とパーミッション:t1,1.0,0.6934719962014562,0.6402945620414895,0.6668832791214728,0.9851182942464802,0.8260007866839765,4.166075149750002,0.9971459325822506,0.4014404237768084,0.3498656012445903,ファイル data.txt の所有グループを group1 に変更するコマンドを一つ書いてください
u012,23,所有者とパーミッション,所有者とパーミッション:t2,,0.6934719962014562,0.6501888985249161,0.6718304473631862,0.9593746944921806,0.8156025709276834,4.166075149750002,0.5402809268579795,-1.587165246258202,0.05,ディレクトリ dir1 とその配下の全てのファイルに対して755のパーミッションを設定したいときに最も適切なコマンドはどれですか？
u012,24,所有者とパーミッション,所有者とパーミッション:t2,,0.6934719962014562,0.6501888985249161,0.6718304473631862,0.9882499240690064,0.8300401857160963,4.166075149750002,1.0229892671149328,0.1354195999745567,0.2625206317911625,umask 022 の意味として最も適切な説明はどれですか？
u012,25,所有者とパーミッション,所有者とパーミッション:t3,,0.6934719962014562,0.6504154430598125,0.6719437196306344,0.988638192234344,0.8302909559324891,4.166075149750002,1.0484800831860714,0.1935682699242609,0.2569518859740457,umask が 022 の環境で新しい通常ファイルを作成したときのデフォルトパーミッションを数字3桁で答えてください
u012,26,所有者とパーミッション,所有者とパーミッション:t3,1.0,0.6934719962014562,0.6504154430598125,0.6719437196306344,0.9887532493570523,0.8303484844938434,4.166075149750002,1.0647402213448909,0.3006301699301119,0.2993861022623606,実行ファイルに SUID ビットが設定されているときの動作として正しいものはどれですか？
u012,27,所有者とパーミッション,所有者とパーミッション:t3,1.0,0.6934719962014562,0.6504154430598125,0.6719437196306344,0.992381847891041,0.8321627837608376,4.166075149750002,0.9182890250847582,-1.0802049659467,0.0502593675967861,ディレクトリに SGID ビットが設定されているときの効果として最も適切なものはどれですか？
u012,28,所有者とパーミッション,所有者とパーミッション:t3,0.0,0.6934719962014562,0.6504154430598125,0.6719437196306344,0.9904003541695828,0.8311720369001085,4.166075149750002,1.0857191106832107,0.0603536444023921,0.1620911607977531,スティッキービットが設定された共有ディレクトリとしてよく使われる /tmp の特徴として正しいものはどれですか？
u012,29,所有者とパーミッション,所有者とパーミッション:t2,1.0,0.6934719962014562,0.6501888985249161,0.6718304473631862,0.9906789148476618,0.831254681105424,4.166075149750002,0.8616931297063011,-1.1885448876304008,0.0502666554250788,パーミッション文字列 rwxr-xr-x を数字3桁で表したものを答えてください
u012,30,所有者とパーミッション,所有者とパーミッション:t2,1.0,0.6934719962014562,0.6501888985249161,0.6718304473631862,0.9932600791657502,0.8325452632644682,4.166075149750002,1.0442899695543686,-0.5639596363118176,0.0516643107287579,/tmp ディレクトリ自体の情報だけを表示しその中身は一覧しないように ls で表示したいときのコマンドを一つ書いてください
u013,1,基本的なファイル管理,基本的なファイル管理:t1,1.0,0.7662166970162817,0.7525078166146819,0.7593622568154819,0.9996955290596901,0.879528892937586,6.974254497734883,1.1154903812173775,-0.2365575162111993,0.051641198039118,隠しファイルも含めてカレントディレクトリの内容を一覧表示するコマンドはどれですか？
u013,2,基本的なファイル管理,基本的なファイル管理:t1,1.0,0.7662166970162817,0.7525078166146819,0.7593622568154819,0.998965155800728,0.8791637063081049,6.974254497734883,1.0057893014389907,0.5690377053906269,0.3492400193748236,ファイルの詳細情報付き一覧を表示する ls のオプションとして正しいものはどれですか？
u013,3,基本的なファイル管理,基本的なファイル管理:t1,1.0,0.7662166970162817,0.7525078166146819,0.7593622568154819,0.9996006860791701,0.879481471447326,6.974254497734883,1.0489017742155973,-0.4354143081768685,0.0519297250964802,現在の作業ディレクトリの絶対パスを表示するコマンドを一つ書いてください
u013,4,基本的なファイル管理,基本的なファイル管理:t1,1.0,0.7662166970162817,0.7525078166146819,0.7593622568154819,0.9997717300877121,0.8795669934515971,6.974254497734883,1.0549076376616389,-0.9254401280891048,0.05,ホームディレクトリに移動するコマンドとして最も適切なものはどれですか？
u013,5,基本的なファイル管理,基本的なファイル管理:t1,1.0,0.7662166970162817,0.7525078166146819,0.7593622568154819,0.9970985330160557,0.8782303949157688,6.974254497734883,0.8454804512192905,0.5787404422327526,0.35,dir1 とその中の dir2 を一度に作成したいときに最も適切なコマンドはどれですか？
u013,6,基本的なファイル管理,基本的なファイル管理:t2,,0.7662166970162817,0.7148162922511441,0.7405164946337128,0.999111143070843,0.8698138188522779,6.974254497734883,1.00510848894146,0.4134932167591427,0.3494454797573572,ディレクトリ A を中身ごと確認無しに削除したいときに最も適切なコマンドはどれですか？
u013,7,基本的なファイル管理,基本的なファイル管理:t2,1.0,0.7662166970162817,0.7148162922511441,0.7405164946337128,0.999793531780882,0.8701550132072975,6.974254497734883,1.1721079163343606,-0.2212036076794035,0.05,rm コマンドで削除前に確認しながら対話的に削除したいときに付けるオプションはどれですか？
u013,8,基本的なファイル管理,基本的なファイル管理:t1,1.0,0.7662166970162817,0.7525078166146819,0.7593622568154819,0.9995434724595915,0.8794528646375367,6.974254497734883,1.08857668141035,0.097554322776923,0.1857478924744617,ファイル file1 をディレクトリ dir にコピーするコマンドとして正しいものはどれですか？
u013,9,基本的なファイル管理,基本的なファイル管理:t2,1.0,0.7662166970162817,0.7148162922511441,0.7405164946337128,0.9993149835012904,0.8699157390675016,6.974254497734883,1.026407237120382,0.2943384619096204,0.3486455001445267,ディレクトリ A をタイムスタンプと権限を保ったままディレクトリ B にコピーしたいときに最も適切なコマンドはどれですか？
u013,10,基本的なファイル管理,基本的なファイル管理:t1,0.0,0.7662166970162817,0.7525078166146819,0.7593622568154819,0.9989540521233516,0.8791581544694167,6.974254497734883,0.9802501128237442,0.413054929247417,0.3492349294404715,ディレクトリ A の中の file.txt をディレクトリ B に移動するコマンドとして正しいものはどれですか？
u013,11,基本的なファイル管理,基本的なファイル管理:t1,0.0,0.7662166970162817,0.7525078166146819,0.7593622568154819,0.9984583388355075,0.8789102978254947,6.974254497734883,0.7698974396962992,-1.3664390211980266,0.0504729411698893,file01.txt や file02.txt など2桁の番号付きファイルにマッチし fileA.txt にはマッチしないパターンはどれですか？
u013,12,基本的なファイル管理,基本的なファイル管理:t2,,0.7662166970162817,0.7148162922511441,0.7405164946337128,0.9994525620119136,0.8699845283228131,6.974254497734883,0.9276876469650808,-1.0654636245897775,0.0500422196007094,echo {A、B、C}.txt の出力として最も適切なものはどれですか？
u013,13,基本的なファイル管理,基本的なファイル管理:t1,0.0,0.7662166970162817,0.7525078166146819,0.7593622568154819,0.9995740835404191,0.8794681701779505,6.974254497734883,1.0844134734111268,-0.0665097679162885,0.1181070732968249,ファイルのタイムスタンプを更新したり存在しない場合は空のファイルを作成したりするコマンド名を一つ書いてください
u013,14,基本的なファイル管理,基本的なファイル管理:t2,0.0,0.7662166970162817,0.7148162922511441,0.7405164946337128,0.9988942331773165,0.8697053639055147,6.974254497734883,0.8333449589648054,-1.1313423711812791,0.05,ディレクトリ dir1 を archive.tar という名前のアーカイブにまとめるコマンドとして最も適切なものはどれですか？
u013,15,基本的なファイル管理,基本的なファイル管理:t2,1.0,0.7662166970162817,0.7148162922511441,0.7405164946337128,0.999762192178133,0.8701393434059229,6.974254497734883,1.079782842889703,-0.7049118100689108,0.0506380305473883,gzip 圧縮されたアーカイブ backup.tar.gz を展開する tar のコマンドを一つ書いてください
u013,16,基本的なファイル管理,基本的なファイル管理:t2,,0.7662166970162817,0.7148162922511441,0.7405164946337128,0.9993030348964541,0.8699097647650835,6.974254497734883,1.0160959932760532,0.0605333476967584,0.2156358485127576,1MB のゼロデータを10個連結したファイル zero.img を作成したいときに最も適切なコマンドはどれですか？
u013,17,基本的なファイル管理,基本的なファイル管理:t2,1.0,0.7662166970162817,0.7148162922511441,0.7405164946337128,0.9997229663325053,0.8701197304831091,6.974254497734883,1.0786539578094183,-0.571869105191423,0.0501239062067503,指定したファイルの種類を判定して表示するコマンド名を一つ書いてください
u013,18,所有者とパーミッション,所有者とパーミッション:t1,1.0,0.4837234103444322,0.6247863220075608,0.5542548661759965,0.5005844889392577,0.5274196775576271,-0.7198934998090561,0.8838543016855865,0.636567762527371,0.35,ls -l の出力に含まれる r や w や x などの文字は何を表していますか？
u013,19,所有者とパーミッション,所有者とパーミッション:t1,1.0,0.4837234103444322,0.6247863220075608,0.5542548661759965,0.6700910623795977,0.6121729642777971,-0.7198934998090561,0.7694955224059895,-1.5396692830266308,0.0501462484179849,所有者に読み書きグループとその他に読み取りのみを許可するパーミッションを数字3桁で表したものとして正しいのはどれですか？
u013,20,所有者とパーミッション,所有者とパーミッション:t2,1.0,0.4837234103444322,0.3951783889943011,0.4394508996693667,0.46754049565389755,0.4534956976616321,-0.7198934998090561,1.069038527956945,0.2872849447946676,0.2861242148129458,ファイル script.sh に所有者だけ実行権限を追加する chmod の指定を一つ書いてください
u013,21,所有者とパーミッション,所有者とパーミッション:t1,1.0,0.4837234103444322,0.6247863220075608,0.5542548661759965,0.42633093480684453,0.4902929004914205,-0.7198934998090561,1.023796809032469,-0.1819789265707181,0.0955893152535176,ファイル data.txt の所有者を user1 に変更するコマンドとして正しいものはどれですか？
u013,22,所有者とパーミッション,所有者とパーミッション:t1,0.0,0.4837234103444322,0.6247863220075608,0.5542548661759965,0.5100311858069547,0.5321430259914757,-0.7198934998090561,0.9971459325822506,0.4014404237768084,0.3498656012445903,ファイル data.txt の所有グループを group1 に変更するコマンドを一つ書いてください
u013,23,所有者とパーミッション,所有者とパーミッション:t2,1.0,0.4837234103444322,0.3951783889943011,0.4394508996693667,0.6342930629822326,0.5368719813257996,-0.7198934998090561,0.5402809268579795,-1.587165246258202,0.05,ディレクトリ dir1 とその配下の全てのファイルに対して755のパーミッションを設定したいときに最も適切なコマンドはどれですか？
u013,24,所有者とパーミッション,所有者とパーミッション:t2,0.0,0.4837234103444322,0.3951783889943011,0.4394508996693667,0.4795017603988886,0.45947633003412763,-0.7198934998090561,1.0229892671149328,0.1354195999745567,0.2625206317911625,umask 022 の意味として最も適切な説明はどれですか？
u013,25,所有者とパーミッション,所有者とパーミッション:t3,0.0,0.4837234103444322,0.47273193083126935,0.47822767058785076,0.4630211336976377,0.47062440214274426,-0.7198934998090561,1.0484800831860714,0.1935682699242609,0.2569518859740457,umask が 022 の環境で新しい通常ファイルを作成したときのデフォルトパーミッションを数字3桁で答えてください
u013,26,所有者とパーミッション,所有者とパーミッション:t3,,0.4837234103444322,0.47273193083126935,0.47822767058785076,0.47612328448518243,0.47717547753651657,-0.7198934998090561,1.0647402213448909,0.3006301699301119,0.2993861022623606,実行ファイルに SUID ビットが設定されているときの動作として正しいものはどれですか？
u013,27,所有者とパーミッション,所有者とパーミッション:t3,1.0,0.4837234103444322,0.47273193083126935,0.47822767058785076,0.602980932041205,0.5406043013145279,-0.7198934998090561,0.9182890250847582,-1.0802049659467,0.0502593675967861,ディレクトリに SGID ビットが設定されているときの効果として最も適切なものはどれですか？
u013,28,所有者とパーミッション,所有者とパーミッション:t3,0.0,0.4837234103444322,0.47273193083126935,0.47822767058785076,0.41349348493395155,0.44586057776090116,-0.7198934998090561,1.0857191106832107,0.0603536444023921,0.1620911607977531,スティッキービットが設定された共有ディレクトリとしてよく使われる /tmp の特徴として正しいものはどれですか？
u013,29,所有者とパーミッション,所有者とパーミッション:t2,1.0,0.4837234103444322,0.3951783889943011,0.4394508996693667,0.6197347406282611,0.5295928201488138,-0.7198934998090561,0.8616931297063011,-1.1885448876304008,0.0502666554250788,パーミッション文字列 rwxr-xr-x を数字3桁で表したものを答えてください
u013,30,所有者とパーミッション,所有者とパーミッション:t2,0.0,0.4837234103444322,0.3951783889943011,0.4394508996693667,0.48731045473075574,0.4633806772000612,-0.7198934998090561,1.0442899695543686,-0.5639596363118176,0.0516643107287579,/tmp ディレクトリ自体の情報だけを表示しその中身は一覧しないように ls で表示したいときのコマンドを一つ書いてください
u014,1,基本的なファイル管理,基本的なファイル管理:t1,0.0,0.35997452072233577,0.3558690845869,0.35792180265461787,0.06070853224966034,0.2093151674521391,-4.396564275016995,1.1154903812173775,-0.2365575162111993,0.051641198039118,隠しファイルも含めてカレントディレクトリの内容を一覧表示するコマンドはどれですか？
u014,2,基本的なファイル管理,基本的なファイル管理:t1,0.0,0.35997452072233577,0.3558690845869,0.35792180265461787,0.35361997354091174,0.3557708880977648,-4.396564275016995,1.0057893014389907,0.5690377053906269,0.3492400193748236,ファイルの詳細情報付き一覧を表示する ls のオプションとして正しいものはどれですか？
u014,3,基本的なファイル管理,基本的なファイル管理:t1,0.0,0.35997452072233577,0.3558690845869,0.35792180265461787,0.06657335109433278,0.21224757687447532,-4.396564275016995,1.0489017742155973,-0.4354143081768685,0.0519297250964802,現在の作業ディレクトリの絶対パスを表示するコマンドを一つ書いてください
u014,4,基本的なファイル管理,基本的なファイル管理:t1,0.0,0.35997452072233577,0.3558690845869,0.35792180265461787,0.07379279025612065,0.21585729645536927,-4.396564275016995,1.0549076376616389,-0.9254401280891048,0.05,ホームディレクトリに移動するコマンドとして最も適切なものはどれですか？
u014,5,基本的なファイル管理,基本的なファイル管理:t1,,0.35997452072233577,0.3558690845869,0.35792180265461787,0.35954160100025756,0.35873170182743774,-4.396564275016995,0.8454804512192905,0.5787404422327526,0.35,dir1 とその中の dir2 を一度に作成したいときに最も適切なコマンドはどれですか？
u014,6,基本的なファイル管理,基本的なファイル管理:t2,1.0,0.35997452072233577,0.7147842754073477,0.5373793980648417,0.3545763602972333,0.4459778791810375,-4.396564275016995,1.00510848894146,0.4134932167591427,0.3494454797573572,ディレクトリ A を中身ごと確認無しに削除したいときに最も適切なコマンドはどれですか？
u014,7,基本的なファイル管理,基本的なファイル管理:t2,,0.35997452072233577,0.7147842754073477,0.5373793980648417,0.05706409575484083,0.29722174690984127,-4.396564275016995,1.1721079163343606,-0.2212036076794035,0.05,rm コマンドで削除前に確認しながら対話的に削除したいときに付けるオプションはどれですか？
u014,8,基本的なファイル管理,基本的なファイル管理:t1,0.0,0.35997452072233577,0.3558690845869,0.35792180265461787,0.1918132918967672,0.2748675472756925,-4.396564275016995,1.08857668141035,0.097554322776923,0.1857478924744617,ファイル file1 をディレクトリ dir にコピーするコマンドとして正しいものはどれですか？
u014,9,基本的なファイル管理,基本的なファイル管理:t2,0.0,0.35997452072233577,0.7147842754073477,0.5373793980648417,0.353884869768182,0.44563213391651185,-4.396564275016995,1.026407237120382,0.2943384619096204,0.3486455001445267,ディレクトリ A をタイムスタンプと権限を保ったままディレクトリ B にコピーしたいときに最も適切なコマンドはどれですか？
u014,10,基本的なファイル管理,基本的なファイル管理:t1,1.0,0.35997452072233577,0.3558690845869,0.35792180265461787,0.3550160393015159,0.35646892097806687,-4.396564275016995,0.9802501128237442,0.413054929247417,0.3492349294404715,ディレクトリ A の中の file.txt をディレクトリ B に移動するコマンドとして正しいものはどれですか？
u014,11,基本的なファイル管理,基本的なファイル管理:t1,,0.35997452072233577,0.3558690845869,0.35792180265461787,0.13444508682392703,0.24618344473927245,-4.396564275016995,0.7698974396962992,-1.3664390211980266,0.0504729411698893,file01.txt や file02.txt など2桁の番号付きファイルにマッチし fileA.txt にはマッチしないパターンはどれですか？
u014,12,基本的なファイル管理,基本的なファイル管理:t2,,0.35997452072233577,0.7147842754073477,0.5373793980648417,0.0913771999149719,0.31437829898990677,-4.396564275016995,0.9276876469650808,-1.0654636245897775,0.0500422196007094,echo {A、B、C}.txt の出力として最も適切なものはどれですか？
u014,13,基本的なファイル管理,基本的なファイル管理:t1,1.0,0.35997452072233577,0.3558690845869,0.35792180265461787,0.1260908136404184,0.24200630814751814,-4.396564275016995,1.0844134734111268,-0.0665097679162885,0.1181070732968249,ファイルのタイムスタンプを更新したり存在しない場合は空のファイルを作成したりするコマンド名を一つ書いてください
u014,14,基本的なファイル管理,基本的なファイル管理:t2,1.0,0.35997452072233577,0.7147842754073477,0.5373793980648417,0.10865513876676491,0.3230172684158033,-4.396564275016995,0.8333449589648054,-1.1313423711812791,0.05,ディレクトリ dir1 を archive.tar という名前のアーカイブにまとめるコマンドとして最も適切なものはどれですか？
u014,15,基本的なファイル管理,基本的なファイル管理:t2,1.0,0.35997452072233577,0.7147842754073477,0.5373793980648417,0.06794669163800204,0.30266304485142187,-4.396564275016995,1.079782842889703,-0.7049118100689108,0.0506380305473883,gzip 圧縮されたアーカイブ backup.tar.gz を展開する tar のコマンドを一つ書いてください
u014,16,基本的なファイル管理,基本的なファイル管理:t2,1.0,0.35997452072233577,0.7147842754073477,0.5373793980648417,0.22401124976168282,0.3806953239132623,-4.396564275016995,1.0160959932760532,0.0605333476967584,0.2156358485127576,1MB のゼロデータを10個連結したファイル zero.img を作成したいときに最も適切なコマンドはどれですか？
u014,17,基本的なファイル管理,基本的なファイル管理:t2,,0.35997452072233577,0.7147842754073477,0.5373793980648417,0.06522523924098585,0.3013023186529138,-4.396564275016995,1.0786539578094183,-0.571869105191423,0.0501239062067503,指定したファイルの種類を判定して表示するコマンド名を一つ書いてください
u014,18,所有者とパーミッション,所有者とパーミッション:t1,1.0,0.4453674559686258,0.5782933523836988,0.5118304041761623,0.4463476709301879,0.4790890375531751,-1.3417828547636397,0.8838543016855865,0.636567762527371,0.35,ls -l の出力に含まれる r や w や x などの文字は何を表していますか？
u014,19,所有者とパーミッション,所有者とパーミッション:t1,1.0,0.4453674559686258,0.5782933523836988,0.5118304041761623,0.5611626209745885,0.5364965125753753,-1.3417828547636397,0.7694955224059895,-1.5396692830266308,0.0501462484179849,所有者に読み書きグループとその他に読み取りのみを許可するパーミッションを数字3桁で表したものとして正しいのはどれですか？
u014,20,所有者とパーミッション,所有者とパーミッション:t2,,0.4453674559686258,0.3807595712123342,0.41306351359048,0.3925758786921736,0.4028196961413268,-1.3417828547636397,1.069038527956945,0.2872849447946676,0.2861242148129458,ファイル script.sh に所有者だけ実行権限を追加する chmod の指定を一つ書いてください
u014,21,所有者とパーミッション,所有者とパーミッション:t1,,0.4453674559686258,0.5782933523836988,0.5118304041761623,0.3069714620869112,0.40940093313153675,-1.3417828547636397,1.023796809032469,-0.1819789265707181,0.0955893152535176,ファイル data.txt の所有者を user1 に変更するコマンドとして正しいものはどれですか？
u014,22,所有者とパーミッション,所有者とパーミッション:t1,1.0,0.4453674559686258,0.5782933523836988,0.5118304041761623,0.4470838435937495,0.47945712388495587,-1.3417828547636397,0.9971459325822506,0.4014404237768084,0.3498656012445903,ファイル data.txt の所有グループを group1 に変更するコマンドを一つ書いてください
u014,23,所有者とパーミッション,所有者とパーミッション:t2,0.0,0.4453674559686258,0.3807595712123342,0.41306351359048,0.556440626462571,0.4847520700265255,-1.3417828547636397,0.5402809268579795,-1.587165246258202,0.05,ディレクトリ dir1 とその配下の全てのファイルに対して755のパーミッションを設定したいときに最も適切なコマンドはどれですか？
u014,24,所有者とパーミッション,所有者とパーミッション:t2,0.0,0.4453674559686258,0.3807595712123342,0.41306351359048,0.39583227761646,0.40444789560347,-1.3417828547636397,1.0229892671149328,0.1354195999745567,0.2625206317911625,umask 022 の意味として最も適切な説明はどれですか？
u014,25,所有者とパーミッション,所有者とパーミッション:t3,1.0,0.4453674559686258,0.651533347286195,0.5484504016274104,0.3807574148965009,0.46460390826195563,-1.3417828547636397,1.0484800831860714,0.1935682699242609,0.2569518859740457,umask が 022 の環境で新しい通常ファイルを作成したときのデフォルトパーミッションを数字3桁で答えてください
u014,26,所有者とパーミッション,所有者とパーミッション:t3,1.0,0.4453674559686258,0.651533347286195,0.5484504016274104,0.40322113596018966,0.4758357687938001,-1.3417828547636397,1.0647402213448909,0.3006301699301119,0.2993861022623606,実行ファイルに SUID ビットが設定されているときの動作として正しいものはどれですか？
u014,27,所有者とパーミッション,所有者とパーミッション:t3,1.0,0.4453674559686258,0.651533347286195,0.5484504016274104,0.46836943497888506,0.5084099183031477,-1.3417828547636397,0.9182890250847582,-1.0802049659467,0.0502593675967861,ディレクトリに SGID ビットが設定されているときの効果として最も適切なものはどれですか？
u014,28,所有者とパーミッション,所有者とパーミッション:t3,0.0,0.4453674559686258,0.651533347286195,0.5484504016274104,0.3121767231266571,0.4303135623770338,-1.3417828547636397,1.0857191106832107,0.0603536444023921,0.1620911607977531,スティッキービットが設定された共有ディレクトリとしてよく使われる /tmp の特徴として正しいものはどれですか？
u014,29,所有者とパーミッション,所有者とパーミッション:t2,0.0,0.4453674559686258,0.3807595712123342,0.41306351359048,0.4938271294709036,0.45344532153069184,-1.3417828547636397,0.8616931297063011,-1.1885448876304008,0.0502666554250788,パーミッション文字列 rwxr-xr-x を数字3桁で表したものを答えてください
u014,30,所有者とパーミッション,所有者とパーミッション:t2,0.0,0.4453674559686258,0.3807595712123342,0.41306351359048,0.34318872161293396,0.378126117601707,-1.3417828547636397,1.0442899695543686,-0.5639596363118176,0.0516643107287579,/tmp ディレクトリ自体の情報だけを表示しその中身は一覧しないように ls で表示したいときのコマンドを一つ書いてください
u015,1,基本的なファイル管理,基本的なファイル管理:t1,1.0,0.3937465308222531,0.4329584639119124,0.41335249736708274,0.1411909696056592,0.27727173348637096,-2.263246442935519,1.1154903812173775,-0.2365575162111993,0.051641198039118,隠しファイルも含めてカレントディレクトリの内容を一覧表示するコマンドはどれですか？
u015,2,基本的なファイル管理,基本的なファイル管理:t1,,0.3937465308222531,0.4329584639119124,0.41335249736708274,0.38486882450406507,0.3991106609355739,-2.263246442935519,1.0057893014389907,0.5690377053906269,0.3492400193748236,ファイルの詳細情報付き一覧を表示する ls のオプションとして正しいものはどれですか？
u015,3,基本的なファイル管理,基本的なファイル管理:t1,1.0,0.3937465308222531,0.4329584639119124,0.41335249736708274,0.17344607184196748,0.29339928460452513,-2.263246442935519,1.0489017742155973,-0.4354143081768685,0.0519297250964802,現在の作業ディレクトリの絶対パスを表示するコマンドを一つ書いてください
u015,4,基本的なファイル管理,基本的なファイル管理:t1,1.0,0.3937465308222531,0.4329584639119124,0.41335249736708274,0.23623331317386326,0.324792905270473,-2.263246442935519,1.0549076376616389,-0.9254401280891048,0.05,ホームディレクトリに移動するコマンドとして最も適切なものはどれですか？
u015,5,基本的なファイル管理,基本的なファイル管理:t1,1.0,0.3937465308222531,0.4329584639119124,0.41335249736708274,0.4039214372283797,0.40863696729773125,-2.263246442935519,0.8454804512192905,0.5787404422327526,0.35,dir1 とその中の dir2 を一度に作成したいときに最も適切なコマンドはどれですか？
u015,6,基本的なファイル管理,基本的なファイル管理:t2,1.0,0.3937465308222531,0.6342957564970142,0.5140211436596336,0.39078262076828774,0.45240188221396066,-2.263246442935519,1.00510848894146,0.4134932167591427,0.3494454797573572,ディレクトリ A を中身ごと確認無しに削除したいときに最も適切なコマンドはどれですか？
u015,7,基本的なファイル管理,基本的なファイル管理:t2,1.0,0.3937465308222531,0.6342957564970142,0.5140211436596336,0.12948660916639093,0.32175387641301223,-2.263246442935519,1.1721079163343606,-0.2212036076794035,0.05,rm コマンドで削除前に確認しながら対話的に削除したいときに付けるオプションはどれですか？
u015,8,基本的なファイル管理,基本的なファイル管理:t1,1.0,0.3937465308222531,0.4329584639119124,0.41335249736708274,0.24364127596747315,0.32849688666727794,-2.263246442935519,1.08857668141035,0.097554322776923,0.1857478924744617,ファイル file1 をディレクトリ dir にコピーするコマンドとして正しいものはどれですか？
u015,9,基本的なファイル管理,基本的なファイル管理:t2,,0.3937465308222531,0.6342957564970142,0.5140211436596336,0.3926372686573258,0.4533292061584797,-2.263246442935519,1.026407237120382,0.2943384619096204,0.3486455001445267,ディレクトリ A をタイムスタンプと権限を保ったままディレクトリ B にコピーしたいときに最も適切なコマンドはどれですか？
u015,10,基本的なファイル管理,基本的なファイル管理:t1,,0.3937465308222531,0.4329584639119124,0.41335249736708274,0.3932557470973186,0.4033041222322007,-2.263246442935519,0.9802501128237442,0.413054929247417,0.3492349294404715,ディレクトリ A の中の file.txt をディレクトリ B に移動するコマンドとして正しいものはどれですか？
u015,11,基本的なファイル管理,基本的なファイル管理:t1,0.0,0.3937465308222531,0.4329584639119124,0.41335249736708274,0.36755139305841394,0.39045194521274834,-2.263246442935519,0.7698974396962992,-1.3664390211980266,0.0504729411698893,file01.txt や file02.txt など2桁の番号付きファイルにマッチし fileA.txt にはマッチしないパターンはどれですか？
u015,12,基本的なファイル管理,基本的なファイル管理:t2,,0.3937465308222531,0.6342957564970142,0.5140211436596336,0.285302247694178,0.3996616956769058,-2.263246442935519,0.9276876469650808,-1.0654636245897775,0.0500422196007094,echo {A、B、C}.txt の出力として最も適切なものはどれですか？
u015,13,基本的なファイル管理,基本的なファイル管理:t1,0.0,0.3937465308222531,0.4329584639119124,0.41335249736708274,0.19266441908924364,0.3030084582281632,-2.263246442935519,1.0844134734111268,-0.0665097679162885,0.1181070732968249,ファイルのタイムスタンプを更新したり存在しない場合は空のファイルを作成したりするコマンド名を一つ書いてください
u015,14,基本的なファイル管理,基本的なファイル管理:t2,0.0,0.3937465308222531,0.6342957564970142,0.5140211436596336,0.3162289374057165,0.41512504053267507,-2.263246442935519,0.8333449589648054,-1.1313423711812791,0.05,ディレクトリ dir1 を archive.tar という名前のアーカイブにまとめるコマンドとして最も適切なものはどれですか？
u015,15,基本的なファイル管理,基本的なファイル管理:t2,0.0,0.3937465308222531,0.6342957564970142,0.5140211436596336,0.19944403103584607,0.3567325873477398,-2.263246442935519,1.079782842889703,-0.7049118100689108,0.0506380305473883,gzip 圧縮されたアーカイブ backup.tar.gz を展開する tar のコマンドを一つ書いてください
u015,16,基本的なファイル管理,基本的なファイル管理:t2,1.0,0.3937465308222531,0.6342957564970142,0.5140211436596336,0.28323310153639913,0.39862712259801636,-2.263246442935519,1.0160959932760532,0.0605333476967584,0.2156358485127576,1MB のゼロデータを10個連結したファイル zero.img を作成したいときに最も適切なコマンドはどれですか？
u015,17,基本的なファイル管理,基本的なファイル管理:t2,0.0,0.3937465308222531,0.6342957564970142,0.5140211436596336,0.18206686873386602,0.3480440061967498,-2.263246442935519,1.0786539578094183,-0.571869105191423,0.0501239062067503,指定したファイルの種類を判定して表示するコマンド名を一つ書いてください
u015,18,所有者とパーミッション,所有者とパーミッション:t1,1.0,0.3938211162206455,0.5938390173906567,0.4938300668056511,0.37428747560258335,0.43405877120411723,-3.0392985234066856,0.8838543016855865,0.636567762527371,0.35,ls -l の出力に含まれる r や w や x などの文字は何を表していますか？
u015,19,所有者とパーミッション,所有者とパーミッション:t1,1.0,0.3938211162206455,0.5938390173906567,0.4938300668056511,0.2778897222479147,0.38585989452678293,-3.0392985234066856,0.7694955224059895,-1.5396692830266308,0.0501462484179849,所有者に読み書きグループとその他に読み取りのみを許可するパーミッションを数字3桁で表したものとして正しいのはどれですか？
u015,20,所有者とパーミッション,所有者とパーミッション:t2,0.0,0.3938211162206455,0.3814962478273796,0.38765868202401255,0.30593679571174937,0.34679773886788096,-3.0392985234066856,1.069038527956945,0.2872849447946676,0.2861242148129458,ファイル script.sh に所有者だけ実行権限を追加する chmod の指定を一つ書いてください
u015,21,所有者とパーミッション,所有者とパーミッション:t1,,0.3938211162206455,0.5938390173906567,0.4938300668056511,0.14163852600042537,0.31773429640303824,-3.0392985234066856,1.023796809032469,-0.1819789265707181,0.0955893152535176,ファイル data.txt の所有者を user1 に変更するコマンドとして正しいものはどれですか？
u015,22,所有者とパーミッション,所有者とパーミッション:t1,0.0,0.3938211162206455,0.5938390173906567,0.4938300668056511,0.3702427789653433,0.4320364228854972,-3.0392985234066856,0.9971459325822506,0.4014404237768084,0.3498656012445903,ファイル data.txt の所有グループを group1 に変更するコマンドを一つ書いてください
u015,23,所有者とパーミッション,所有者とパーミッション:t2,1.0,0.3938211162206455,0.3814962478273796,0.38765868202401255,0.3476710558445669,0.36766486893428973,-3.0392985234066856,0.5402809268579795,-1.587165246258202,0.05,ディレクトリ dir1 とその配下の全てのファイルに対して755のパーミッションを設定したいときに最も適切なコマンドはどれですか？
u015,24,所有者とパーミッション,所有者とパーミッション:t2,0.0,0.3938211162206455,0.3814962478273796,0.38765868202401255,0.2901093884844943,0.3388840352542534,-3.0392985234066856,1.0229892671149328,0.1354195999745567,0.2625206317911625,umask 022 の意味として最も適切な説明はどれですか？
u015,25,所有者とパーミッション,所有者とパーミッション:t3,0.0,0.3938211162206455,0.4700264963672046,0.431923806293925,0.28119174146944664,0.35655777388168586,-3.0392985234066856,1.0484800831860714,0.1935682699242609,0.2569518859740457,umask が 022 の環境で新しい通常ファイルを作成したときのデフォルトパーミッションを数字3桁で答えてください
u015,26,所有者とパーミッション,所有者とパーミッション:t3,1.0,0.3938211162206455,0.4700264963672046,0.431923806293925,0.3188323104596946,0.3753780583768098,-3.0392985234066856,1.0647402213448909,0.3006301699301119,0.2993861022623606,実行ファイルに SUID ビットが設定されているときの動作として正しいものはどれですか？
u015,27,所有者とパーミッション,所有者とパーミッション:t3,,0.3938211162206455,0.4700264963672046,0.431923806293925,0.18509510761947207,0.3085094569566985,-3.0392985234066856,0.9182890250847582,-1.0802049659467,0.0502593675967861,ディレクトリに SGID ビットが設定されているときの効果として最も適切なものはどれですか？
u015,28,所有者とパーミッション,所有者とパーミッション:t3,,0.3938211162206455,0.4700264963672046,0.431923806293925,0.19007399604438444,0.31099890116915474,-3.0392985234066856,1.0857191106832107,0.0603536444023921,0.1620911607977531,スティッキービットが設定された共有ディレクトリとしてよく使われる /tmp の特徴として正しいものはどれですか？
u015,29,所有者とパーミッション,所有者とパーミッション:t2,1.0,0.3938211162206455,0.3814962478273796,0.38765868202401255,0.2104982663568924,0.29907847419045247,-3.0392985234066856,0.8616931297063011,-1.1885448876304008,0.0502666554250788,パーミッション文字列 rwxr-xr-x を数字3桁で表したものを答えてください
u015,30,所有者とパーミッション,所有者とパーミッション:t2,0.0,0.3938211162206455,0.3814962478273796,0.38765868202401255,0.11815393690201945,0.252906309463016,-3.0392985234066856,1.0442899695543686,-0.5639596363118176,0.0516643107287579,/tmp ディレクトリ自体の情報だけを表示しその中身は一覧しないように ls で表示したいときのコマンドを一つ書いてください
u016,1,基本的なファイル管理,基本的なファイル管理:t1,0.0,0.3556757412124487,0.35524216053241453,0.3554589508724316,0.05266457063699318,0.2040617607547124,-6.3599178840843065,1.1154903812173775,-0.2365575162111993,0.051641198039118,隠しファイルも含めてカレントディレクトリの内容を一覧表示するコマンドはどれですか？
u016,2,基本的なファイル管理,基本的なファイル管理:t1,0.0,0.3556757412124487,0.35524216053241453,0.3554589508724316,0.3498515020799835,0.35265522647620756,-6.3599178840843065,1.0057893014389907,0.5690377053906269,0.3492400193748236,ファイルの詳細情報付き一覧を表示する ls のオプションとして正しいものはどれですか？
u016,3,基本的なファイル管理,基本的なファイル管理:t1,0.0,0.3556757412124487,0.35524216053241453,0.3554589508724316,0.053822809662400675,0.20464088026741614,-6.3599178840843065,1.0489017742155973,-0.4354143081768685,0.0519297250964802,現在の作業ディレクトリの絶対パスを表示するコマンドを一つ書いてください
u016,4,基本的なファイル管理,基本的なファイル管理:t1,,0.3556757412124487,0.35524216053241453,0.3554589508724316,0.053065949651195,0.2042624502618133,-6.3599178840843065,1.0549076376616389,-0.9254401280891048,0.05,ホームディレクトリに移動するコマンドとして最も適切なものはどれですか？
u016,5,基本的なファイル管理,基本的なファイル管理:t1,,0.3556757412124487,0.35524216053241453,0.3554589508724316,0.35183609975636415,0.3536475253143979,-6.3599178840843065,0.8454804512192905,0.5787404422327526,0.35,dir1 とその中の dir2 を一度に作成したいときに最も適切なコマンドはどれですか？
u016,6,基本的なファイル管理,基本的なファイル管理:t2,0.0,0.3556757412124487,0.3035208939197146,0.32959831756608166,0.35016347512229146,0.33988089634418656,-6.3599178840843065,1.00510848894146,0.4134932167591427,0.3494454797573572,ディレクトリ A を中身ごと確認無しに削除したいときに最も適切なコマンドはどれですか？
u016,7,基本的なファイル管理,基本的なファイル管理:t2,,0.3556757412124487,0.3035208939197146,0.32959831756608166,0.050712109572819915,0.19015521356945078,-6.3599178840843065,1.1721079163343606,-0.2212036076794035,0.05,rm コマンドで削除前に確認しながら対話的に削除したいときに付けるオプションはどれですか？
u016,8,基本的なファイル管理,基本的なファイル管理:t1,0.0,0.3556757412124487,0.35524216053241453,0.3554589508724316,0.18646820603831762,0.2709635784553746,-6.3599178840843065,1.08857668141035,0.097554322776923,0.1857478924744617,ファイル file1 をディレクトリ dir にコピーするコマンドとして正しいものはどれですか？
u016,9,基本的なファイル管理,基本的なファイル管理:t2,0.0,0.3556757412124487,0.3035208939197146,0.32959831756608166,0.34934877806528203,0.33947354781568184,-6.3599178840843065,1.026407237120382,0.2943384619096204,0.3486455001445267,ディレクトリ A をタイムスタンプと権限を保ったままディレクトリ B にコピーしたいときに最も適切なコマンドはどれですか？
u016,10,基本的なファイル管理,基本的なファイル管理:t1,0.0,0.3556757412124487,0.35524216053241453,0.3554589508724316,0.35008505955020225,0.3527720052113169,-6.3599178840843065,0.9802501128237442,0.413054929247417,0.3492349294404715,ディレクトリ A の中の file.txt をディレクトリ B に移動するコマンドとして正しいものはどれですか？
u016,11,基本的なファイル管理,基本的なファイル管理:t1,,0.3556757412124487,0.35524216053241453,0.3554589508724316,0.07036509437676991,0.21291202262460077,-6.3599178840843065,0.7698974396962992,-1.3664390211980266,0.0504729411698893,file01.txt や file02.txt など2桁の番号付きファイルにマッチし fileA.txt にはマッチしないパターンはどれですか？
u016,12,基本的なファイル管理,基本的なファイル管理:t2,0.0,0.3556757412124487,0.3035208939197146,0.32959831756608166,0.05698348423991325,0.19329090090299744,-6.3599178840843065,0.9276876469650808,-1.0654636245897775,0.0500422196007094,echo {A、B、C}.txt の出力として最も適切なものはどれですか？
u016,13,基本的なファイル管理,基本的なファイル管理:t1,,0.3556757412124487,0.35524216053241453,0.3554589508724316,0.11906434122151133,0.23726164604697147,-6.3599178840843065,1.0844134734111268,-0.0665097679162885,0.1181070732968249,ファイルのタイムスタンプを更新したり存在しない場合は空のファイルを作成したりするコマンド名を一つ書いてください
u016,14,基本的なファイル管理,基本的なファイル管理:t2,1.0,0.3556757412124487,0.3035208939197146,0.32959831756608166,0.06201940248251715,0.1958088600242994,-6.3599178840843065,0.8333449589648054,-1.1313423711812791,0.05,ディレクトリ dir1 を archive.tar という名前のアーカイブにまとめるコマンドとして最も適切なものはどれですか？
u016,15,基本的なファイル管理,基本的なファイル管理:t2,0.0,0.3556757412124487,0.3035208939197146,0.32959831756608166,0.05274950192653291,0.19117390974630727,-6.3599178840843065,1.079782842889703,-0.7049118100689108,0.0506380305473883,gzip 圧縮されたアーカイブ backup.tar.gz を展開する tar のコマンドを一つ書いてください
u016,16,基本的なファイル管理,基本的なファイル管理:t2,0.0,0.3556757412124487,0.3035208939197146,0.32959831756608166,0.2167856756423007,0.2731919966041912,-6.3599178840843065,1.0160959932760532,0.0605333476967584,0.2156358485127576,1MB のゼロデータを10個連結したファイル zero.img を作成したいときに最も適切なコマンドはどれですか？
u016,17,基本的なファイル管理,基本的なファイル管理:t2,0.0,0.3556757412124487,0.3035208939197146,0.32959831756608166,0.051966341605837935,0.1907823295859598,-6.3599178840843065,1.0786539578094183,-0.571869105191423,0.0501239062067503,指定したファイルの種類を判定して表示するコマンド名を一つ書いてください
u016,18,所有者とパーミッション,所有者とパーミッション:t1,1.0,0.4529224291598123,0.47969242198017603,0.46630742556999416,0.4568325461672539,0.461569985868624,-1.2032773751016121,0.8838543016855865,0.636567762527371,0.35,ls -l の出力に含まれる r や w や x などの文字は何を表していますか？
u016,19,所有者とパーミッション,所有者とパーミッション:t1,0.0,0.4529224291598123,0.47969242198017603,0.46630742556999416,0.5862000918678337,0.526253758718914,-1.2032773751016121,0.7694955224059895,-1.5396692830266308,0.0501462484179849,所有者に読み書きグループとその他に読み取りのみを許可するパーミッションを数字3桁で表したものとして正しいのはどれですか？
u016,20,所有者とパーミッション,所有者とパーミッション:t2,0.0,0.4529224291598123,0.38363395720422167,0.418278193182017,0.40669530492764727,0.4124867490548321,-1.2032773751016121,1.069038527956945,0.2872849447946676,0.2861242148129458,ファイル script.sh に所有者だけ実行権限を追加する chmod の指定を一つ書いてください
u016,21,所有者とパーミッション,所有者とパーミッション:t1,0.0,0.4529224291598123,0.47969242198017603,0.46630742556999416,0.3307998665293662,0.3985536460496802,-1.2032773751016121,1.023796809032469,-0.1819789265707181,0.0955893152535176,ファイル data.txt の所有者を user1 に変更するコマンドとして正しいものはどれですか？
u016,22,所有者とパーミッション,所有者とパーミッション:t1,,0.4529224291598123,0.47969242198017603,0.46630742556999416,0.45906370439826905,0.4626855649841316,-1.2032773751016121,0.9971459325822506,0.4014404237768084,0.3498656012445903,ファイル data.txt の所有グループを group1 に変更するコマンドを一つ書いてください
u016,23,所有者とパーミッション,所有者とパーミッション:t2,0.0,0.4529224291598123,0.38363395720422167,0.418278193182017,0.5740834036023312,0.4961807983921741,-1.2032773751016121,0.5402809268579795,-1.587165246258202,0.05,ディレクトリ dir1 とその配下の全てのファイルに対して755のパーミッションを設定したいときに最も適切なコマンドはどれですか？
u016,24,所有者とパーミッション,所有者とパーミッション:t2,0.0,0.4529224291598123,0.38363395720422167,0.418278193182017,0.41201143369700016,0.4151448134395086,-1.2032773751016121,1.0229892671149328,0.1354195999745567,0.2625206317911625,umask 022 の意味として最も適切な説明はどれですか？
u016,25,所有者とパーミッション,所有者とパーミッション:t3,1.0,0.4529224291598123,0.6527601753153248,0.5528413022375686,0.396474132742727,0.4746577174901478,-1.2032773751016121,1.0484800831860714,0.1935682699242609,0.2569518859740457,umask が 022 の環境で新しい通常ファイルを作成したときのデフォルトパーミッションを数字3桁で答えてください
u016,26,所有者とパーミッション,所有者とパーミッション:t3,1.0,0.4529224291598123,0.6527601753153248,0.5528413022375686,0.4169519662613099,0.48489663424943924,-1.2032773751016121,1.0647402213448909,0.3006301699301119,0.2993861022623606,実行ファイルに SUID ビットが設定されているときの動作として正しいものはどれですか？
u016,27,所有者とパーミッション,所有者とパーミッション:t3,,0.4529224291598123,0.6527601753153248,0.5528413022375686,0.49832422711887336,0.525582764678221,-1.2032773751016121,0.9182890250847582,-1.0802049659467,0.0502593675967861,ディレクトリに SGID ビットが設定されているときの効果として最も適切なものはどれですか？
u016,28,所有者とパーミッション,所有者とパーミッション:t3,1.0,0.4529224291598123,0.6527601753153248,0.5528413022375686,0.3316045130342578,0.4422229076359132,-1.2032773751016121,1.0857191106832107,0.0603536444023921,0.1620911607977531,スティッキービットが設定された共有ディレクトリとしてよく使われる /tmp の特徴として正しいものはどれですか？
u016,29,所有者とパーミッション,所有者とパーミッション:t2,1.0,0.4529224291598123,0.38363395720422167,0.418278193182017,0.522119179713436,0.4701986864477265,-1.2032773751016121,0.8616931297063011,-1.1885448876304008,0.0502666554250788,パーミッション文字列 rwxr-xr-x を数字3桁で表したものを答えてください
u016,30,所有者とパーミッション,所有者とパーミッション:t2,,0.4529224291598123,0.38363395720422167,0.418278193182017,0.3731757441245859,0.3957269686533014,-1.2032773751016121,1.0442899695543686,-0.5639596363118176,0.0516643107287579,/tmp ディレクトリ自体の情報だけを表示しその中身は一覧しないように ls で表示したいときのコマンドを一つ書いてください
u017,1,基本的なファイル管理,基本的なファイル管理:t1,1.0,0.7648250765747651,0.7539079673472968,0.7593665219610309,0.99831889150881,0.8788427067349205,5.441219186374104,1.1154903812173775,-0.2365575162111993,0.051641198039118,隠しファイルも含めてカレントディレクトリの内容を一覧表示するコマンドはどれですか？
u017,2,基本的なファイル管理,基本的なファイル管理:t1,1.0,0.7648250765747651,0.7539079673472968,0.7593665219610309,0.9951917329145712,0.8772791274378011,5.441219186374104,1.0057893014389907,0.5690377053906269,0.3492400193748236,ファイルの詳細情報付き一覧を表示する ls のオプションとして正しいものはどれですか？
u017,3,基本的なファイル管理,基本的なファイル管理:t1,1.0,0.7648250765747651,0.7539079673472968,0.7593665219610309,0.9980096395702319,0.8786880807656314,5.441219186374104,1.0489017742155973,-0.4354143081768685,0.0519297250964802,現在の作業ディレクトリの絶対パスを表示するコマンドを一つ書いてください
u017,4,基本的なファイル管理,基本的なファイル管理:t1,,0.7648250765747651,0.7539079673472968,0.7593665219610309,0.998850859704321,0.879108690832676,5.441219186374104,1.0549076376616389,-0.9254401280891048,0.05,ホームディレクトリに移動するコマンドとして最も適切なものはどれですか？
u017,5,基本的なファイル管理,基本的なファイル管理:t1,,0.7648250765747651,0.7539079673472968,0.7593665219610309,0.9895187781406224,0.8744426500508267,5.441219186374104,0.8454804512192905,0.5787404422327526,0.35,dir1 とその中の dir2 を一度に作成したいときに最も適切なコマンドはどれですか？
u017,6,基本的なファイル管理,基本的なファイル管理:t2,1.0,0.7648250765747651,0.649649525889393,0.707237301232079,0.9958709479435691,0.851554124587824,5.441219186374104,1.00510848894146,0.4134932167591427,0.3494454797573572,ディレクトリ A を中身ごと確認無しに削除したいときに最も適切なコマンドはどれですか？
u017,7,基本的なファイル管理,基本的なファイル管理:t2,1.0,0.7648250765747651,0.649649525889393,0.707237301232079,0.9987561874895644,0.8529967443608217,5.441219186374104,1.1721079163343606,-0.2212036076794035,0.05,rm コマンドで削除前に確認しながら対話的に削除したいときに付けるオプションはどれですか？
u017,8,基本的なファイル管理,基本的なファイル管理:t1,0.0,0.7648250765747651,0.7539079673472968,0.7593665219610309,0.9975835272498521,0.8784750246054416,5.441219186374104,1.08857668141035,0.097554322776923,0.1857478924744617,ファイル file1 をディレクトリ dir にコピーするコマンドとして正しいものはどれですか？
u017,9,基本的なファイル管理,基本的なファイル管理:t2,,0.7648250765747651,0.649649525889393,0.707237301232079,0.9967089947904424,0.8519731480112607,5.441219186374104,1.026407237120382,0.2943384619096204,0.3486455001445267,ディレクトリ A をタイムスタンプと権限を保ったままディレクトリ B にコピーしたいときに最も適切なコマンドはどれですか？
u017,10,基本的なファイル管理,基本的なファイル管理:t1,1.0,0.7648250765747651,0.7539079673472968,0.7593665219610309,0.9953256906890257,0.8773461063250283,5.441219186374104,0.9802501128237442,0.413054929247417,0.3492349294404715,ディレクトリ A の中の file.txt をディレクトリ B に移動するコマンドとして正しいものはどれですか？
u017,11,基本的なファイル管理,基本的なファイル管理:t1,,0.7648250765747651,0.7539079673472968,0.7593665219610309,0.9949997622598596,0.8771831421104452,5.441219186374104,0.7698974396962992,-1.3664390211980266,0.0504729411698893,file01.txt や file02.txt など2桁の番号付きファイルにマッチし fileA.txt にはマッチしないパターンはどれですか？
u017,12,基本的なファイル管理,基本的なファイル管理:t2,0.0,0.7648250765747651,0.649649525889393,0.707237301232079,0.9977343528646044,0.8524858270483417,5.441219186374104,0.9276876469650808,-1.0654636245897775,0.0500422196007094,echo {A、B、C}.txt の出力として最も適切なものはどれですか？
u017,13,基本的なファイル管理,基本的なファイル管理:t1,1.0,0.7648250765747651,0.7539079673472968,0.7593665219610309,0.9977591148679712,0.8785628184145011,5.441219186374104,1.0844134734111268,-0.0665097679162885,0.1181070732968249,ファイルのタイムスタンプを更新したり存在しない場合は空のファイルを作成したりするコマンド名を一つ書いてください
u017,14,基本的なファイル管理,基本的なファイル管理:t2,0.0,0.7648250765747651,0.649649525889393,0.707237301232079,0.9960446120592663,0.8516409566456726,5.441219186374104,0.8333449589648054,-1.1313423711812791,0.05,ディレクトリ dir1 を archive.tar という名前のアーカイブにまとめるコマンドとして最も適切なものはどれですか？
u017,15,基本的なファイル管理,基本的なファイル管理:t2,,0.7648250765747651,0.649649525889393,0.707237301232079,0.9987564221597467,0.8529968616959128,5.441219186374104,1.079782842889703,-0.7049118100689108,0.0506380305473883,gzip 圧縮されたアーカイブ backup.tar.gz を展開する tar のコマンドを一つ書いてください
u017,16,基本的なファイル管理,基本的なファイル管理:t2,1.0,0.7648250765747651,0.649649525889393,0.707237301232079,0.9967018347995055,0.8519695680157922,5.441219186374104,1.0160959932760532,0.0605333476967584,0.2156358485127576,1MB のゼロデータを10個連結したファイル zero.img を作成したいときに最も適切なコマンドはどれですか？
u017,17,基本的なファイル管理,基本的なファイル管理:t2,,0.7648250765747651,0.649649525889393,0.707237301232079,0.9985540498438171,0.852895675537948,5.441219186374104,1.0786539578094183,-0.571869105191423,0.0501239062067503,指定したファイルの種類を判定して表示するコマンド名を一つ書いてください
u017,18,所有者とパーミッション,所有者とパーミッション:t1,1.0,0.48015442770494027,0.4293763193736133,0.4547653735392768,0.49540752408162736,0.4750864488104521,-0.7711425484522767,0.8838543016855865,0.636567762527371,0.35,ls -l の出力に含まれる r や w や x などの文字は何を表していますか？
u017,19,所有者とパーミッション,所有者とパーミッション:t1,0.0,0.48015442770494027,0.4293763193736133,0.4547653735392768,0.6615492825120435,0.5581573280256602,-0.7711425484522767,0.7694955224059895,-1.5396692830266308,0.0501462484179849,所有者に読み書きグループとその他に読み取りのみを許可するパーミッションを数字3桁で表したものとして正しいのはどれですか？
u017,20,所有者とパーミッション,所有者とパーミッション:t2,1.0,0.48015442770494027,0.6849191693329326,0.5825367985189365,0.4602274037728762,0.5213821011459063,-0.7711425484522767,1.069038527956945,0.2872849447946676,0.2861242148129458,ファイル script.sh に所有者だけ実行権限を追加する chmod の指定を一つ書いてください
u017,21,所有者とパーミッション,所有者とパーミッション:t1,0.0,0.48015442770494027,0.4293763193736133,0.4547653735392768,0.4154030607367166,0.4350842171379967,-0.7711425484522767,1.023796809032469,-0.1819789265707181,0.0955893152535176,ファイル data.txt の所有者を user1 に変更するコマンドとして正しいものはどれですか？
u017,22,所有者とパーミッション,所有者とパーミッション:t1,,0.48015442770494027,0.4293763193736133,0.4547653735392768,0.5039429332981891,0.47935415341873294,-0.7711425484522767,0.9971459325822506,0.4014404237768084,0.3498656012445903,ファイル data.txt の所有グループを group1 に変更するコマンドを一つ書いてください
u017,23,所有者とパーミッション,所有者とパーミッション:t2,0.0,0.48015442770494027,0.6849191693329326,0.5825367985189365,0.6280456016584987,0.6052912000887176,-0.7711425484522767,0.5402809268579795,-1.587165246258202,0.05,ディレクトリ dir1 とその配下の全てのファイルに対して755のパーミッションを設定したいときに最も適切なコマンドはどれですか？
u017,24,所有者とパーミッション,所有者とパーミッション:t2,1.0,0.48015442770494027,0.6849191693329326,0.5825367985189365,0.471560497792451,0.5270486481556937,-0.7711425484522767,1.0229892671149328,0.1354195999745567,0.2625206317911625,umask 022 の意味として最も適切な説明はどれですか？
u017,25,所有者とパーミッション,所有者とパーミッション:t3,0.0,0.48015442770494027,0.4237321570874726,0.45194329239620645,0.45511560805108786,0.45352945022364716,-0.7711425484522767,1.0484800831860714,0.1935682699242609,0.2569518859740457,umask が 022 の環境で新しい通常ファイルを作成したときのデフォルトパーミッションを数字3桁で答えてください
u017,26,所有者とパーミッション,所有者とパーミッション:t3,1.0,0.48015442770494027,0.4237321570874726,0.45194329239620645,0.4690100060894296,0.46047664924281806,-0.7711425484522767,1.0647402213448909,0.3006301699301119,0.2993861022623606,実行ファイルに SUID ビットが設定されているときの動作として正しいものはどれですか？
u017,27,所有者とパーミッション,所有者とパーミッション:t3,0.0,0.48015442770494027,0.4237321570874726,0.45194329239620645,0.5920671290673205,0.5220052107317634,-0.7711425484522767,0.9182890250847582,-1.0802049659467,0.0502593675967861,ディレクトリに SGID ビットが設定されているときの効果として最も適切なものはどれですか？
u017,28,所有者とパーミッション,所有者とパーミッション:t3,0.0,0.48015442770494027,0.4237321570874726,0.45194329239620645,0.4038122138240487,0.42787775311012755,-0.7711425484522767,1.0857191106832107,0.0603536444023921,0.1620911607977531,スティッキービットが設定された共有ディレクトリとしてよく使われる /tmp の特徴として正しいものはどれですか？
u017,29,所有者とパーミッション,所有者とパーミッション:t2,,0.48015442770494027,0.6849191693329326,0.5825367985189365,0.6096227537289121,0.5960797761239243,-0.7711425484522767,0.8616931297063011,-1.1885448876304008,0.0502666554250788,パーミッション文字列 rwxr-xr-x を数字3桁で表したものを答えてください
u017,30,所有者とパーミッション,所有者とパーミッション:t2,,0.48015442770494027,0.6849191693329326,0.5825367985189365,0.47473607345424,0.5286364359865883,-0.7711425484522767,1.0442899695543686,-0.5639596363118176,0.0516643107287579,/tmp ディレクトリ自体の情報だけを表示しその中身は一覧しないように ls で表示したいときのコマンドを一つ書いてください
u018,1,基本的なファイル管理,基本的なファイル管理:t1,0.0,0.3559213844164967,0.3631216592828561,0.3595215218496764,0.05306666282334149,0.20629409233650894,-6.0624533567644985,1.1154903812173775,-0.2365575162111993,0.051641198039118,隠しファイルも含めてカレントディレクトリの内容を一覧表示するコマンドはどれですか？
u018,2,基本的なファイル管理,基本的なファイル管理:t1,1.0,0.3559213844164967,0.3631216592828561,0.3595215218496764,0.35006449341289014,0.3547930076312833,-6.0624533567644985,1.0057893014389907,0.5690377053906269,0.3492400193748236,ファイルの詳細情報付き一覧を表示する ls のオプションとして正しいものはどれですか？
u018,3,基本的なファイル管理,基本的なファイル管理:t1,1.0,0.3559213844164967,0.3631216592828561,0.3595215218496764,0.0545141104941385,0.20701781617190745,-6.0624533567644985,1.0489017742155973,-0.4354143081768685,0.0519297250964802,現在の作業ディレクトリの絶対パスを表示するコマンドを一つ書いてください
u018,4,基本的なファイル管理,基本的なファイル管理:t1,,0.3559213844164967,0.3631216592828561,0.3595215218496764,0.054191111771693196,0.20685631681068478,-6.0624533567644985,1.0549076376616389,-0.9254401280891048,0.05,ホームディレクトリに移動するコマンドとして最も適切なものはどれですか？
u018,5,基本的なファイル管理,基本的なファイル管理:t1,1.0,0.3559213844164967,0.3631216592828561,0.3595215218496764,0.35235923317557916,0.35594037751262775,-6.0624533567644985,0.8454804512192905,0.5787404422327526,0.35,dir1 とその中の dir2 を一度に作成したいときに最も適切なコマンドはどれですか？
u018,6,基本的なファイル管理,基本的なファイル管理:t2,,0.3559213844164967,0.3151472226161145,0.3355343035163056,0.3504133157987277,0.34297380965751667,-6.0624533567644985,1.00510848894146,0.4134932167591427,0.3494454797573572,ディレクトリ A を中身ごと確認無しに削除したいときに最も適切なコマンドはどれですか？
u018,7,基本的なファイル管理,基本的なファイル管理:t2,,0.3559213844164967,0.3151472226161145,0.3355343035163056,0.0510088634362915,0.19327158347629855,-6.0624533567644985,1.1721079163343606,-0.2212036076794035,0.05,rm コマンドで削除前に確認しながら対話的に削除したいときに付けるオプションはどれですか？
u018,8,基本的なファイル管理,基本的なファイル管理:t1,0.0,0.3559213844164967,0.3631216592828561,0.3595215218496764,0.18674330908583212,0.27313241546775424,-6.0624533567644985,1.08857668141035,0.097554322776923,0.1857478924744617,ファイル file1 をディレクトリ dir にコピーするコマンドとして正しいものはどれですか？
u018,9,基本的なファイル管理,基本的なファイル管理:t2,0.0,0.3559213844164967,0.3151472226161145,0.3355343035163056,0.3495995218705441,0.3425669126934249,-6.0624533567644985,1.026407237120382,0.2943384619096204,0.3486455001445267,ディレクトリ A をタイムスタンプと権限を保ったままディレクトリ B にコピーしたいときに最も適切なコマンドはどれですか？
u018,10,基本的なファイル管理,基本的なファイル管理:t1,1.0,0.3559213844164967,0.3631216592828561,0.3595215218496764,0.3503723711113106,0.3549469464804935,-6.0624533567644985,0.9802501128237442,0.413054929247417,0.3492349294404715,ディレクトリ A の中の file.txt をディレクトリ B に移動するコマンドとして正しいものはどれですか？
u018,11,基本的なファイル管理,基本的なファイル管理:t1,0.0,0.3559213844164967,0.3631216592828561,0.3595215218496764,0.07535048032285892,0.21743600108626765,-6.0624533567644985,0.7698974396962992,-1.3664390211980266,0.0504729411698893,file01.txt や file02.txt など2桁の番号付きファイルにマッチし fileA.txt にはマッチしないパターンはどれですか？
u018,12,基本的なファイル管理,基本的なファイル管理:t2,,0.3559213844164967,0.3151472226161145,0.3355343035163056,0.05916814031416425,0.1973512219152349,-6.0624533567644985,0.9276876469650808,-1.0654636245897775,0.0500422196007094,echo {A、B、C}.txt の出力として最も適切なものはどれですか？
u018,13,基本的なファイル管理,基本的なファイル管理:t1,0.0,0.3559213844164967,0.3631216592828561,0.3595215218496764,0.11942820596268791,0.23947486390618217,-6.0624533567644985,1.0844134734111268,-0.0665097679162885,0.1181070732968249,ファイルのタイムスタンプを更新したり存在しない場合は空のファイルを作成したりするコマンド名を一つ書いてください
u018,14,基本的なファイル管理,基本的なファイル管理:t2,0.0,0.3559213844164967,0.3151472226161145,0.3355343035163056,0.06534607657232656,0.20044019004431607,-6.0624533567644985,0.8333449589648054,-1.1313423711812791,0.05,ディレクトリ dir1 を archive.tar という名前のアーカイブにまとめるコマンドとして最も適切なものはどれですか？
u018,15,基本的なファイル管理,基本的なファイル管理:t2,0.0,0.3559213844164967,0.3151472226161145,0.3355343035163056,0.05354682887889412,0.19454056619759985,-6.0624533567644985,1.079782842889703,-0.7049118100689108,0.0506380305473883,gzip 圧縮されたアーカイブ backup.tar.gz を展開する tar のコマンドを一つ書いてください
u018,16,基本的なファイル管理,基本的なファイル管理:t2,,0.3559213844164967,0.3151472226161145,0.3355343035163056,0.2171906485195408,0.2763624760179232,-6.0624533567644985,1.0160959932760532,0.0605333476967584,0.2156358485127576,1MB のゼロデータを10個連結したファイル zero.img を作成したいときに最も適切なコマンドはどれですか？
u018,17,基本的なファイル管理,基本的なファイル管理:t2,,0.3559213844164967,0.3151472226161145,0.3355343035163056,0.05266149932602539,0.19409790142116548,-6.0624533567644985,1.0786539578094183,-0.571869105191423,0.0501239062067503,指定したファイルの種類を判定して表示するコマンド名を一つ書いてください
u018,18,所有者とパーミッション,所有者とパーミッション:t1,1.0,0.6981897890134018,0.7021950120701383,0.7001924005417701,0.9986438006957492,0.8494181006187597,7.617579850956056,0.8838543016855865,0.636567762527371,0.35,ls -l の出力に含まれる r や w や x などの文字は何を表していますか？
u018,19,所有者とパーミッション,所有者とパーミッション:t1,1.0,0.6981897890134018,0.7021950120701383,0.7001924005417701,0.9991738874730542,0.8496831440074122,7.617579850956056,0.7694955224059895,-1.5396692830266308,0.0501462484179849,所有者に読み書きグループとその他に読み取りのみを許可するパーミッションを数字3桁で表したものとして正しいのはどれですか？
u018,20,所有者とパーミッション,所有者とパーミッション:t2,1.0,0.6981897890134018,0.5806413685166826,0.6394155787650422,0.9997180579491602,0.8195668183571012,7.617579850956056,1.069038527956945,0.2872849447946676,0.2861242148129458,ファイル script.sh に所有者だけ実行権限を追加する chmod の指定を一つ書いてください
u018,21,所有者とパーミッション,所有者とパーミッション:t1,1.0,0.6981897890134018,0.7021950120701383,0.7001924005417701,0.9996921738959486,0.8499422872188593,7.617579850956056,1.023796809032469,-0.1819789265707181,0.0955893152535176,ファイル data.txt の所有者を user1 に変更するコマンドとして正しいものはどれですか？
u018,22,所有者とパーミッション,所有者とパーミッション:t1,,0.6981897890134018,0.7021950120701383,0.7001924005417701,0.99951281658705,0.84985260856441,7.617579850956056,0.9971459325822506,0.4014404237768084,0.3498656012445903,ファイル data.txt の所有グループを group1 に変更するコマンドを一つ書いてください
u018,23,所有者とパーミッション,所有者とパーミッション:t2,0.0,0.6981897890134018,0.5806413685166826,0.6394155787650422,0.9934699389624773,0.8164427588637597,7.617579850956056,0.5402809268579795,-1.587165246258202,0.05,ディレクトリ dir1 とその配下の全てのファイルに対して755のパーミッションを設定したいときに最も適切なコマンドはどれですか？
u018,24,所有者とパーミッション,所有者とパーミッション:t2,1.0,0.6981897890134018,0.5806413685166826,0.6394155787650422,0.9996505537324614,0.8195330662487518,7.617579850956056,1.0229892671149328,0.1354195999745567,0.2625206317911625,umask 022 の意味として最も適切な説明はどれですか？
u018,25,所有者とパーミッション,所有者とパーミッション:t3,1.0,0.6981897890134018,0.679780500467148,0.6889851447402748,0.9996907433510422,0.8443379440456585,7.617579850956056,1.0484800831860714,0.1935682699242609,0.2569518859740457,umask が 022 の環境で新しい通常ファイルを作成したときのデフォルトパーミッションを数字3桁で答えてください
u018,26,所有者とパーミッション,所有者とパーミッション:t3,,0.6981897890134018,0.679780500467148,0.6889851447402748,0.9997103572968399,0.8443477510185573,7.617579850956056,1.0647402213448909,0.3006301699301119,0.2993861022623606,実行ファイルに SUID ビットが設定されているときの動作として正しいものはどれですか？
u018,27,所有者とパーミッション,所有者とパーミッション:t3,1.0,0.6981897890134018,0.679780500467148,0.6889851447402748,0.9996773642103537,0.8443312544753143,7.617579850956056,0.9182890250847582,-1.0802049659467,0.0502593675967861,ディレクトリに SGID ビットが設定されているときの効果として最も適切なものはどれですか？
u018,28,所有者とパーミッション,所有者とパーミッション:t3,1.0,0.6981897890134018,0.679780500467148,0.6889851447402748,0.9997710814109579,0.8443781130756164,7.617579850956056,1.0857191106832107,0.0603536444023921,0.1620911607977531,スティッキービットが設定された共有ディレクトリとしてよく使われる /tmp の特徴として正しいものはどれですか？
u018,29,所有者とパーミッション,所有者とパーミッション:t2,1.0,0.6981897890134018,0.5806413685166826,0.6394155787650422,0.9995192953383097,0.8194674370516759,7.617579850956056,0.8616931297063011,-1.1885448876304008,0.0502666554250788,パーミッション文字列 rwxr-xr-x を数字3桁で表したものを答えてください
u018,30,所有者とパーミッション,所有者とパーミッション:t2,1.0,0.6981897890134018,0.5806413685166826,0.6394155787650422,0.9998153671075193,0.8196154729362808,7.617579850956056,1.0442899695543686,-0.5639596363118176,0.0516643107287579,/tmp ディレクトリ自体の情報だけを表示しその中身は一覧しないように ls で表示したいときのコマンドを一つ書いてください
u019,1,基本的なファイル管理,基本的なファイル管理:t1,1.0,0.5985056091900334,0.7291679017109968,0.6638367554505151,0.680562515694763,0.6721996355726391,0.370748993749983,1.1154903812173775,-0.2365575162111993,0.051641198039118,隠しファイルも含めてカレントディレクトリの内容を一覧表示するコマンドはどれですか？
u019,2,基本的なファイル管理,基本的なファイル管理:t1,1.0,0.5985056091900334,0.7291679017109968,0.6638367554505151,0.6422807796990604,0.6530587675747878,0.370748993749983,1.0057893014389907,0.5690377053906269,0.3492400193748236,ファイルの詳細情報付き一覧を表示する ls のオプションとして正しいものはどれですか？
u019,3,基本的なファイル管理,基本的なファイル管理:t1,0.0,0.5985056091900334,0.7291679017109968,0.6638367554505151,0.7152380019043331,0.6895373786774242,0.370748993749983,1.0489017742155973,-0.4354143081768685,0.0519297250964802,現在の作業ディレクトリの絶対パスを表示するコマンドを一つ書いてください
u019,4,基本的なファイル管理,基本的なファイル管理:t1,1.0,0.5985056091900334,0.7291679017109968,0.6638367554505151,0.807105592568717,0.735471174009616,0.370748993749983,1.0549076376616389,-0.9254401280891048,0.05,ホームディレクトリに移動するコマンドとして最も適切なものはどれですか？
u019,5,基本的なファイル管理,基本的なファイル管理:t1,1.0,0.5985056091900334,0.7291679017109968,0.6638367554505151,0.6464973495593118,0.6551670525049135,0.370748993749983,0.8454804512192905,0.5787404422327526,0.35,dir1 とその中の dir2 を一度に作成したいときに最も適切なコマンドはどれですか？
u019,6,基本的なファイル管理,基本的なファイル管理:t2,,0.5985056091900334,0.37833169503038955,0.48841865211021146,0.6677364390627428,0.5780775455864772,0.370748993749983,1.00510848894146,0.4134932167591427,0.3494454797573572,ディレクトリ A を中身ごと確認無しに削除したいときに最も適切なコマンドはどれですか？
u019,7,基本的なファイル管理,基本的なファイル管理:t2,1.0,0.5985056091900334,0.37833169503038955,0.48841865211021146,0.6834779595207225,0.585948305815467,0.370748993749983,1.1721079163343606,-0.2212036076794035,0.05,rm コマンドで削除前に確認しながら対話的に削除したいときに付けるオプションはどれですか？
u019,8,基本的なファイル管理,基本的なファイル管理:t1,0.0,0.5985056091900334,0.7291679017109968,0.6638367554505151,0.6529699662008003,0.6584033608256576,0.370748993749983,1.08857668141035,0.097554322776923,0.1857478924744617,ファイル file1 をディレクトリ dir にコピーするコマンドとして正しいものはどれですか？
u019,9,基本的なファイル管理,基本的なファイル管理:t2,,0.5985056091900334,0.37833169503038955,0.48841865211021146,0.6870873680654286,0.58775301008782,0.370748993749983,1.026407237120382,0.2943384619096204,0.3486455001445267,ディレクトリ A をタイムスタンプと権限を保ったままディレクトリ B にコピーしたいときに最も適切なコマンドはどれですか？
u019,10,基本的なファイル管理,基本的なファイル管理:t1,1.0,0.5985056091900334,0.7291679017109968,0.6638367554505151,0.6678715598623159,0.6658541576564155,0.370748993749983,0.9802501128237442,0.413054929247417,0.3492349294404715,ディレクトリ A の中の file.txt をディレクトリ B に移動するコマンドとして正しいものはどれですか？
u019,11,基本的なファイル管理,基本的なファイル管理:t1,0.0,0.5985056091900334,0.7291679017109968,0.6638367554505151,0.802566139417141,0.733201447433828,0.370748993749983,0.7698974396962992,-1.3664390211980266,0.0504729411698893,file01.txt や file02.txt など2桁の番号付きファイルにマッチし fileA.txt にはマッチしないパターンはどれですか？
u019,12,基本的なファイル管理,基本的なファイル管理:t2,,0.5985056091900334,0.37833169503038955,0.48841865211021146,0.8016774986121472,0.6450480753611794,0.370748993749983,0.9276876469650808,-1.0654636245897775,0.0500422196007094,echo {A、B、C}.txt の出力として最も適切なものはどれですか？
u019,13,基本的なファイル管理,基本的なファイル管理:t1,1.0,0.5985056091900334,0.7291679017109968,0.6638367554505151,0.6616795012690028,0.662758128359759,0.370748993749983,1.0844134734111268,-0.0665097679162885,0.1181070732968249,ファイルのタイムスタンプを更新したり存在しない場合は空のファイルを作成したりするコマンド名を一つ書いてください
u019,14,基本的なファイル管理,基本的なファイル管理:t2,1.0,0.5985056091900334,0.37833169503038955,0.48841865211021146,0.7887242019016383,0.6385714270059248,0.370748993749983,0.8333449589648054,-1.1313423711812791,0.05,ディレクトリ dir1 を archive.tar という名前のアーカイブにまとめるコマンドとして最も適切なものはどれですか？
u019,15,基本的なファイル管理,基本的なファイル管理:t2,,0.5985056091900334,0.37833169503038955,0.48841865211021146,0.7736735772283341,0.6310461146692727,0.370748993749983,1.079782842889703,-0.7049118100689108,0.0506380305473883,gzip 圧縮されたアーカイブ backup.tar.gz を展開する tar のコマンドを一つ書いてください
u019,16,基本的なファイル管理,基本的なファイル管理:t2,1.0,0.5985056091900334,0.37833169503038955,0.48841865211021146,0.6691208273812812,0.5787697397457463,0.370748993749983,1.0160959932760532,0.0605333476967584,0.2156358485127576,1MB のゼロデータを10個連結したファイル zero.img を作成したいときに最も適切なコマンドはどれですか？
u019,17,基本的なファイル管理,基本的なファイル管理:t2,0.0,0.5985056091900334,0.37833169503038955,0.48841865211021146,0.7476566400261595,0.6180376460681855,0.370748993749983,1.0786539578094183,-0.571869105191423,0.0501239062067503,指定したファイルの種類を判定して表示するコマンド名を一つ書いてください
u019,18,所有者とパーミッション,所有者とパーミッション:t1,,0.6969052452843649,0.7027842628180649,0.6998447540512149,0.9904544354815833,0.8451495947663992,5.395385334080084,0.8838543016855865,0.636567762527371,0.35,ls -l の出力に含まれる r や w や x などの文字は何を表していますか？
u019,19,所有者とパーミッション,所有者とパーミッション:t1,1.0,0.6969052452843649,0.7027842628180649,0.6998447540512149,0.9954505180080102,0.8476476360296126,5.395385334080084,0.7694955224059895,-1.5396692830266308,0.0501462484179849,所有者に読み書きグループとその他に読み取りのみを許可するパーミッションを数字3桁で表したものとして正しいのはどれですか？
u019,20,所有者とパーミッション,所有者とパーミッション:t2,1.0,0.6969052452843649,0.6849191693329326,0.6909122073086488,0.9969786265206457,0.8439454169146472,5.395385334080084,1.069038527956945,0.2872849447946676,0.2861242148129458,ファイル script.sh に所有者だけ実行権限を追加する chmod の指定を一つ書いてください
u019,21,所有者とパーミッション,所有者とパーミッション:t1,0.0,0.6969052452843649,0.7027842628180649,0.6998447540512149,0.9970141367124967,0.8484294453818558,5.395385334080084,1.023796809032469,-0.1819789265707181,0.0955893152535176,ファイル data.txt の所有者を user1 に変更するコマンドとして正しいものはどれですか？
u019,22,所有者とパーミッション,所有者とパーミッション:t1,1.0,0.6969052452843649,0.7027842628180649,0.6998447540512149,0.9955600877798741,0.8477024209155446,5.395385334080084,0.9971459325822506,0.4014404237768084,0.3498656012445903,ファイル data.txt の所有グループを group1 に変更するコマンドを一つ書いてください
u019,23,所有者とパーミッション,所有者とパーミッション:t2,,0.6969052452843649,0.6849191693329326,0.6909122073086488,0.9786470512698208,0.8347796292892348,5.395385334080084,0.5402809268579795,-1.587165246258202,0.05,ディレクトリ dir1 とその配下の全てのファイルに対して755のパーミッションを設定したいときに最も適切なコマンドはどれですか？
u019,24,所有者とパーミッション,所有者とパーミッション:t2,1.0,0.6969052452843649,0.6849191693329326,0.6909122073086488,0.9966204030522946,0.8437663051804717,5.395385334080084,1.0229892671149328,0.1354195999745567,0.2625206317911625,umask 022 の意味として最も適切な説明はどれですか？
u019,25,所有者とパーミッション,所有者とパーミッション:t3,,0.6969052452843649,0.6230824236187683,0.6599938344515666,0.9968339359449694,0.828413885198268,5.395385334080084,1.0484800831860714,0.1935682699242609,0.2569518859740457,umask が 022 の環境で新しい通常ファイルを作成したときのデフォルトパーミッションを数字3桁で答えてください
u019,26,所有者とパーミッション,所有者とパーミッション:t3,1.0,0.6969052452843649,0.6230824236187683,0.6599938344515666,0.9969260326652115,0.8284599335583891,5.395385334080084,1.0647402213448909,0.3006301699301119,0.2993861022623606,実行ファイルに SUID ビットが設定されているときの動作として正しいものはどれですか？
u019,27,所有者とパーミッション,所有者とパーミッション:t3,0.0,0.6969052452843649,0.6230824236187683,0.6599938344515666,0.9975228374643275,0.828758335957947,5.395385334080084,0.9182890250847582,-1.0802049659467,0.0502593675967861,ディレクトリに SGID ビットが設定されているときの効果として最も適切なものはどれですか？
u019,28,所有者とパーミッション,所有者とパーミッション:t3,0.0,0.6969052452843649,0.6230824236187683,0.6599938344515666,0.9974514685876773,0.828722651519622,5.395385334080084,1.0857191106832107,0.0603536444023921,0.1620911607977531,スティッキービットが設定された共有ディレクトリとしてよく使われる /tmp の特徴として正しいものはどれですか？
u019,29,所有者とパーミッション,所有者とパーミッション:t2,0.0,0.6969052452843649,0.6849191693329326,0.6909122073086488,0.9967475020668229,0.8438298546877359,5.395385334080084,0.8616931297063011,-1.1885448876304008,0.0502666554250788,パーミッション文字列 rwxr-xr-x を数字3桁で表したものを答えてください
u019,30,所有者とパーミッション,所有者とパーミッション:t2,,0.6969052452843649,0.6849191693329326,0.6909122073086488,0.9981234338240664,0.8445178205663576,5.395385334080084,1.0442899695543686,-0.5639596363118176,0.0516643107287579,/tmp ディレクトリ自体の情報だけを表示しその中身は一覧しないように ls で表示したいときのコマンドを一つ書いてください
u020,1,基本的なファイル管理,基本的なファイル管理:t1,0.0,0.3565016232306287,0.40618062147112344,0.381341122350876,0.054061732021904,0.21770142718639002,-5.58684044263171,1.1154903812173775,-0.2365575162111993,0.051641198039118,隠しファイルも含めてカレントディレクトリの内容を一覧表示するコマンドはどれですか？
u020,2,基本的なファイル管理,基本的なファイル管理:t1,0.0,0.3565016232306287,0.40618062147112344,0.381341122350876,0.3505692228467233,0.36595517259879967,-5.58684044263171,1.0057893014389907,0.5690377053906269,0.3492400193748236,ファイルの詳細情報付き一覧を表示する ls のオプションとして正しいものはどれですか？
u020,3,基本的なファイル管理,基本的なファイル管理:t1,0.0,0.3565016232306287,0.40618062147112344,0.381341122350876,0.056178357729878295,0.21875974004037715,-5.58684044263171,1.0489017742155973,-0.4354143081768685,0.0519297250964802,現在の作業ディレクトリの絶対パスを表示するコマンドを一つ書いてください
u020,4,基本的なファイル管理,基本的なファイル管理:t1,,0.3565016232306287,0.40618062147112344,0.381341122350876,0.056902083471147114,0.21912160291101157,-5.58684044263171,1.0549076376616389,-0.9254401280891048,0.05,ホームディレクトリに移動するコマンドとして最も適切なものはどれですか？
u020,5,基本的なファイル管理,基本的なファイル管理:t1,0.0,0.3565016232306287,0.40618062147112344,0.381341122350876,0.35352071133513835,0.3674309168430072,-5.58684044263171,0.8454804512192905,0.5787404422327526,0.35,dir1 とその中の dir2 を一度に作成したいときに最も適切なコマンドはどれですか？
u020,6,基本的なファイル管理,基本的なファイル管理:t2,1.0,0.3565016232306287,0.31732686866963133,0.33691424595013,0.35100509409306385,0.3439596700215969,-5.58684044263171,1.00510848894146,0.4134932167591427,0.3494454797573572,ディレクトリ A を中身ごと確認無しに削除したいときに最も適切なコマンドはどれですか？
u020,7,基本的なファイル管理,基本的なファイル管理:t2,,0.3565016232306287,0.31732686866963133,0.33691424595013,0.05176033102764102,0.19433728848888548,-5.58684044263171,1.1721079163343606,-0.2212036076794035,0.05,rm コマンドで削除前に確認しながら対話的に削除したいときに付けるオプションはどれですか？
u020,8,基本的なファイル管理,基本的なファイル管理:t1,,0.3565016232306287,0.40618062147112344,0.381341122350876,0.18741704898112502,0.2843790856660005,-5.58684044263171,1.08857668141035,0.097554322776923,0.1857478924744617,ファイル file1 をディレクトリ dir にコピーするコマンドとして正しいものはどれですか？
u020,9,基本的なファイル管理,基本的なファイル管理:t2,,0.3565016232306287,0.31732686866963133,0.33691424595013,0.3501984905339945,0.34355636824206226,-5.58684044263171,1.026407237120382,0.2943384619096204,0.3486455001445267,ディレクトリ A をタイムスタンプと権限を保ったままディレクトリ B にコピーしたいときに最も適切なコマンドはどれですか？
u020,10,基本的なファイル管理,基本的なファイル管理:t1,1.0,0.3565016232306287,0.40618062147112344,0.381341122350876,0.3510460823223939,0.366193602336635,-5.58684044263171,0.9802501128237442,0.413054929247417,0.3492349294404715,ディレクトリ A の中の file.txt をディレクトリ B に移動するコマンドとして正しいものはどれですか？
u020,11,基本的なファイル管理,基本的なファイル管理:t1,,0.3565016232306287,0.40618062147112344,0.381341122350876,0.08594053332482898,0.2336408278378525,-5.58684044263171,0.7698974396962992,-1.3664390211980266,0.0504729411698893,file01.txt や file02.txt など2桁の番号付きファイルにマッチし fileA.txt にはマッチしないパターンはどれですか？
u020,12,基本的なファイル管理,基本的なファイル管理:t2,0.0,0.3565016232306287,0.31732686866963133,0.33691424595013,0.06415421651070895,0.20053423123041947,-5.58684044263171,0.9276876469650808,-1.0654636245897775,0.0500422196007094,echo {A、B、C}.txt の出力として最も適切なものはどれですか？
u020,13,基本的なファイル管理,基本的なファイル管理:t1,,0.3565016232306287,0.40618062147112344,0.381341122350876,0.1203176201923141,0.25082937127159505,-5.58684044263171,1.0844134734111268,-0.0665097679162885,0.1181070732968249,ファイルのタイムスタンプを更新したり存在しない場合は空のファイルを作成したりするコマンド名を一つ書いてください
u020,14,基本的なファイル管理,基本的なファイル管理:t2,,0.3565016232306287,0.31732686866963133,0.33691424595013,0.07263241479168395,0.20477333037090695,-5.58684044263171,0.8333449589648054,-1.1313423711812791,0.05,ディレクトリ dir1 を archive.tar という名前のアーカイブにまとめるコマンドとして最も適切なものはどれですか？
u020,15,基本的なファイル管理,基本的なファイル管理:t2,0.0,0.3565016232306287,0.31732686866963133,0.33691424595013,0.05548931845872267,0.19620178220442633,-5.58684044263171,1.079782842889703,-0.7049118100689108,0.0506380305473883,gzip 圧縮されたアーカイブ backup.tar.gz を展開する tar のコマンドを一つ書いてください
u020,16,基本的なファイル管理,基本的なファイル管理:t2,,0.3565016232306287,0.31732686866963133,0.33691424595013,0.21815364563795572,0.27753394579404284,-5.58684044263171,1.0160959932760532,0.0605333476967584,0.2156358485127576,1MB のゼロデータを10個連結したファイル zero.img を作成したいときに最も適切なコマンドはどれですか？
u020,17,基本的なファイル管理,基本的なファイル管理:t2,1.0,0.3565016232306287,0.31732686866963133,0.33691424595013,0.05435494950946301,0.1956345977297965,-5.58684044263171,1.0786539578094183,-0.571869105191423,0.0501239062067503,指定したファイルの種類を判定して表示するコマンド名を一つ書いてください
u020,18,所有者とパーミッション,所有者とパーミッション:t1,0.0,0.38190950162725745,0.41117878371024497,0.3965441426687512,0.3553875847908088,0.37596586372978,-4.7767136195543065,0.8838543016855865,0.636567762527371,0.35,ls -l の出力に含まれる r や w や x などの文字は何を表していますか？
u020,19,所有者とパーミッション,所有者とパーミッション:t1,0.0,0.38190950162725745,0.41117878371024497,0.3965441426687512,0.12280931796871285,0.259676730318732,-4.7767136195543065,0.7694955224059895,-1.5396692830266308,0.0501462484179849,所有者に読み書きグループとその他に読み取りのみを許可するパーミッションを数字3桁で表したものとして正しいのはどれですか？
u020,20,所有者とパーミッション,所有者とパーミッション:t2,0.0,0.38190950162725745,0.3831325929249835,0.38252104727612046,0.28929079998336016,0.3359059236297403,-4.7767136195543065,1.069038527956945,0.2872849447946676,0.2861242148129458,ファイル script.sh に所有者だけ実行権限を追加する chmod の指定を一つ書いてください
u020,21,所有者とパーミッション,所有者とパーミッション:t1,0.0,0.38190950162725745,0.41117878371024497,0.3965441426687512,0.10370818804625066,0.25012616535750093,-4.7767136195543065,1.023796809032469,-0.1819789265707181,0.0955893152535176,ファイル data.txt の所有者を user1 に変更するコマンドとして正しいものはどれですか？
u020,22,所有者とパーミッション,所有者とパーミッション:t1,0.0,0.38190950162725745,0.41117878371024497,0.3965441426687512,0.353564731862774,0.3750544372657626,-4.7767136195543065,0.9971459325822506,0.4014404237768084,0.3498656012445903,ファイル data.txt の所有グループを group1 に変更するコマンドを一つ書いてください
u020,23,所有者とパーミッション,所有者とパーミッション:t2,0.0,0.38190950162725745,0.3831325929249835,0.38252104727612046,0.19388010311506326,0.28820057519559183,-4.7767136195543065,0.5402809268579795,-1.587165246258202,0.05,ディレクトリ dir1 とその配下の全てのファイルに対して755のパーミッションを設定したいときに最も適切なコマンドはどれですか？
u020,24,所有者とパーミッション,所有者とパーミッション:t2,1.0,0.38190950162725745,0.3831325929249835,0.38252104727612046,0.2673351156803932,0.3249280814782568,-4.7767136195543065,1.0229892671149328,0.1354195999745567,0.2625206317911625,umask 022 の意味として最も適切な説明はどれですか？
u020,25,所有者とパーミッション,所有者とパーミッション:t3,0.0,0.38190950162725745,0.4700264963672046,0.42596799899723103,0.26098314668010236,0.3434755728386667,-4.7767136195543065,1.0484800831860714,0.1935682699242609,0.2569518859740457,umask が 022 の環境で新しい通常ファイルを作成したときのデフォルトパーミッションを数字3桁で答えてください
u020,26,所有者とパーミッション,所有者とパーミッション:t3,0.0,0.38190950162725745,0.4700264963672046,0.42596799899723103,0.30251733106347284,0.36424266503035196,-4.7767136195543065,1.0647402213448909,0.3006301699301119,0.2993861022623606,実行ファイルに SUID ビットが設定されているときの動作として正しいものはどれですか？
u020,27,所有者とパーミッション,所有者とパーミッション:t3,,0.38190950162725745,0.4700264963672046,0.42596799899723103,0.08109644696155735,0.2535322229793942,-4.7767136195543065,0.9182890250847582,-1.0802049659467,0.0502593675967861,ディレクトリに SGID ビットが設定されているときの効果として最も適切なものはどれですか？
u020,28,所有者とパーミッション,所有者とパーミッション:t3,,0.38190950162725745,0.4700264963672046,0.42596799899723103,0.16645777528636266,0.29621288714179683,-4.7767136195543065,1.0857191106832107,0.0603536444023921,0.1620911607977531,スティッキービットが設定された共有ディレクトリとしてよく使われる /tmp の特徴として正しいものはどれですか？
u020,29,所有者とパーミッション,所有者とパーミッション:t2,0.0,0.38190950162725745,0.3831325929249835,0.38252104727612046,0.09152553831947233,0.23702329279779638,-4.7767136195543065,0.8616931297063011,-1.1885448876304008,0.0502666554250788,パーミッション文字列 rwxr-xr-x を数字3桁で表したものを答えてください
u020,30,所有者とパーミッション,所有者とパーミッション:t2,0.0,0.38190950162725745,0.3831325929249835,0.38252104727612046,0.06317367722271726,0.22284736224941887,-4.7767136195543065,1.0442899695543686,-0.5639596363118176,0.0516643107287579,/tmp ディレクトリ自体の情報だけを表示しその中身は一覧しないように ls で表示したいときのコマンドを一つ書いてください
u021,1,基本的なファイル管理,基本的なファイル管理:t1,,0.3558502609808299,0.3569684027144863,0.3564093318476581,0.0529488367971411,0.20467908432239962,-6.139907462756037,1.1154903812173775,-0.2365575162111993,0.051641198039118,隠しファイルも含めてカレントディレクトリの内容を一覧表示するコマンドはどれですか？
u021,2,基本的なファイル管理,基本的なファイル管理:t1,0.0,0.3558502609808299,0.3569684027144863,0.3564093318476581,0.35000277530484913,0.3532060535762536,-6.139907462756037,1.0057893014389907,0.5690377053906269,0.3492400193748236,ファイルの詳細情報付き一覧を表示する ls のオプションとして正しいものはどれですか？
u021,3,基本的なファイル管理,基本的なファイル管理:t1,,0.3558502609808299,0.3569684027144863,0.3564093318476581,0.05431295983595052,0.20536114584180432,-6.139907462756037,1.0489017742155973,-0.4354143081768685,0.0519297250964802,現在の作業ディレクトリの絶対パスを表示するコマンドを一つ書いてください
u021,4,基本的なファイル管理,基本的なファイル管理:t1,0.0,0.3558502609808299,0.3569684027144863,0.3564093318476581,0.05386362283998631,0.2051364773438222,-6.139907462756037,1.0549076376616389,-0.9254401280891048,0.05,ホームディレクトリに移動するコマンドとして最も適切なものはどれですか？
u021,5,基本的なファイル管理,基本的なファイル管理:t1,,0.3558502609808299,0.3569684027144863,0.3564093318476581,0.35221019513107393,0.35430976348936605,-6.139907462756037,0.8454804512192905,0.5787404422327526,0.35,dir1 とその中の dir2 を一度に作成したいときに最も適切なコマンドはどれですか？
u021,6,基本的なファイル管理,基本的なファイル管理:t2,1.0,0.3558502609808299,0.3251261477360788,0.34048820435845434,0.35034092793076116,0.34541456614460775,-6.139907462756037,1.00510848894146,0.4134932167591427,0.3494454797573572,ディレクトリ A を中身ごと確認無しに削除したいときに最も適切なコマンドはどれですか？
u021,7,基本的なファイル管理,基本的なファイル管理:t2,0.0,0.3558502609808299,0.3251261477360788,0.34048820435845434,0.05092139355897435,0.19570479895871434,-6.139907462756037,1.1721079163343606,-0.2212036076794035,0.05,rm コマンドで削除前に確認しながら対話的に削除したいときに付けるオプションはどれですか？
u021,8,基本的なファイル管理,基本的なファイル管理:t1,0.0,0.3558502609808299,0.3569684027144863,0.3564093318476581,0.18666291206364188,0.27153612195565,-6.139907462756037,1.08857668141035,0.097554322776923,0.1857478924744617,ファイル file1 をディレクトリ dir にコピーするコマンドとして正しいものはどれですか？
u021,9,基本的なファイル管理,基本的なファイル管理:t2,0.0,0.3558502609808299,0.3251261477360788,0.34048820435845434,0.34952671275786007,0.3450074585581572,-6.139907462756037,1.026407237120382,0.2943384619096204,0.3486455001445267,ディレクトリ A をタイムスタンプと権限を保ったままディレクトリ B にコピーしたいときに最も適切なコマンドはどれですか？
u021,10,基本的なファイル管理,基本的なファイル管理:t1,,0.3558502609808299,0.3569684027144863,0.3564093318476581,0.35028934326526623,0.35334933755646214,-6.139907462756037,0.9802501128237442,0.413054929247417,0.3492349294404715,ディレクトリ A の中の file.txt をディレクトリ B に移動するコマンドとして正しいものはどれですか？
u021,11,基本的なファイル管理,基本的なファイル管理:t1,0.0,0.3558502609808299,0.3569684027144863,0.3564093318476581,0.07394595618145998,0.21517764401455905,-6.139907462756037,0.7698974396962992,-1.3664390211980266,0.0504729411698893,file01.txt や file02.txt など2桁の番号付きファイルにマッチし fileA.txt にはマッチしないパターンはどれですか？
u021,12,基本的なファイル管理,基本的なファイル管理:t2,0.0,0.3558502609808299,0.3251261477360788,0.34048820435845434,0.058541078036831326,0.19951464119764284,-6.139907462756037,0.9276876469650808,-1.0654636245897775,0.0500422196007094,echo {A、B、C}.txt の出力として最も適切なものはどれですか？
u021,13,基本的なファイル管理,基本的なファイル管理:t1,0.0,0.3558502609808299,0.3569684027144863,0.3564093318476581,0.11932191996109917,0.23786562590437865,-6.139907462756037,1.0844134734111268,-0.0665097679162885,0.1181070732968249,ファイルのタイムスタンプを更新したり存在しない場合は空のファイルを作成したりするコマンド名を一つ書いてください
u021,14,基本的なファイル管理,基本的なファイル管理:t2,0.0,0.3558502609808299,0.3251261477360788,0.34048820435845434,0.06440138076141973,0.20244479255993703,-6.139907462756037,0.8333449589648054,-1.1313423711812791,0.05,ディレクトリ dir1 を archive.tar という名前のアーカイブにまとめるコマンドとして最も適切なものはどれですか？
u021,15,基本的なファイル管理,基本的なファイル管理:t2,0.0,0.3558502609808299,0.3251261477360788,0.34048820435845434,0.05331410855640391,0.19690115645742912,-6.139907462756037,1.079782842889703,-0.7049118100689108,0.0506380305473883,gzip 圧縮されたアーカイブ backup.tar.gz を展開する tar のコマンドを一つ書いてください
u021,16,基本的なファイル管理,基本的なファイル管理:t2,0.0,0.3558502609808299,0.3251261477360788,0.34048820435845434,0.21707319134273198,0.2787806978505932,-6.139907462756037,1.0160959932760532,0.0605333476967584,0.2156358485127576,1MB のゼロデータを10個連結したファイル zero.img を作成したいときに最も適切なコマンドはどれですか？
u021,17,基本的なファイル管理,基本的なファイル管理:t2,,0.3558502609808299,0.3251261477360788,0.34048820435845434,0.05245860762404511,0.19647340599124974,-6.139907462756037,1.0786539578094183,-0.571869105191423,0.0501239062067503,指定したファイルの種類を判定して表示するコマンド名を一つ書いてください
u021,18,所有者とパーミッション,所有者とパーミッション:t1,1.0,0.6873730929593671,0.7117937730830356,0.6995834330212014,0.9451921054561164,0.822387769238659,3.335032849591915,0.8838543016855865,0.636567762527371,0.35,ls -l の出力に含まれる r や w や x などの文字は何を表していますか？
u021,19,所有者とパーミッション,所有者とパーミッション:t1,1.0,0.6873730929593671,0.7117937730830356,0.6995834330212014,0.9781974818287609,0.8388904574249811,3.335032849591915,0.7694955224059895,-1.5396692830266308,0.0501462484179849,所有者に読み書きグループとその他に読み取りのみを許可するパーミッションを数字3桁で表したものとして正しいのはどれですか？
u021,20,所有者とパーミッション,所有者とパーミッション:t2,0.0,0.6873730929593671,0.38450936984940615,0.5359412314043867,0.9735617701489365,0.7547515007766616,3.335032849591915,1.069038527956945,0.2872849447946676,0.2861242148129458,ファイル script.sh に所有者だけ実行権限を追加する chmod の指定を一つ書いてください
u021,21,所有者とパーミッション,所有者とパーミッション:t1,,0.6873730929593671,0.7117937730830356,0.6995834330212014,0.9759619069201271,0.8377726699706642,3.335032849591915,1.023796809032469,-0.1819789265707181,0.0955893152535176,ファイル data.txt の所有者を user1 に変更するコマンドとして正しいものはどれですか？
u021,22,所有者とパーミッション,所有者とパーミッション:t1,1.0,0.6873730929593671,0.7117937730830356,0.6995834330212014,0.966894604521974,0.8332390187715877,3.335032849591915,0.9971459325822506,0.4014404237768084,0.3498656012445903,ファイル data.txt の所有グループを group1 に変更するコマンドを一つ書いてください
u021,23,所有者とパーミッション,所有者とパーミッション:t2,0.0,0.6873730929593671,0.38450936984940615,0.5359412314043867,0.9378568394894916,0.7368990354469391,3.335032849591915,0.5402809268579795,-1.587165246258202,0.05,ディレクトリ dir1 とその配下の全てのファイルに対して755のパーミッションを設定したいときに最も適切なコマンドはどれですか？
u021,24,所有者とパーミッション,所有者とパーミッション:t2,1.0,0.6873730929593671,0.38450936984940615,0.5359412314043867,0.9730796632185345,0.7545104473114606,3.335032849591915,1.0229892671149328,0.1354195999745567,0.2625206317911625,umask 022 の意味として最も適切な説明はどれですか？
u021,25,所有者とパーミッション,所有者とパーミッション:t3,1.0,0.6873730929593671,0.667628441085305,0.6775007670223361,0.9734094478096957,0.8254551074160159,3.335032849591915,1.0484800831860714,0.1935682699242609,0.2569518859740457,umask が 022 の環境で新しい通常ファイルを作成したときのデフォルトパーミッションを数字3桁で答えてください
u021,26,所有者とパーミッション,所有者とパーミッション:t3,,0.6873730929593671,0.667628441085305,0.6775007670223361,0.9733618718309638,0.8254313194266499,3.335032849591915,1.0647402213448909,0.3006301699301119,0.2993861022623606,実行ファイルに SUID ビットが設定されているときの動作として正しいものはどれですか？
u021,27,所有者とパーミッション,所有者とパーミッション:t3,1.0,0.6873730929593671,0.667628441085305,0.6775007670223361,0.983807819572445,0.8306542932973906,3.335032849591915,0.9182890250847582,-1.0802049659467,0.0502593675967861,ディレクトリに SGID ビットが設定されているときの効果として最も適切なものはどれですか？
u021,28,所有者とパーミッション,所有者とパーミッション:t3,1.0,0.6873730929593671,0.667628441085305,0.6775007670223361,0.9767255177874329,0.8271131424048845,3.335032849591915,1.0857191106832107,0.0603536444023921,0.1620911607977531,スティッキービットが設定された共有ディレクトリとしてよく使われる /tmp の特徴として正しいものはどれですか？
u021,29,所有者とパーミッション,所有者とパーミッション:t2,0.0,0.6873730929593671,0.38450936984940615,0.5359412314043867,0.9811188393206394,0.7585300353625131,3.335032849591915,0.8616931297063011,-1.1885448876304008,0.0502666554250788,パーミッション文字列 rwxr-xr-x を数字3桁で表したものを答えてください
u021,30,所有者とパーミッション,所有者とパーミッション:t2,1.0,0.6873730929593671,0.38450936984940615,0.5359412314043867,0.984103089968857,0.7600221606866218,3.335032849591915,1.0442899695543686,-0.5639596363118176,0.0516643107287579,/tmp ディレクトリ自体の情報だけを表示しその中身は一覧しないように ls で表示したいときのコマンドを一つ書いてください
u022,1,基本的なファイル管理,基本的なファイル管理:t1,,0.366031130608208,0.6081195373377324,0.4870753339729702,0.07365403817327337,0.2803646860731218,-3.58900403763061,1.1154903812173775,-0.2365575162111993,0.051641198039118,隠しファイルも含めてカレントディレクトリの内容を一覧表示するコマンドはどれですか？
u022,2,基本的なファイル管理,基本的なファイル管理:t1,,0.366031130608208,0.6081195373377324,0.4870753339729702,0.3590252692248805,0.4230503015989253,-3.58900403763061,1.0057893014389907,0.5690377053906269,0.3492400193748236,ファイルの詳細情報付き一覧を表示する ls のオプションとして正しいものはどれですか？
u022,3,基本的なファイル管理,基本的なファイル管理:t1,0.0,0.366031130608208,0.6081195373377324,0.4870753339729702,0.08540074975812935,0.2862380418655498,-3.58900403763061,1.0489017742155973,-0.4354143081768685,0.0519297250964802,現在の作業ディレクトリの絶対パスを表示するコマンドを一つ書いてください
u022,4,基本的なファイル管理,基本的なファイル管理:t1,1.0,0.366031130608208,0.6081195373377324,0.4870753339729702,0.10395634136760308,0.29551583767028666,-3.58900403763061,1.0549076376616389,-0.9254401280891048,0.05,ホームディレクトリに移動するコマンドとして最も適切なものはどれですか？
u022,5,基本的なファイル管理,基本的なファイル管理:t1,0.0,0.366031130608208,0.6081195373377324,0.4870753339729702,0.3686186461698019,0.42784699007138605,-3.58900403763061,0.8454804512192905,0.5787404422327526,0.35,dir1 とその中の dir2 を一度に作成したいときに最も適切なコマンドはどれですか？
u022,6,基本的なファイル管理,基本的なファイル管理:t2,,0.366031130608208,0.3186764441288892,0.3423537873685486,0.360885746153473,0.3516197667610108,-3.58900403763061,1.00510848894146,0.4134932167591427,0.3494454797573572,ディレクトリ A を中身ごと確認無しに削除したいときに最も適切なコマンドはどれですか？
u022,7,基本的なファイル管理,基本的なファイル管理:t2,0.0,0.366031130608208,0.3186764441288892,0.3423537873685486,0.06799179946705144,0.20517279341780004,-3.58900403763061,1.1721079163343606,-0.2212036076794035,0.05,rm コマンドで削除前に確認しながら対話的に削除したいときに付けるオプションはどれですか？
u022,8,基本的なファイル管理,基本的なファイル管理:t1,1.0,0.366031130608208,0.6081195373377324,0.4870753339729702,0.2002059630347551,0.34364064850386267,-3.58900403763061,1.08857668141035,0.097554322776923,0.1857478924744617,ファイル file1 をディレクトリ dir にコピーするコマンドとして正しいものはどれですか？
u022,9,基本的なファイル管理,基本的なファイル管理:t2,1.0,0.366031130608208,0.3186764441288892,0.3423537873685486,0.36052432903358506,0.3514390582010668,-3.58900403763061,1.026407237120382,0.2943384619096204,0.3486455001445267,ディレクトリ A をタイムスタンプと権限を保ったままディレクトリ B にコピーしたいときに最も適切なコマンドはどれですか？
u022,10,基本的なファイル管理,基本的なファイル管理:t1,1.0,0.366031130608208,0.6081195373377324,0.4870753339729702,0.36185819729530533,0.42446676563413777,-3.58900403763061,0.9802501128237442,0.413054929247417,0.3492349294404715,ディレクトリ A の中の file.txt をディレクトリ B に移動するコマンドとして正しいものはどれですか？
u022,11,基本的なファイル管理,基本的なファイル管理:t1,1.0,0.366031130608208,0.6081195373377324,0.4870753339729702,0.19576481342217544,0.3414200736975728,-3.58900403763061,0.7698974396962992,-1.3664390211980266,0.0504729411698893,file01.txt や file02.txt など2桁の番号付きファイルにマッチし fileA.txt にはマッチしないパターンはどれですか？
u022,12,基本的なファイル管理,基本的なファイル管理:t2,0.0,0.366031130608208,0.3186764441288892,0.3423537873685486,0.13342877091946947,0.23789127914400904,-3.58900403763061,0.9276876469650808,-1.0654636245897775,0.0500422196007094,echo {A、B、C}.txt の出力として最も適切なものはどれですか？
u022,13,基本的なファイル管理,基本的なファイル管理:t1,,0.366031130608208,0.6081195373377324,0.4870753339729702,0.13703306371348883,0.3120541988432295,-3.58900403763061,1.0844134734111268,-0.0665097679162885,0.1181070732968249,ファイルのタイムスタンプを更新したり存在しない場合は空のファイルを作成したりするコマンド名を一つ書いてください
u022,14,基本的なファイル管理,基本的なファイル管理:t2,1.0,0.366031130608208,0.3186764441288892,0.3423537873685486,0.15853420767449422,0.2504439975215214,-3.58900403763061,0.8333449589648054,-1.1313423711812791,0.05,ディレクトリ dir1 を archive.tar という名前のアーカイブにまとめるコマンドとして最も適切なものはどれですか？
u022,15,基本的なファイル管理,基本的なファイル管理:t2,,0.366031130608208,0.3186764441288892,0.3423537873685486,0.09101019596868926,0.21668199166861893,-3.58900403763061,1.079782842889703,-0.7049118100689108,0.0506380305473883,gzip 圧縮されたアーカイブ backup.tar.gz を展開する tar のコマンドを一つ書いてください
u022,16,基本的なファイル管理,基本的なファイル管理:t2,1.0,0.366031130608208,0.3186764441288892,0.3423537873685486,0.23440790121191346,0.28838084429023103,-3.58900403763061,1.0160959932760532,0.0605333476967584,0.2156358485127576,1MB のゼロデータを10個連結したファイル zero.img を作成したいときに最も適切なコマンドはどれですか？
u022,17,基本的なファイル管理,基本的なファイル管理:t2,0.0,0.366031130608208,0.3186764441288892,0.3423537873685486,0.0854284327697443,0.21389111006914646,-3.58900403763061,1.0786539578094183,-0.571869105191423,0.0501239062067503,指定したファイルの種類を判定して表示するコマンド名を一つ書いてください
u022,18,所有者とパーミッション,所有者とパーミッション:t1,,0.6974698385697887,0.7151097296645296,0.7062897841171591,0.9938256760066846,0.8500577300619219,5.894254000421938,0.8838543016855865,0.636567762527371,0.35,ls -l の出力に含まれる r や w や x などの文字は何を表していますか？
u022,19,所有者とパーミッション,所有者とパーミッション:t1,1.0,0.6974698385697887,0.7151097296645296,0.7062897841171591,0.9968960850132297,0.8515929345651945,5.894254000421938,0.7694955224059895,-1.5396692830266308,0.0501462484179849,所有者に読み書きグループとその他に読み取りのみを許可するパーミッションを数字3桁で表したものとして正しいのはどれですか？
u022,20,所有者とパーミッション,所有者とパーミッション:t2,,0.6974698385697887,0.4518018202419444,0.5746358294058665,0.9982243747223027,0.7864301020640847,5.894254000421938,1.069038527956945,0.2872849447946676,0.2861242148129458,ファイル script.sh に所有者だけ実行権限を追加する chmod の指定を一つ書いてください
u022,21,所有者とパーミッション,所有者とパーミッション:t1,1.0,0.6974698385697887,0.7151097296645296,0.7062897841171591,0.9982059600240161,0.8522478720705876,5.894254000421938,1.023796809032469,-0.1819789265707181,0.0955893152535176,ファイル data.txt の所有者を user1 に変更するコマンドとして正しいものはどれですか？
u022,22,所有者とパーミッション,所有者とパーミッション:t1,1.0,0.6974698385697887,0.7151097296645296,0.7062897841171591,0.9972929219985192,0.8517913530578392,5.894254000421938,0.9971459325822506,0.4014404237768084,0.3498656012445903,ファイル data.txt の所有グループを group1 に変更するコマンドを一つ書いてください
u022,23,所有者とパーミッション,所有者とパーミッション:t2,1.0,0.6974698385697887,0.4518018202419444,0.5746358294058665,0.9836048565784802,0.7791203429921734,5.894254000421938,0.5402809268579795,-1.587165246258202,0.05,ディレクトリ dir1 とその配下の全てのファイルに対して755のパーミッションを設定したいときに最も適切なコマンドはどれですか？
u022,24,所有者とパーミッション,所有者とパーミッション:t2,1.0,0.6974698385697887,0.4518018202419444,0.5746358294058665,0.9979675284711702,0.7863016789385184,5.894254000421938,1.0229892671149328,0.1354195999745567,0.2625206317911625,umask 022 の意味として最も適切な説明はどれですか？
u022,25,所有者とパーミッション,所有者とパーミッション:t3,1.0,0.6974698385697887,0.6750544969594301,0.6862621677646095,0.9981201870493928,0.8421911774070011,5.894254000421938,1.0484800831860714,0.1935682699242609,0.2569518859740457,umask が 022 の環境で新しい通常ファイルを作成したときのデフォルトパーミッションを数字3桁で答えてください
u022,26,所有者とパーミッション,所有者とパーミッション:t3,0.0,0.6974698385697887,0.6750544969594301,0.6862621677646095,0.9981894817342547,0.8422258247494321,5.894254000421938,1.0647402213448909,0.3006301699301119,0.2993861022623606,実行ファイルに SUID ビットが設定されているときの動作として正しいものはどれですか？
u022,27,所有者とパーミッション,所有者とパーミッション:t3,0.0,0.6974698385697887,0.6750544969594301,0.6862621677646095,0.9984317392736433,0.8423469535191264,5.894254000421938,0.9182890250847582,-1.0802049659467,0.0502593675967861,ディレクトリに SGID ビットが設定されているときの効果として最も適切なものはどれですか？
u022,28,所有者とパーミッション,所有者とパーミッション:t3,1.0,0.6974698385697887,0.6750544969594301,0.6862621677646095,0.9985153800444401,0.8423887739045248,5.894254000421938,1.0857191106832107,0.0603536444023921,0.1620911607977531,スティッキービットが設定された共有ディレクトリとしてよく使われる /tmp の特徴として正しいものはどれですか？
u022,29,所有者とパーミッション,所有者とパーミッション:t2,1.0,0.6974698385697887,0.4518018202419444,0.5746358294058665,0.99788141395581,0.7862586216808383,5.894254000421938,0.8616931297063011,-1.1885448876304008,0.0502666554250788,パーミッション文字列 rwxr-xr-x を数字3桁で表したものを答えてください
u022,30,所有者とパーミッション,所有者とパーミッション:t2,0.0,0.6974698385697887,0.4518018202419444,0.5746358294058665,0.9988845210338655,0.7867601752198661,5.894254000421938,1.0442899695543686,-0.5639596363118176,0.0516643107287579,/tmp ディレクトリ自体の情報だけを表示しその中身は一覧しないように ls で表示したいときのコマンドを一つ書いてください
u023,1,基本的なファイル管理,基本的なファイル管理:t1,0.0,0.35735778580116595,0.6255458865945247,0.4914518361978453,0.055610972984317705,0.2735314045910815,-5.141869900837796,1.1154903812173775,-0.2365575162111993,0.051641198039118,隠しファイルも含めてカレントディレクトリの内容を一覧表示するコマンドはどれですか？
u023,2,基本的なファイル管理,基本的なファイル管理:t1,1.0,0.35735778580116595,0.6255458865945247,0.4914518361978453,0.3513171224963486,0.421384479347097,-5.141869900837796,1.0057893014389907,0.5690377053906269,0.3492400193748236,ファイルの詳細情報付き一覧を表示する ls のオプションとして正しいものはどれですか？
u023,3,基本的なファイル管理,基本的なファイル管理:t1,,0.35735778580116595,0.6255458865945247,0.4914518361978453,0.058687311308206064,0.2750695737530257,-5.141869900837796,1.0489017742155973,-0.4354143081768685,0.0519297250964802,現在の作業ディレクトリの絶対パスを表示するコマンドを一つ書いてください
u023,4,基本的なファイル管理,基本的なファイル管理:t1,,0.35735778580116595,0.6255458865945247,0.4914518361978453,0.06098887454948848,0.2762203553736669,-5.141869900837796,1.0549076376616389,-0.9254401280891048,0.05,ホームディレクトリに移動するコマンドとして最も適切なものはどれですか？
u023,5,基本的なファイル管理,基本的なファイル管理:t1,1.0,0.35735778580116595,0.6255458865945247,0.4914518361978453,0.35511616931824763,0.42328400275804645,-5.141869900837796,0.8454804512192905,0.5787404422327526,0.35,dir1 とその中の dir2 を一度に作成したいときに最も適切なコマンドはどれですか？
u023,6,基本的なファイル管理,基本的なファイル管理:t2,,0.35735778580116595,0.3370517359167186,0.34720476085894225,0.35188141569525666,0.34954308827709946,-5.141869900837796,1.00510848894146,0.4134932167591427,0.3494454797573572,ディレクトリ A を中身ごと確認無しに削除したいときに最も適切なコマンドはどれですか？
u023,7,基本的なファイル管理,基本的なファイル管理:t2,1.0,0.35735778580116595,0.3370517359167186,0.34720476085894225,0.05296177142759434,0.2000832661432683,-5.141869900837796,1.1721079163343606,-0.2212036076794035,0.05,rm コマンドで削除前に確認しながら対話的に削除したいときに付けるオプションはどれですか？
u023,8,基本的なファイル管理,基本的なファイル管理:t1,0.0,0.35735778580116595,0.6255458865945247,0.4914518361978453,0.18845377013935913,0.3399528031686022,-5.141869900837796,1.08857668141035,0.097554322776923,0.1857478924744617,ファイル file1 をディレクトリ dir にコピーするコマンドとして正しいものはどれですか？
u023,9,基本的なファイル管理,基本的なファイル管理:t2,,0.35735778580116595,0.3370517359167186,0.34720476085894225,0.35109411886694863,0.34914943986294544,-5.141869900837796,1.026407237120382,0.2943384619096204,0.3486455001445267,ディレクトリ A をタイムスタンプと権限を保ったままディレクトリ B にコピーしたいときに最も適切なコマンドはどれですか？
u023,10,基本的なファイル管理,基本的なファイル管理:t1,1.0,0.35735778580116595,0.6255458865945247,0.4914518361978453,0.3520321475563976,0.42174199187712147,-5.141869900837796,0.9802501128237442,0.413054929247417,0.3492349294404715,ディレクトリ A の中の file.txt をディレクトリ B に移動するコマンドとして正しいものはどれですか？
u023,11,基本的なファイル管理,基本的なファイル管理:t1,,0.35735778580116595,0.6255458865945247,0.4914518361978453,0.0996808679367309,0.2955663520672881,-5.141869900837796,0.7698974396962992,-1.3664390211980266,0.0504729411698893,file01.txt や file02.txt など2桁の番号付きファイルにマッチし fileA.txt にはマッチしないパターンはどれですか？
u023,12,基本的なファイル管理,基本的なファイル管理:t2,0.0,0.35735778580116595,0.3370517359167186,0.34720476085894225,0.07120525457518738,0.20920500771706482,-5.141869900837796,0.9276876469650808,-1.0654636245897775,0.0500422196007094,echo {A、B、C}.txt の出力として最も適切なものはどれですか？
u023,13,基本的なファイル管理,基本的なファイル管理:t1,1.0,0.35735778580116595,0.6255458865945247,0.4914518361978453,0.121682979719615,0.30656740795873016,-5.141869900837796,1.0844134734111268,-0.0665097679162885,0.1181070732968249,ファイルのタイムスタンプを更新したり存在しない場合は空のファイルを作成したりするコマンド名を一つ書いてください
u023,14,基本的なファイル管理,基本的なファイル管理:t2,0.0,0.35735778580116595,0.3370517359167186,0.34720476085894225,0.08244541602943223,0.21482508844418724,-5.141869900837796,0.8333449589648054,-1.1313423711812791,0.05,ディレクトリ dir1 を archive.tar という名前のアーカイブにまとめるコマンドとして最も適切なものはどれですか？
u023,15,基本的なファイル管理,基本的なファイル管理:t2,0.0,0.35735778580116595,0.3370517359167186,0.34720476085894225,0.05845712434944041,0.20283094260419132,-5.141869900837796,1.079782842889703,-0.7049118100689108,0.0506380305473883,gzip 圧縮されたアーカイブ backup.tar.gz を展開する tar のコマンドを一つ書いてください
u023,16,基本的なファイル管理,基本的なファイル管理:t2,,0.35735778580116595,0.3370517359167186,0.34720476085894225,0.21958572301484433,0.2833952419368933,-5.141869900837796,1.0160959932760532,0.0605333476967584,0.2156358485127576,1MB のゼロデータを10個連結したファイル zero.img を作成したいときに最も適切なコマンドはどれですか？
u023,17,基本的なファイル管理,基本的なファイル管理:t2,0.0,0.35735778580116595,0.3370517359167186,0.34720476085894225,0.05694266619038802,0.20207371352466513,-5.141869900837796,1.0786539578094183,-0.571869105191423,0.0501239062067503,指定したファイルの種類を判定して表示するコマンド名を一つ書いてください
u023,18,所有者とパーミッション,所有者とパーミッション:t1,1.0,0.6953932059784895,0.6917329253854032,0.6935630656819464,0.9821624388323966,0.8378627522571716,4.673251145559903,0.8838543016855865,0.636567762527371,0.35,ls -l の出力に含まれる r や w や x などの文字は何を表していますか？
u023,19,所有者とパーミッション,所有者とパーミッション:t1,1.0,0.6953932059784895,0.6917329253854032,0.6935630656819464,0.9920978141899871,0.8428304399359667,4.673251145559903,0.7694955224059895,-1.5396692830266308,0.0501462484179849,所有者に読み書きグループとその他に読み取りのみを許可するパーミッションを数字3桁で表したものとして正しいのはどれですか？
u023,20,所有者とパーミッション,所有者とパーミッション:t2,0.0,0.6953932059784895,0.41871392807866753,0.5570535670285786,0.9934936010373898,0.7752735840329842,4.673251145559903,1.069038527956945,0.2872849447946676,0.2861242148129458,ファイル script.sh に所有者だけ実行権限を追加する chmod の指定を一つ書いてください
u023,21,所有者とパーミッション,所有者とパーミッション:t1,1.0,0.6953932059784895,0.6917329253854032,0.6935630656819464,0.9937686023782735,0.84366583403011,4.673251145559903,1.023796809032469,-0.1819789265707181,0.0955893152535176,ファイル data.txt の所有者を user1 に変更するコマンドとして正しいものはどれですか？
u023,22,所有者とパーミッション,所有者とパーミッション:t1,0.0,0.6953932059784895,0.6917329253854032,0.6935630656819464,0.9909430574148623,0.8422530615484043,4.673251145559903,0.9971459325822506,0.4014404237768084,0.3498656012445903,ファイル data.txt の所有グループを group1 に変更するコマンドを一つ書いてください
u023,23,所有者とパーミッション,所有者とパーミッション:t2,1.0,0.6953932059784895,0.41871392807866753,0.5570535670285786,0.968791948059126,0.7629227575438523,4.673251145559903,0.5402809268579795,-1.587165246258202,0.05,ディレクトリ dir1 とその配下の全てのファイルに対して755のパーミッションを設定したいときに最も適切なコマンドはどれですか？
u023,24,所有者とパーミッション,所有者とパーミッション:t2,,0.6953932059784895,0.41871392807866753,0.5570535670285786,0.9929608011983528,0.7750071841134657,4.673251145559903,1.0229892671149328,0.1354195999745567,0.2625206317911625,umask 022 の意味として最も適切な説明はどれですか？
u023,25,所有者とパーミッション,所有者とパーミッション:t3,1.0,0.6953932059784895,0.6757179505514819,0.6855555782649857,0.9932818017612933,0.8394186900131395,4.673251145559903,1.0484800831860714,0.1935682699242609,0.2569518859740457,umask が 022 の環境で新しい通常ファイルを作成したときのデフォルトパーミッションを数字3桁で答えてください
u023,26,所有者とパーミッション,所有者とパーミッション:t3,1.0,0.6953932059784895,0.6757179505514819,0.6855555782649857,0.9934018505270982,0.8394787143960419,4.673251145559903,1.0647402213448909,0.3006301699301119,0.2993861022623606,実行ファイルに SUID ビットが設定されているときの動作として正しいものはどれですか？
u023,27,所有者とパーミッション,所有者とパーミッション:t3,,0.6953932059784895,0.6757179505514819,0.6855555782649857,0.9952039594632663,0.840379768864126,4.673251145559903,0.9182890250847582,-1.0802049659467,0.0502593675967861,ディレクトリに SGID ビットが設定されているときの効果として最も適切なものはどれですか？
u023,28,所有者とパーミッション,所有者とパーミッション:t3,,0.6953932059784895,0.6757179505514819,0.6855555782649857,0.9944381077404862,0.839996843002736,4.673251145559903,1.0857191106832107,0.0603536444023921,0.1620911607977531,スティッキービットが設定された共有ディレクトリとしてよく使われる /tmp の特徴として正しいものはどれですか？
u023,29,所有者とパーミッション,所有者とパーミッション:t2,1.0,0.6953932059784895,0.41871392807866753,0.5570535670285786,0.9939580318507121,0.7755057994396453,4.673251145559903,0.8616931297063011,-1.1885448876304008,0.0502666554250788,パーミッション文字列 rwxr-xr-x を数字3桁で表したものを答えてください
u023,30,所有者とパーミッション,所有者とパーミッション:t2,0.0,0.6953932059784895,0.41871392807866753,0.5570535670285786,0.99601978448037,0.7765366757544743,4.673251145559903,1.0442899695543686,-0.5639596363118176,0.0516643107287579,/tmp ディレクトリ自体の情報だけを表示しその中身は一覧しないように ls で表示したいときのコマンドを一つ書いてください
u024,1,基本的なファイル管理,基本的なファイル管理:t1,1.0,0.7665715459350206,0.7550973831414588,0.7608344645382397,0.9999823689809563,0.880408416759598,9.528483929629541,1.1154903812173775,-0.2365575162111993,0.051641198039118,隠しファイルも含めてカレントディレクトリの内容を一覧表示するコマンドはどれですか？
u024,2,基本的なファイル管理,基本的なファイル管理:t1,1.0,0.7665715459350206,0.7550973831414588,0.7608344645382397,0.9999206031268209,0.8803775338325303,9.528483929629541,1.0057893014389907,0.5690377053906269,0.3492400193748236,ファイルの詳細情報付き一覧を表示する ls のオプションとして正しいものはどれですか？
u024,3,基本的なファイル管理,基本的なファイル管理:t1,0.0,0.7665715459350206,0.7550973831414588,0.7608344645382397,0.9999725873536145,0.8804035259459271,9.528483929629541,1.0489017742155973,-0.4354143081768685,0.0519297250964802,現在の作業ディレクトリの絶対パスを表示するコマンドを一つ書いてください
u024,4,基本的なファイル管理,基本的なファイル管理:t1,1.0,0.7665715459350206,0.7550973831414588,0.7608344645382397,0.9999845705705362,0.880409517554388,9.528483929629541,1.0549076376616389,-0.9254401280891048,0.05,ホームディレクトリに移動するコマンドとして最も適切なものはどれですか？
u024,5,基本的なファイル管理,基本的なファイル管理:t1,1.0,0.7665715459350206,0.7550973831414588,0.7608344645382397,0.9996639105699314,0.8802491875540855,9.528483929629541,0.8454804512192905,0.5787404422327526,0.35,dir1 とその中の dir2 を一度に作成したいときに最も適切なコマンドはどれですか？
u024,6,基本的なファイル管理,基本的なファイル管理:t2,1.0,0.7665715459350206,0.7293626293431458,0.7479670876390832,0.9999316992429921,0.8739493934410376,9.528483929629541,1.00510848894146,0.4134932167591427,0.3494454797573572,ディレクトリ A を中身ごと確認無しに削除したいときに最も適切なコマンドはどれですか？
u024,7,基本的なファイル管理,基本的なファイル管理:t2,1.0,0.7665715459350206,0.7293626293431458,0.7479670876390832,0.9999896548229087,0.8739783712309959,9.528483929629541,1.1721079163343606,-0.2212036076794035,0.05,rm コマンドで削除前に確認しながら対話的に削除したいときに付けるオプションはどれですか？
u024,8,基本的なファイル管理,基本的なファイル管理:t1,1.0,0.7665715459350206,0.7550973831414588,0.7608344645382397,0.999971676255764,0.8804030703970018,9.528483929629541,1.08857668141035,0.097554322776923,0.1857478924744617,ファイル file1 をディレクトリ dir にコピーするコマンドとして正しいものはどれですか？
u024,9,基本的なファイル管理,基本的なファイル管理:t2,1.0,0.7665715459350206,0.7293626293431458,0.7479670876390832,0.9999501639275328,0.873958625783308,9.528483929629541,1.026407237120382,0.2943384619096204,0.3486455001445267,ディレクトリ A をタイムスタンプと権限を保ったままディレクトリ B にコピーしたいときに最も適切なコマンドはどれですか？
u024,10,基本的なファイル管理,基本的なファイル管理:t1,1.0,0.7665715459350206,0.7550973831414588,0.7608344645382397,0.9999143411935283,0.880374402865884,9.528483929629541,0.9802501128237442,0.413054929247417,0.3492349294404715,ディレクトリ A の中の file.txt をディレクトリ B に移動するコマンドとして正しいものはどれですか？
u024,11,基本的なファイル管理,基本的なファイル管理:t1,,0.7665715459350206,0.7550973831414588,0.7608344645382397,0.9997839481426696,0.8803092063404546,9.528483929629541,0.7698974396962992,-1.3664390211980266,0.0504729411698893,file01.txt や file02.txt など2桁の番号付きファイルにマッチし fileA.txt にはマッチしないパターンはどれですか？
u024,12,基本的なファイル管理,基本的なファイル管理:t2,1.0,0.7665715459350206,0.7293626293431458,0.7479670876390832,0.9999487741331469,0.873957930886115,9.528483929629541,0.9276876469650808,-1.0654636245897775,0.0500422196007094,echo {A、B、C}.txt の出力として最も適切なものはどれですか？
u024,13,基本的なファイル管理,基本的なファイル管理:t1,1.0,0.7665715459350206,0.7550973831414588,0.7608344645382397,0.9999732948827496,0.8804038797104946,9.528483929629541,1.0844134734111268,-0.0665097679162885,0.1181070732968249,ファイルのタイムスタンプを更新したり存在しない場合は空のファイルを作成したりするコマンド名を一つ書いてください
u024,14,基本的なファイル管理,基本的なファイル管理:t2,1.0,0.7665715459350206,0.7293626293431458,0.7479670876390832,0.9998682684581285,0.8739176780486058,9.528483929629541,0.8333449589648054,-1.1313423711812791,0.05,ディレクトリ dir1 を archive.tar という名前のアーカイブにまとめるコマンドとして最も適切なものはどれですか？
u024,15,基本的なファイル管理,基本的なファイル管理:t2,0.0,0.7665715459350206,0.7293626293431458,0.7479670876390832,0.9999849152485909,0.873976001443837,9.528483929629541,1.079782842889703,-0.7049118100689108,0.0506380305473883,gzip 圧縮されたアーカイブ backup.tar.gz を展開する tar のコマンドを一つ書いてください
u024,16,基本的なファイル管理,基本的なファイル管理:t2,,0.7665715459350206,0.7293626293431458,0.7479670876390832,0.9999479494346232,0.8739575185368531,9.528483929629541,1.0160959932760532,0.0605333476967584,0.2156358485127576,1MB のゼロデータを10個連結したファイル zero.img を作成したいときに最も適切なコマンドはどれですか？
u024,17,基本的なファイル管理,基本的なファイル管理:t2,,0.7665715459350206,0.7293626293431458,0.7479670876390832,0.9999823756318812,0.8739747316354822,9.528483929629541,1.0786539578094183,-0.571869105191423,0.0501239062067503,指定したファイルの種類を判定して表示するコマンド名を一つ書いてください
u024,18,所有者とパーミッション,所有者とパーミッション:t1,0.0,0.38186728360856387,0.44122599786831035,0.4115466407384371,0.35531209089738364,0.3834293658179104,-4.7928121759475175,0.8838543016855865,0.636567762527371,0.35,ls -l の出力に含まれる r や w や x などの文字は何を表していますか？
u024,19,所有者とパーミッション,所有者とパーミッション:t1,1.0,0.38186728360856387,0.44122599786831035,0.4115466407384371,0.1219823930858522,0.26676451691214464,-4.7928121759475175,0.7694955224059895,-1.5396692830266308,0.0501462484179849,所有者に読み書きグループとその他に読み取りのみを許可するパーミッションを数字3桁で表したものとして正しいのはどれですか？
u024,20,所有者とパーミッション,所有者とパーミッション:t2,,0.38186728360856387,0.3854009995956919,0.3836341416021279,0.2892370049869751,0.3364355732945515,-4.7928121759475175,1.069038527956945,0.2872849447946676,0.2861242148129458,ファイル script.sh に所有者だけ実行権限を追加する chmod の指定を一つ書いてください
u024,21,所有者とパーミッション,所有者とパーミッション:t1,1.0,0.38186728360856387,0.44122599786831035,0.4115466407384371,0.10357664439538967,0.2575616425669134,-4.7928121759475175,1.023796809032469,-0.1819789265707181,0.0955893152535176,ファイル data.txt の所有者を user1 に変更するコマンドとして正しいものはどれですか？
u024,22,所有者とパーミッション,所有者とパーミッション:t1,1.0,0.38186728360856387,0.44122599786831035,0.4115466407384371,0.3535061550882116,0.3825263979133243,-4.7928121759475175,0.9971459325822506,0.4014404237768084,0.3498656012445903,ファイル data.txt の所有グループを group1 に変更するコマンドを一つ書いてください
u024,23,所有者とパーミッション,所有者とパーミッション:t2,1.0,0.38186728360856387,0.3854009995956919,0.3836341416021279,0.19282141993984564,0.28822778077098676,-4.7928121759475175,0.5402809268579795,-1.587165246258202,0.05,ディレクトリ dir1 とその配下の全てのファイルに対して755のパーミッションを設定したいときに最も適切なコマンドはどれですか？
u024,24,所有者とパーミッション,所有者とパーミッション:t2,1.0,0.38186728360856387,0.3854009995956919,0.3836341416021279,0.2672569819880628,0.3254455617950953,-4.7928121759475175,1.0229892671149328,0.1354195999745567,0.2625206317911625,umask 022 の意味として最も適切な説明はどれですか？
u024,25,所有者とパーミッション,所有者とパーミッション:t3,0.0,0.38186728360856387,0.42279313952930625,0.40233021156893506,0.2609160339707277,0.3316231227698314,-4.7928121759475175,1.0484800831860714,0.1935682699242609,0.2569518859740457,umask が 022 の環境で新しい通常ファイルを作成したときのデフォルトパーミッションを数字3桁で答えてください
u024,26,所有者とパーミッション,所有者とパーミッション:t3,,0.38186728360856387,0.42279313952930625,0.40233021156893506,0.30246435053327103,0.352397281051103,-4.7928121759475175,1.0647402213448909,0.3006301699301119,0.2993861022623606,実行ファイルに SUID ビットが設定されているときの動作として正しいものはどれですか？
u024,27,所有者とパーミッション,所有者とパーミッション:t3,1.0,0.38186728360856387,0.42279313952930625,0.40233021156893506,0.08065841551368981,0.24149431354131243,-4.7928121759475175,0.9182890250847582,-1.0802049659467,0.0502593675967861,ディレクトリに SGID ビットが設定されているときの効果として最も適切なものはどれですか？
u024,28,所有者とパーミッション,所有者とパーミッション:t3,,0.38186728360856387,0.42279313952930625,0.40233021156893506,0.16638250398336274,0.28435635777614887,-4.7928121759475175,1.0857191106832107,0.0603536444023921,0.1620911607977531,スティッキービットが設定された共有ディレクトリとしてよく使われる /tmp の特徴として正しいものはどれですか？
u024,29,所有者とパーミッション,所有者とパーミッション:t2,0.0,0.38186728360856387,0.3854009995956919,0.3836341416021279,0.09098151280210968,0.2373078272021188,-4.7928121759475175,0.8616931297063011,-1.1885448876304008,0.0502666554250788,パーミッション文字列 rwxr-xr-x を数字3桁で表したものを答えてください
u024,30,所有者とパーミッション,所有者とパーミッション:t2,0.0,0.38186728360856387,0.3854009995956919,0.3836341416021279,0.06298409445566405,0.22330911802889597,-4.7928121759475175,1.0442899695543686,-0.5639596363118176,0.0516643107287579,/tmp ディレクトリ自体の情報だけを表示しその中身は一覧しないように ls で表示したいときのコマンドを一つ書いてください
u025,1,基本的なファイル管理,基本的なファイル管理:t1,0.0,0.35919835312405873,0.3728501374403126,0.3660242452821857,0.05915255679145321,0.21258840103681945,-4.56681863780615,1.1154903812173775,-0.2365575162111993,0.051641198039118,隠しファイルも含めてカレントディレクトリの内容を一覧表示するコマンドはどれですか？
u025,2,基本的なファイル管理,基本的なファイル管理:t1,0.0,0.35919835312405873,0.3728501374403126,0.3660242452821857,0.35293456678178525,0.35947940603198547,-4.56681863780615,1.0057893014389907,0.5690377053906269,0.3492400193748236,ファイルの詳細情報付き一覧を表示する ls のオプションとして正しいものはどれですか？
u025,3,基本的なファイル管理,基本的なファイル管理:t1,1.0,0.35919835312405873,0.3728501374403126,0.3660242452821857,0.06420950852171779,0.21511687690195175,-4.56681863780615,1.0489017742155973,-0.4354143081768685,0.0519297250964802,現在の作業ディレクトリの絶対パスを表示するコマンドを一つ書いてください
u025,4,基本的なファイル管理,基本的なファイル管理:t1,0.0,0.35919835312405873,0.3728501374403126,0.3660242452821857,0.06996350439659381,0.21799387483938976,-4.56681863780615,1.0549076376616389,-0.9254401280891048,0.05,ホームディレクトリに移動するコマンドとして最も適切なものはどれですか？
u025,5,基本的なファイル管理,基本的なファイル管理:t1,,0.35919835312405873,0.3728501374403126,0.3660242452821857,0.3582786880121263,0.36215146664715603,-4.56681863780615,0.8454804512192905,0.5787404422327526,0.35,dir1 とその中の dir2 を一度に作成したいときに最も適切なコマンドはどれですか？
u025,6,基本的なファイル管理,基本的なファイル管理:t2,,0.35919835312405873,0.4007162856554984,0.37995731938977856,0.3537747302695047,0.3668660248296416,-4.56681863780615,1.00510848894146,0.4134932167591427,0.3494454797573572,ディレクトリ A を中身ごと確認無しに削除したいときに最も適切なコマンドはどれですか？
u025,7,基本的なファイル管理,基本的なファイル管理:t2,,0.35919835312405873,0.4007162856554984,0.37995731938977856,0.05579395211793898,0.21787563575385877,-4.56681863780615,1.1721079163343606,-0.2212036076794035,0.05,rm コマンドで削除前に確認しながら対話的に削除したいときに付けるオプションはどれですか？
u025,8,基本的なファイル管理,基本的なファイル管理:t1,1.0,0.35919835312405873,0.3728501374403126,0.3660242452821857,0.19079354227971804,0.27840889378095185,-4.56681863780615,1.08857668141035,0.097554322776923,0.1857478924744617,ファイル file1 をディレクトリ dir にコピーするコマンドとして正しいものはどれですか？
u025,9,基本的なファイル管理,基本的なファイル管理:t2,0.0,0.35919835312405873,0.4007162856554984,0.37995731938977856,0.35305050518199504,0.3665039122858868,-4.56681863780615,1.026407237120382,0.2943384619096204,0.3486455001445267,ディレクトリ A をタイムスタンプと権限を保ったままディレクトリ B にコピーしたいときに最も適切なコマンドはどれですか？
u025,10,基本的なファイル管理,基本的なファイル管理:t1,,0.35919835312405873,0.3728501374403126,0.3660242452821857,0.3541341211700569,0.3600791832261213,-4.56681863780615,0.9802501128237442,0.413054929247417,0.3492349294404715,ディレクトリ A の中の file.txt をディレクトリ B に移動するコマンドとして正しいものはどれですか？
u025,11,基本的なファイル管理,基本的なファイル管理:t1,,0.35919835312405873,0.3728501374403126,0.3660242452821857,0.12493804541160036,0.24548114534689303,-4.56681863780615,0.7698974396962992,-1.3664390211980266,0.0504729411698893,file01.txt や file02.txt など2桁の番号付きファイルにマッチし fileA.txt にはマッチしないパターンはどれですか？
u025,12,基本的なファイル管理,基本的なファイル管理:t2,,0.35919835312405873,0.4007162856554984,0.37995731938977856,0.0855639195654041,0.23276061947759133,-4.56681863780615,0.9276876469650808,-1.0654636245897775,0.0500422196007094,echo {A、B、C}.txt の出力として最も適切なものはどれですか？
u025,13,基本的なファイル管理,基本的なファイル管理:t1,1.0,0.35919835312405873,0.3728501374403126,0.3660242452821857,0.12475502139045552,0.2453896333363206,-4.56681863780615,1.0844134734111268,-0.0665097679162885,0.1181070732968249,ファイルのタイムスタンプを更新したり存在しない場合は空のファイルを作成したりするコマンド名を一つ書いてください
u025,14,基本的なファイル管理,基本的なファイル管理:t2,,0.35919835312405873,0.4007162856554984,0.37995731938977856,0.10131561398812171,0.24063646668895014,-4.56681863780615,0.8333449589648054,-1.1313423711812791,0.05,ディレクトリ dir1 を archive.tar という名前のアーカイブにまとめるコマンドとして最も適切なものはどれですか？
u025,15,基本的なファイル管理,基本的なファイル管理:t2,1.0,0.35919835312405873,0.4007162856554984,0.37995731938977856,0.06508429174168512,0.22252080556573184,-4.56681863780615,1.079782842889703,-0.7049118100689108,0.0506380305473883,gzip 圧縮されたアーカイブ backup.tar.gz を展開する tar のコマンドを一つ書いてください
u025,16,基本的なファイル管理,基本的なファイル管理:t2,1.0,0.35919835312405873,0.4007162856554984,0.37995731938977856,0.22269272076104507,0.30132502007541184,-4.56681863780615,1.0160959932760532,0.0605333476967584,0.2156358485127576,1MB のゼロデータを10個連結したファイル zero.img を作成したいときに最も適切なコマンドはどれですか？
u025,17,基本的なファイル管理,基本的なファイル管理:t2,0.0,0.35919835312405873,0.4007162856554984,0.37995731938977856,0.06272531066866141,0.22134131502922,-4.56681863780615,1.0786539578094183,-0.571869105191423,0.0501239062067503,指定したファイルの種類を判定して表示するコマンド名を一つ書いてください
u025,18,所有者とパーミッション,所有者とパーミッション:t1,1.0,0.6233264044825751,0.7225874230154027,0.6729569137489889,0.7515503253264506,0.7122536195377198,1.179748419420727,0.8838543016855865,0.636567762527371,0.35,ls -l の出力に含まれる r や w や x などの文字は何を表していますか？
u025,19,所有者とパーミッション,所有者とパーミッション:t1,1.0,0.6233264044825751,0.7225874230154027,0.6729569137489889,0.8956869419551431,0.784321927852066,1.179748419420727,0.7694955224059895,-1.5396692830266308,0.0501462484179849,所有者に読み書きグループとその他に読み取りのみを許可するパーミッションを数字3桁で表したものとして正しいのはどれですか？
u025,20,所有者とパーミッション,所有者とパーミッション:t2,1.0,0.6233264044825751,0.3933257385264914,0.5083260715045332,0.8014957903465696,0.6549109309255514,1.179748419420727,1.069038527956945,0.2872849447946676,0.2861242148129458,ファイル script.sh に所有者だけ実行権限を追加する chmod の指定を一つ書いてください
u025,21,所有者とパーミッション,所有者とパーミッション:t1,0.0,0.6233264044825751,0.7225874230154027,0.6729569137489889,0.8202493639760877,0.7466031388625383,1.179748419420727,1.023796809032469,-0.1819789265707181,0.0955893152535176,ファイル data.txt の所有者を user1 に変更するコマンドとして正しいものはどれですか？
u025,22,所有者とパーミッション,所有者とパーミッション:t1,,0.6233264044825751,0.7225874230154027,0.6729569137489889,0.7951010980411913,0.7340290058950901,1.179748419420727,0.9971459325822506,0.4014404237768084,0.3498656012445903,ファイル data.txt の所有グループを group1 に変更するコマンドを一つ書いてください
u025,23,所有者とパーミッション,所有者とパーミッション:t2,1.0,0.6233264044825751,0.3933257385264914,0.5083260715045332,0.8259734852425857,0.6671497783735595,1.179748419420727,0.5402809268579795,-1.587165246258202,0.05,ディレクトリ dir1 とその配下の全てのファイルに対して755のパーミッションを設定したいときに最も適切なコマンドはどれですか？
u025,24,所有者とパーミッション,所有者とパーミッション:t2,0.0,0.6233264044825751,0.3933257385264914,0.5083260715045332,0.8114121916322651,0.6598691315683991,1.179748419420727,1.0229892671149328,0.1354195999745567,0.2625206317911625,umask 022 の意味として最も適切な説明はどれですか？
u025,25,所有者とパーミッション,所有者とパーミッション:t3,0.0,0.6233264044825751,0.4635816160430929,0.543454010262834,0.8050901251851043,0.6742720677239691,1.179748419420727,1.0484800831860714,0.1935682699242609,0.2569518859740457,umask が 022 の環境で新しい通常ファイルを作成したときのデフォルトパーミッションを数字3桁で答えてください
u025,26,所有者とパーミッション,所有者とパーミッション:t3,1.0,0.6233264044825751,0.4635816160430929,0.543454010262834,0.802635353230784,0.673044681746809,1.179748419420727,1.0647402213448909,0.3006301699301119,0.2993861022623606,実行ファイルに SUID ビットが設定されているときの動作として正しいものはどれですか？
u025,27,所有者とパーミッション,所有者とパーミッション:t3,0.0,0.6233264044825751,0.4635816160430929,0.543454010262834,0.8940832496693457,0.7187686299660898,1.179748419420727,0.9182890250847582,-1.0802049659467,0.0502593675967861,ディレクトリに SGID ビットが設定されているときの効果として最も適切なものはどれですか？
u025,28,所有者とパーミッション,所有者とパーミッション:t3,1.0,0.6233264044825751,0.4635816160430929,0.543454010262834,0.8083232424025055,0.6758886263326698,1.179748419420727,1.0857191106832107,0.0603536444023921,0.1620911607977531,スティッキービットが設定された共有ディレクトリとしてよく使われる /tmp の特徴として正しいものはどれですか？
u025,29,所有者とパーミッション,所有者とパーミッション:t2,0.0,0.6233264044825751,0.3933257385264914,0.5083260715045332,0.8907890314409543,0.6995575514727438,1.179748419420727,0.8616931297063011,-1.1885448876304008,0.0502666554250788,パーミッション文字列 rwxr-xr-x を数字3桁で表したものを答えてください
u025,30,所有者とパーミッション,所有者とパーミッション:t2,0.0,0.6233264044825751,0.3933257385264914,0.5083260715045332,0.867876450720179,0.6881012611123561,1.179748419420727,1.0442899695543686,-0.5639596363118176,0.0516643107287579,/tmp ディレクトリ自体の情報だけを表示しその中身は一覧しないように ls で表示したいときのコマンドを一つ書いてください
u026,1,基本的なファイル管理,基本的なファイル管理:t1,,0.355676129515445,0.35552015437815904,0.35559814194680206,0.05266519477360316,0.2041316683602026,-6.359370721129651,1.1154903812173775,-0.2365575162111993,0.051641198039118,隠しファイルも含めてカレントディレクトリの内容を一覧表示するコマンドはどれですか？
u026,2,基本的なファイル管理,基本的なファイル管理:t1,,0.355676129515445,0.35552015437815904,0.35559814194680206,0.3498518383738028,0.35272499016030245,-6.359370721129651,1.0057893014389907,0.5690377053906269,0.3492400193748236,ファイルの詳細情報付き一覧を表示する ls のオプションとして正しいものはどれですか？
u026,3,基本的なファイル管理,基本的なファイル管理:t1,0.0,0.355676129515445,0.35552015437815904,0.35559814194680206,0.05382389428237499,0.20471101811458853,-6.359370721129651,1.0489017742155973,-0.4354143081768685,0.0519297250964802,現在の作業ディレクトリの絶対パスを表示するコマンドを一つ書いてください
u026,4,基本的なファイル管理,基本的なファイル管理:t1,0.0,0.355676129515445,0.35552015437815904,0.35559814194680206,0.053067714131458936,0.2043329280391305,-6.359370721129651,1.0549076376616389,-0.9254401280891048,0.05,ホームディレクトリに移動するコマンドとして最も適切なものはどれですか？
u026,5,基本的なファイル管理,基本的なファイル管理:t1,1.0,0.355676129515445,0.35552015437815904,0.35559814194680206,0.35183694696018153,0.3537175444534918,-6.359370721129651,0.8454804512192905,0.5787404422327526,0.35,dir1 とその中の dir2 を一度に作成したいときに最も適切なコマンドはどれですか？
u026,6,基本的なファイル管理,基本的なファイル管理:t2,,0.355676129515445,0.3040090682867307,0.32984259890108786,0.35016386966211893,0.3400032342816034,-6.359370721129651,1.00510848894146,0.4134932167591427,0.3494454797573572,ディレクトリ A を中身ごと確認無しに削除したいときに最も適切なコマンドはどれですか？
u026,7,基本的なファイル管理,基本的なファイル管理:t2,0.0,0.355676129515445,0.3040090682867307,0.32984259890108786,0.05071256607673579,0.19027758248891183,-6.359370721129651,1.1721079163343606,-0.2212036076794035,0.05,rm コマンドで削除前に確認しながら対話的に削除したいときに付けるオプションはどれですか？
u026,8,基本的なファイル管理,基本的なファイル管理:t1,0.0,0.355676129515445,0.35552015437815904,0.35559814194680206,0.18646863482576367,0.2710333883862829,-6.359370721129651,1.08857668141035,0.097554322776923,0.1857478924744617,ファイル file1 をディレクトリ dir にコピーするコマンドとして正しいものはどれですか？
u026,9,基本的なファイル管理,基本的なファイル管理:t2,0.0,0.355676129515445,0.3040090682867307,0.32984259890108786,0.34934917271872995,0.3395958858099089,-6.359370721129651,1.026407237120382,0.2943384619096204,0.3486455001445267,ディレクトリ A をタイムスタンプと権限を保ったままディレクトリ B にコピーしたいときに最も適切なコマンドはどれですか？
u026,10,基本的なファイル管理,基本的なファイル管理:t1,0.0,0.355676129515445,0.35552015437815904,0.35559814194680206,0.3500855150492158,0.35284182849800894,-6.359370721129651,0.9802501128237442,0.413054929247417,0.3492349294404715,ディレクトリ A の中の file.txt をディレクトリ B に移動するコマンドとして正しいものはどれですか？
u026,11,基本的なファイル管理,基本的なファイル管理:t1,0.0,0.355676129515445,0.35552015437815904,0.35559814194680206,0.07037330023630452,0.21298572109155328,-6.359370721129651,0.7698974396962992,-1.3664390211980266,0.0504729411698893,file01.txt や file02.txt など2桁の番号付きファイルにマッチし fileA.txt にはマッチしないパターンはどれですか？
u026,12,基本的なファイル管理,基本的なファイル管理:t2,0.0,0.355676129515445,0.3040090682867307,0.32984259890108786,0.05698698273020852,0.1934147908156482,-6.359370721129651,0.9276876469650808,-1.0654636245897775,0.0500422196007094,echo {A、B、C}.txt の出力として最も適切なものはどれですか？
u026,13,基本的なファイル管理,基本的なファイル管理:t1,0.0,0.355676129515445,0.35552015437815904,0.35559814194680206,0.11906490876873004,0.23733152535776605,-6.359370721129651,1.0844134734111268,-0.0665097679162885,0.1181070732968249,ファイルのタイムスタンプを更新したり存在しない場合は空のファイルを作成したりするコマンド名を一つ書いてください
u026,14,基本的なファイル管理,基本的なファイル管理:t2,,0.355676129515445,0.3040090682867307,0.32984259890108786,0.062024814898129894,0.19593370689960887,-6.359370721129651,0.8333449589648054,-1.1313423711812791,0.05,ディレクトリ dir1 を archive.tar という名前のアーカイブにまとめるコマンドとして最も適切なものはどれですか？
u026,15,基本的なファイル管理,基本的なファイル管理:t2,,0.355676129515445,0.3040090682867307,0.32984259890108786,0.05275074701167131,0.1912966729563796,-6.359370721129651,1.079782842889703,-0.7049118100689108,0.0506380305473883,gzip 圧縮されたアーカイブ backup.tar.gz を展開する tar のコマンドを一つ書いてください
u026,16,基本的なファイル管理,基本的なファイル管理:t2,0.0,0.355676129515445,0.3040090682867307,0.32984259890108786,0.21678631415162014,0.273314456526354,-6.359370721129651,1.0160959932760532,0.0605333476967584,0.2156358485127576,1MB のゼロデータを10個連結したファイル zero.img を作成したいときに最も適切なコマンドはどれですか？
u026,17,基本的なファイル管理,基本的なファイル管理:t2,,0.355676129515445,0.3040090682867307,0.32984259890108786,0.05196742722016136,0.1909050130606246,-6.359370721129651,1.0786539578094183,-0.571869105191423,0.0501239062067503,指定したファイルの種類を判定して表示するコマンド名を一つ書いてください
u026,18,所有者とパーミッション,所有者とパーミッション:t1,1.0,0.6983413029474111,0.71521307342889,0.7067771881881506,0.9999317261199492,0.8533544571540499,11.001506099563198,0.8838543016855865,0.636567762527371,0.35,ls -l の出力に含まれる r や w や x などの文字は何を表していますか？
u026,19,所有者とパーミッション,所有者とパーミッション:t1,1.0,0.6983413029474111,0.71521307342889,0.7067771881881506,0.9999388322185325,0.8533580102033416,11.001506099563198,0.7694955224059895,-1.5396692830266308,0.0501462484179849,所有者に読み書きグループとその他に読み取りのみを許可するパーミッションを数字3桁で表したものとして正しいのはどれですか？
u026,20,所有者とパーミッション,所有者とパーミッション:t2,1.0,0.6983413029474111,0.7924761102357532,0.7454087065915822,0.9999924273851043,0.8727005669883432,11.001506099563198,1.069038527956945,0.2872849447946676,0.2861242148129458,ファイル script.sh に所有者だけ実行権限を追加する chmod の指定を一つ書いてください
u026,21,所有者とパーミッション,所有者とパーミッション:t1,1.0,0.6983413029474111,0.71521307342889,0.7067771881881506,0.9999903649075563,0.8533837765478535,11.001506099563198,1.023796809032469,-0.1819789265707181,0.0955893152535176,ファイル data.txt の所有者を user1 に変更するコマンドとして正しいものはどれですか？
u026,22,所有者とパーミッション,所有者とパーミッション:t1,,0.6983413029474111,0.71521307342889,0.7067771881881506,0.9999833052160084,0.8533802467020795,11.001506099563198,0.9971459325822506,0.4014404237768084,0.3498656012445903,ファイル data.txt の所有グループを group1 に変更するコマンドを一つ書いてください
u026,23,所有者とパーミッション,所有者とパーミッション:t2,1.0,0.6983413029474111,0.7924761102357532,0.7454087065915822,0.998944587818282,0.8721766472049322,11.001506099563198,0.5402809268579795,-1.587165246258202,0.05,ディレクトリ dir1 とその配下の全てのファイルに対して755のパーミッションを設定したいときに最も適切なコマンドはどれですか？
u026,24,所有者とパーミッション,所有者とパーミッション:t2,1.0,0.6983413029474111,0.7924761102357532,0.7454087065915822,0.9999890308295354,0.8726988687105588,11.001506099563198,1.0229892671149328,0.1354195999745567,0.2625206317911625,umask 022 の意味として最も適切な説明はどれですか？
u026,25,所有者とパーミッション,所有者とパーミッション:t3,1.0,0.6983413029474111,0.6503567749979468,0.674349038972679,0.9999910951458422,0.8371700670592606,11.001506099563198,1.0484800831860714,0.1935682699242609,0.2569518859740457,umask が 022 の環境で新しい通常ファイルを作成したときのデフォルトパーミッションを数字3桁で答えてください
u026,26,所有者とパーミッション,所有者とパーミッション:t3,,0.6983413029474111,0.6503567749979468,0.674349038972679,0.9999921064343428,0.8371705727035108,11.001506099563198,1.0647402213448909,0.3006301699301119,0.2993861022623606,実行ファイルに SUID ビットが設定されているときの動作として正しいものはどれですか？
u026,27,所有者とパーミッション,所有者とパーミッション:t3,1.0,0.6983413029474111,0.6503567749979468,0.674349038972679,0.9999855683121142,0.8371673036423966,11.001506099563198,0.9182890250847582,-1.0802049659467,0.0502593675967861,ディレクトリに SGID ビットが設定されているときの効果として最も適切なものはどれですか？
u026,28,所有者とパーミッション,所有者とパーミッション:t3,1.0,0.6983413029474111,0.6503567749979468,0.674349038972679,0.9999941896585299,0.8371716143156045,11.001506099563198,1.0857191106832107,0.0603536444023921,0.1620911607977531,スティッキービットが設定された共有ディレクトリとしてよく使われる /tmp の特徴として正しいものはどれですか？
u026,29,所有者とパーミッション,所有者とパーミッション:t2,1.0,0.6983413029474111,0.7924761102357532,0.7454087065915822,0.9999739549970632,0.8726913307943227,11.001506099563198,0.8616931297063011,-1.1885448876304008,0.0502666554250788,パーミッション文字列 rwxr-xr-x を数字3桁で表したものを答えてください
u026,30,所有者とパーミッション,所有者とパーミッション:t2,1.0,0.6983413029474111,0.7924761102357532,0.7454087065915822,0.9999946088523999,0.872701657721991,11.001506099563198,1.0442899695543686,-0.5639596363118176,0.0516643107287579,/tmp ディレクトリ自体の情報だけを表示しその中身は一覧しないように ls で表示したいときのコマンドを一つ書いてください
u027,1,基本的なファイル管理,基本的なファイル管理:t1,0.0,0.3596280003070946,0.6826337916399848,0.5211308959735397,0.060010003656246744,0.2905704498148932,-4.4690978735931335,1.1154903812173775,-0.2365575162111993,0.051641198039118,隠しファイルも含めてカレントディレクトリの内容を一覧表示するコマンドはどれですか？
u027,2,基本的なファイル管理,基本的なファイル管理:t1,,0.3596280003070946,0.6826337916399848,0.5211308959735397,0.35331374670779264,0.4372223213406662,-4.4690978735931335,1.0057893014389907,0.5690377053906269,0.3492400193748236,ファイルの詳細情報付き一覧を表示する ls のオプションとして正しいものはどれですか？
u027,3,基本的なファイル管理,基本的なファイル管理:t1,,0.3596280003070946,0.6826337916399848,0.5211308959735397,0.06551595409396789,0.2933234250337538,-4.4690978735931335,1.0489017742155973,-0.4354143081768685,0.0519297250964802,現在の作業ディレクトリの絶対パスを表示するコマンドを一つ書いてください
u027,4,基本的なファイル管理,基本的なファイル管理:t1,,0.3596280003070946,0.6826337916399848,0.5211308959735397,0.07208089891780256,0.2966058974456711,-4.4690978735931335,1.0549076376616389,-0.9254401280891048,0.05,ホームディレクトリに移動するコマンドとして最も適切なものはどれですか？
u027,5,基本的なファイル管理,基本的なファイル管理:t1,1.0,0.3596280003070946,0.6826337916399848,0.5211308959735397,0.35898187905560724,0.44005638751457343,-4.4690978735931335,0.8454804512192905,0.5787404422327526,0.35,dir1 とその中の dir2 を一度に作成したいときに最も適切なコマンドはどれですか？
u027,6,基本的なファイル管理,基本的なファイル管理:t2,,0.3596280003070946,0.31474794602548023,0.3371879731662874,0.35421825447945327,0.34570311382287033,-4.4690978735931335,1.00510848894146,0.4134932167591427,0.3494454797573572,ディレクトリ A を中身ごと確認無しに削除したいときに最も適切なコマンドはどれですか？
u027,7,基本的なファイル管理,基本的なファイル管理:t2,0.0,0.3596280003070946,0.31474794602548023,0.3371879731662874,0.05649228175072323,0.19684012745850532,-4.4690978735931335,1.1721079163343606,-0.2212036076794035,0.05,rm コマンドで削除前に確認しながら対話的に削除したいときに付けるオプションはどれですか？
u027,8,基本的なファイル管理,基本的なファイル管理:t1,,0.3596280003070946,0.6826337916399848,0.5211308959735397,0.19135596855778908,0.35624343226566435,-4.4690978735931335,1.08857668141035,0.097554322776923,0.1857478924744617,ファイル file1 をディレクトリ dir にコピーするコマンドとして正しいものはどれですか？
u027,9,基本的なファイル管理,基本的なファイル管理:t2,0.0,0.3596280003070946,0.31474794602548023,0.3371879731662874,0.35351177851913296,0.34534987584271015,-4.4690978735931335,1.026407237120382,0.2943384619096204,0.3486455001445267,ディレクトリ A をタイムスタンプと権限を保ったままディレクトリ B にコピーしたいときに最も適切なコマンドはどれですか？
u027,10,基本的なファイル管理,基本的なファイル管理:t1,,0.3596280003070946,0.6826337916399848,0.5211308959735397,0.35462255358414885,0.43787672477884426,-4.4690978735931335,0.9802501128237442,0.413054929247417,0.3492349294404715,ディレクトリ A の中の file.txt をディレクトリ B に移動するコマンドとして正しいものはどれですか？
u027,11,基本的なファイル管理,基本的なファイル管理:t1,,0.3596280003070946,0.6826337916399848,0.5211308959735397,0.13026759277552527,0.32569924437453246,-4.4690978735931335,0.7698974396962992,-1.3664390211980266,0.0504729411698893,file01.txt や file02.txt など2桁の番号付きファイルにマッチし fileA.txt にはマッチしないパターンはどれですか？
u027,12,基本的なファイル管理,基本的なファイル管理:t2,0.0,0.3596280003070946,0.31474794602548023,0.3371879731662874,0.08879707968449616,0.2129925264253918,-4.4690978735931335,0.9276876469650808,-1.0654636245897775,0.0500422196007094,echo {A、B、C}.txt の出力として最も適切なものはどれですか？
u027,13,基本的なファイル管理,基本的なファイル管理:t1,0.0,0.3596280003070946,0.6826337916399848,0.5211308959735397,0.12549196039675953,0.3233114281851496,-4.4690978735931335,1.0844134734111268,-0.0665097679162885,0.1181070732968249,ファイルのタイムスタンプを更新したり存在しない場合は空のファイルを作成したりするコマンド名を一つ書いてください
u027,14,基本的なファイル管理,基本的なファイル管理:t2,0.0,0.3596280003070946,0.31474794602548023,0.3371879731662874,0.1054154115218493,0.22130169234406835,-4.4690978735931335,0.8333449589648054,-1.1313423711812791,0.05,ディレクトリ dir1 を archive.tar という名前のアーカイブにまとめるコマンドとして最も適切なものはどれですか？
u027,15,基本的なファイル管理,基本的なファイル管理:t2,,0.3596280003070946,0.31474794602548023,0.3371879731662874,0.06666480730591137,0.20192639023609937,-4.4690978735931335,1.079782842889703,-0.7049118100689108,0.0506380305473883,gzip 圧縮されたアーカイブ backup.tar.gz を展開する tar のコマンドを一つ書いてください
u027,16,基本的なファイル管理,基本的なファイル管理:t2,,0.3596280003070946,0.31474794602548023,0.3371879731662874,0.22342207900042793,0.28030502608335767,-4.4690978735931335,1.0160959932760532,0.0605333476967584,0.2156358485127576,1MB のゼロデータを10個連結したファイル zero.img を作成したいときに最も適切なコマンドはどれですか？
u027,17,基本的なファイル管理,基本的なファイル管理:t2,0.0,0.3596280003070946,0.31474794602548023,0.3371879731662874,0.0641054970434026,0.200646735104845,-4.4690978735931335,1.0786539578094183,-0.571869105191423,0.0501239062067503,指定したファイルの種類を判定して表示するコマンド名を一つ書いてください
u027,18,所有者とパーミッション,所有者とパーミッション:t1,0.0,0.38713089115939214,0.4251055381551258,0.40611821465725895,0.3640700026819203,0.3850941086695896,-3.675278003415514,0.8838543016855865,0.636567762527371,0.35,ls -l の出力に含まれる r や w や x などの文字は何を表していますか？
u027,19,所有者とパーミッション,所有者とパーミッション:t1,0.0,0.38713089115939214,0.4251055381551258,0.40611821465725895,0.20403292613385454,0.30507557039555677,-3.675278003415514,0.7694955224059895,-1.5396692830266308,0.0501462484179849,所有者に読み書きグループとその他に読み取りのみを許可するパーミッションを数字3桁で表したものとして正しいのはどれですか？
u027,20,所有者とパーミッション,所有者とパーミッション:t2,,0.38713089115939214,0.38539370298065023,0.3862622970700212,0.2963020943420081,0.34128219570601465,-3.675278003415514,1.069038527956945,0.2872849447946676,0.2861242148129458,ファイル script.sh に所有者だけ実行権限を追加する chmod の指定を一つ書いてください
u027,21,所有者とパーミッション,所有者とパーミッション:t1,0.0,0.38713089115939214,0.4251055381551258,0.40611821465725895,0.12020204639309041,0.2631601305251747,-3.675278003415514,1.023796809032469,-0.1819789265707181,0.0955893152535176,ファイル data.txt の所有者を user1 に変更するコマンドとして正しいものはどれですか？
u027,22,所有者とパーミッション,所有者とパーミッション:t1,1.0,0.38713089115939214,0.4251055381551258,0.40611821465725895,0.36083467619845394,0.3834764454278564,-3.675278003415514,0.9971459325822506,0.4014404237768084,0.3498656012445903,ファイル data.txt の所有グループを group1 に変更するコマンドを一つ書いてください
u027,23,所有者とパーミッション,所有者とパーミッション:t2,0.0,0.38713089115939214,0.38539370298065023,0.3862622970700212,0.28227446950894974,0.3342683832894855,-3.675278003415514,0.5402809268579795,-1.587165246258202,0.05,ディレクトリ dir1 とその配下の全てのファイルに対して755のパーミッションを設定したいときに最も適切なコマンドはどれですか？
u027,24,所有者とパーミッション,所有者とパーミッション:t2,1.0,0.38713089115939214,0.38539370298065023,0.3862622970700212,0.27717680893663815,0.33171955300332967,-3.675278003415514,1.0229892671149328,0.1354195999745567,0.2625206317911625,umask 022 の意味として最も適切な説明はどれですか？
u027,25,所有者とパーミッション,所有者とパーミッション:t3,,0.38713089115939214,0.47186044195669097,0.42949566655804156,0.26959597179515377,0.34954581917659766,-3.675278003415514,1.0484800831860714,0.1935682699242609,0.2569518859740457,umask が 022 の環境で新しい通常ファイルを作成したときのデフォルトパーミッションを数字3桁で答えてください
u027,26,所有者とパーミッション,所有者とパーミッション:t3,,0.38713089115939214,0.47186044195669097,0.42949566655804156,0.30940273984823463,0.3694492032031381,-3.675278003415514,1.0647402213448909,0.3006301699301119,0.2993861022623606,実行ファイルに SUID ビットが設定されているときの動作として正しいものはどれですか？
u027,27,所有者とパーミッション,所有者とパーミッション:t3,0.0,0.38713089115939214,0.47186044195669097,0.42949566655804156,0.13048980556097745,0.2799927360595095,-3.675278003415514,0.9182890250847582,-1.0802049659467,0.0502593675967861,ディレクトリに SGID ビットが設定されているときの効果として最も適切なものはどれですか？
u027,28,所有者とパーミッション,所有者とパーミッション:t3,0.0,0.38713089115939214,0.47186044195669097,0.42949566655804156,0.17635731833436516,0.30292649244620334,-3.675278003415514,1.0857191106832107,0.0603536444023921,0.1620911607977531,スティッキービットが設定された共有ディレクトリとしてよく使われる /tmp の特徴として正しいものはどれですか？
u027,29,所有者とパーミッション,所有者とパーミッション:t2,0.0,0.38713089115939214,0.38539370298065023,0.3862622970700212,0.14999423733752013,0.26812826720377064,-3.675278003415514,0.8616931297063011,-1.1885448876304008,0.0502666554250788,パーミッション文字列 rwxr-xr-x を数字3桁で表したものを答えてください
u027,30,所有者とパーミッション,所有者とパーミッション:t2,0.0,0.38713089115939214,0.38539370298065023,0.3862622970700212,0.08709277924670623,0.2366775381583637,-3.675278003415514,1.0442899695543686,-0.5639596363118176,0.0516643107287579,/tmp ディレクトリ自体の情報だけを表示しその中身は一覧しないように ls で表示したいときのコマンドを一つ書いてください
u028,1,基本的なファイル管理,基本的なファイル管理:t1,,0.7637194386329503,0.7342990732903202,0.7490092559616353,0.9971107932501113,0.8730600246058733,4.954612075458651,1.1154903812173775,-0.2365575162111993,0.051641198039118,隠しファイルも含めてカレントディレクトリの内容を一覧表示するコマンドはどれですか？
u028,2,基本的なファイル管理,基本的なファイル管理:t1,1.0,0.7637194386329503,0.7342990732903202,0.7490092559616353,0.9921923285455732,0.8706007922536042,4.954612075458651,1.0057893014389907,0.5690377053906269,0.3492400193748236,ファイルの詳細情報付き一覧を表示する ls のオプションとして正しいものはどれですか？
u028,3,基本的なファイル管理,基本的なファイル管理:t1,0.0,0.7637194386329503,0.7342990732903202,0.7490092559616353,0.9966887635405427,0.872849009751089,4.954612075458651,1.0489017742155973,-0.4354143081768685,0.0519297250964802,現在の作業ディレクトリの絶対パスを表示するコマンドを一つ書いてください
u028,4,基本的なファイル管理,基本的なファイル管理:t1,,0.7637194386329503,0.7342990732903202,0.7490092559616353,0.9980815289892291,0.8735453924754322,4.954612075458651,1.0549076376616389,-0.9254401280891048,0.05,ホームディレクトリに移動するコマンドとして最も適切なものはどれですか？
u028,5,基本的なファイル管理,基本的なファイル管理:t1,1.0,0.7637194386329503,0.7342990732903202,0.7490092559616353,0.9843130573046113,0.8666611566331233,4.954612075458651,0.8454804512192905,0.5787404422327526,0.35,dir1 とその中の dir2 を一度に作成したいときに最も適切なコマンドはどれですか？
u028,6,基本的なファイル管理,基本的なファイル管理:t2,,0.7637194386329503,0.715119348246021,0.7394193934394857,0.9932930460866445,0.8663562197630651,4.954612075458651,1.00510848894146,0.4134932167591427,0.3494454797573572,ディレクトリ A を中身ごと確認無しに削除したいときに最も適切なコマンドはどれですか？
u028,7,基本的なファイル管理,基本的なファイル管理:t2,1.0,0.7637194386329503,0.715119348246021,0.7394193934394857,0.9978020367792422,0.8686107151093639,4.954612075458651,1.1721079163343606,-0.2212036076794035,0.05,rm コマンドで削除前に確認しながら対話的に削除したいときに付けるオプションはどれですか？
u028,8,基本的なファイル管理,基本的なファイル管理:t1,1.0,0.7637194386329503,0.7342990732903202,0.7490092559616353,0.995904259770282,0.8724567578659586,4.954612075458651,1.08857668141035,0.097554322776923,0.1857478924744617,ファイル file1 をディレクトリ dir にコピーするコマンドとして正しいものはどれですか？
u028,9,基本的なファイル管理,基本的なファイル管理:t2,1.0,0.7637194386329503,0.715119348246021,0.7394193934394857,0.9945946874293465,0.8670070404344161,4.954612075458651,1.026407237120382,0.2943384619096204,0.3486455001445267,ディレクトリ A をタイムスタンプと権限を保ったままディレクトリ B にコピーしたいときに最も適切なコマンドはどれですか？
u028,10,基本的なファイル管理,基本的なファイル管理:t1,0.0,0.7637194386329503,0.7342990732903202,0.7490092559616353,0.992501542204333,0.8707553990829842,4.954612075458651,0.9802501128237442,0.413054929247417,0.3492349294404715,ディレクトリ A の中の file.txt をディレクトリ B に移動するコマンドとして正しいものはどれですか？
u028,11,基本的なファイル管理,基本的なファイル管理:t1,0.0,0.7637194386329503,0.7342990732903202,0.7490092559616353,0.992744696885925,0.8708769764237801,4.954612075458651,0.7698974396962992,-1.3664390211980266,0.0504729411698893,file01.txt や file02.txt など2桁の番号付きファイルにマッチし fileA.txt にはマッチしないパターンはどれですか？
u028,12,基本的なファイル管理,基本的なファイル管理:t2,0.0,0.7637194386329503,0.715119348246021,0.7394193934394857,0.9964465462296334,0.8679329698345595,4.954612075458651,0.9276876469650808,-1.0654636245897775,0.0500422196007094,echo {A、B、C}.txt の出力として最も適切なものはどれですか？
u028,13,基本的なファイル管理,基本的なファイル管理:t1,,0.7637194386329503,0.7342990732903202,0.7490092559616353,0.9962083935025068,0.872608824732071,4.954612075458651,1.0844134734111268,-0.0665097679162885,0.1181070732968249,ファイルのタイムスタンプを更新したり存在しない場合は空のファイルを作成したりするコマンド名を一つ書いてください
u028,14,基本的なファイル管理,基本的なファイル管理:t2,,0.7637194386329503,0.715119348246021,0.7394193934394857,0.9940789703620954,0.8667491819007905,4.954612075458651,0.8333449589648054,-1.1313423711812791,0.05,ディレクトリ dir1 を archive.tar という名前のアーカイブにまとめるコマンドとして最も適切なものはどれですか？
u028,15,基本的なファイル管理,基本的なファイル管理:t2,1.0,0.7637194386329503,0.715119348246021,0.7394193934394857,0.9978987810924018,0.8686590872659438,4.954612075458651,1.079782842889703,-0.7049118100689108,0.0506380305473883,gzip 圧縮されたアーカイブ backup.tar.gz を展開する tar のコマンドを一つ書いてください
u028,16,基本的なファイル管理,基本的なファイル管理:t2,,0.7637194386329503,0.715119348246021,0.7394193934394857,0.9946069013965005,0.8670131474179932,4.954612075458651,1.0160959932760532,0.0605333476967584,0.2156358485127576,1MB のゼロデータを10個連結したファイル zero.img を作成したいときに最も適切なコマンドはどれですか？
u028,17,基本的なファイル管理,基本的なファイル管理:t2,1.0,0.7637194386329503,0.715119348246021,0.7394193934394857,0.9975585377420619,0.8684889655907738,4.954612075458651,1.0786539578094183,-0.571869105191423,0.0501239062067503,指定したファイルの種類を判定して表示するコマンド名を一つ書いてください
u028,18,所有者とパーミッション,所有者とパーミッション:t1,0.0,0.38155640278761027,0.41618019037135173,0.398868296579481,0.35475168733586365,0.3768099919576723,-4.919931120430635,0.8838543016855865,0.636567762527371,0.35,ls -l の出力に含まれる r や w や x などの文字は何を表していますか？
u028,19,所有者とパーミッション,所有者とパーミッション:t1,0.0,0.38155640278761027,0.41618019037135173,0.398868296579481,0.115750647164426,0.25730947187195347,-4.919931120430635,0.7694955224059895,-1.5396692830266308,0.0501462484179849,所有者に読み書きグループとその他に読み取りのみを許可するパーミッションを数字3桁で表したものとして正しいのはどれですか？
u028,20,所有者とパーミッション,所有者とパーミッション:t2,0.0,0.38155640278761027,0.3809330651699902,0.3812447339788002,0.28884298230295813,0.33504385814087917,-4.919931120430635,1.069038527956945,0.2872849447946676,0.2861242148129458,ファイル script.sh に所有者だけ実行権限を追加する chmod の指定を一つ書いてください
u028,21,所有者とパーミッション,所有者とパーミッション:t1,1.0,0.38155640278761027,0.41618019037135173,0.398868296579481,0.10260950860313602,0.2507389025913085,-4.919931120430635,1.023796809032469,-0.1819789265707181,0.0955893152535176,ファイル data.txt の所有者を user1 に変更するコマンドとして正しいものはどれですか？
u028,22,所有者とパーミッション,所有者とパーミッション:t1,,0.38155640278761027,0.41618019037135173,0.398868296579481,0.35307488107769675,0.37597158882858883,-4.919931120430635,0.9971459325822506,0.4014404237768084,0.3498656012445903,ファイル data.txt の所有グループを group1 に変更するコマンドを一つ書いてください
u028,23,所有者とパーミッション,所有者とパーミッション:t2,0.0,0.38155640278761027,0.3809330651699902,0.3812447339788002,0.18468569209739738,0.2829652130380988,-4.919931120430635,0.5402809268579795,-1.587165246258202,0.05,ディレクトリ dir1 とその配下の全てのファイルに対して755のパーミッションを設定したいときに最も適切なコマンドはどれですか？
u028,24,所有者とパーミッション,所有者とパーミッション:t2,0.0,0.38155640278761027,0.3809330651699902,0.3812447339788002,0.26668268693044345,0.3239637104546218,-4.919931120430635,1.0229892671149328,0.1354195999745567,0.2625206317911625,umask 022 の意味として最も適切な説明はどれですか？
u028,25,所有者とパーミッション,所有者とパーミッション:t3,1.0,0.38155640278761027,0.39156687315068045,0.38656163796914533,0.2604236929404731,0.3234926654548092,-4.919931120430635,1.0484800831860714,0.1935682699242609,0.2569518859740457,umask が 022 の環境で新しい通常ファイルを作成したときのデフォルトパーミッションを数字3桁で答えてください
u028,26,所有者とパーミッション,所有者とパーミッション:t3,0.0,0.38155640278761027,0.39156687315068045,0.38656163796914533,0.3020761753924834,0.34431890668081433,-4.919931120430635,1.0647402213448909,0.3006301699301119,0.2993861022623606,実行ファイルに SUID ビットが設定されているときの動作として正しいものはどれですか？
u028,27,所有者とパーミッション,所有者とパーミッション:t3,0.0,0.38155640278761027,0.39156687315068045,0.38656163796914533,0.07740488925612865,0.231983263612637,-4.919931120430635,0.9182890250847582,-1.0802049659467,0.0502593675967861,ディレクトリに SGID ビットが設定されているときの効果として最も適切なものはどれですか？
u028,28,所有者とパーミッション,所有者とパーミッション:t3,0.0,0.38155640278761027,0.39156687315068045,0.38656163796914533,0.16583175608883313,0.27619669702898925,-4.919931120430635,1.0857191106832107,0.0603536444023921,0.1620911607977531,スティッキービットが設定された共有ディレクトリとしてよく使われる /tmp の特徴として正しいものはどれですか？
u028,29,所有者とパーミッション,所有者とパーミッション:t2,0.0,0.38155640278761027,0.3809330651699902,0.3812447339788002,0.0869203149500214,0.2340825244644108,-4.919931120430635,0.8616931297063011,-1.1885448876304008,0.0502666554250788,パーミッション文字列 rwxr-xr-x を数字3桁で表したものを答えてください
u028,30,所有者とパーミッション,所有者とパーミッション:t2,0.0,0.38155640278761027,0.3809330651699902,0.3812447339788002,0.061591604549670984,0.2214181692642356,-4.919931120430635,1.0442899695543686,-0.5639596363118176,0.0516643107287579,/tmp ディレクトリ自体の情報だけを表示しその中身は一覧しないように ls で表示したいときのコマンドを一つ書いてください
u029,1,基本的なファイル管理,基本的なファイル管理:t1,0.0,0.48161796718976563,0.6694788720340238,0.5755484196118947,0.37889508161771623,0.4772217506148055,-0.8109808883122324,1.1154903812173775,-0.2365575162111993,0.051641198039118,隠しファイルも含めてカレントディレクトリの内容を一覧表示するコマンドはどれですか？
u029,2,基本的なファイル管理,基本的なファイル管理:t1,,0.48161796718976563,0.6694788720340238,0.5755484196118947,0.47921368692563443,0.5273810532687646,-0.8109808883122324,1.0057893014389907,0.5690377053906269,0.3492400193748236,ファイルの詳細情報付き一覧を表示する ls のオプションとして正しいものはどれですか？
u029,3,基本的なファイル管理,基本的なファイル管理:t1,0.0,0.48161796718976563,0.6694788720340238,0.5755484196118947,0.4337849400628126,0.5046666798373537,-0.8109808883122324,1.0489017742155973,-0.4354143081768685,0.0519297250964802,現在の作業ディレクトリの絶対パスを表示するコマンドを一つ書いてください
u029,4,基本的なファイル管理,基本的なファイル管理:t1,1.0,0.48161796718976563,0.6694788720340238,0.5755484196118947,0.5536418931928834,0.564595156402389,-0.8109808883122324,1.0549076376616389,-0.9254401280891048,0.05,ホームディレクトリに移動するコマンドとして最も適切なものはどれですか？
u029,5,基本的なファイル管理,基本的なファイル管理:t1,1.0,0.48161796718976563,0.6694788720340238,0.5755484196118947,0.5033711439033712,0.539459781757633,-0.8109808883122324,0.8454804512192905,0.5787404422327526,0.35,dir1 とその中の dir2 を一度に作成したいときに最も適切なコマンドはどれですか？
u029,6,基本的なファイル管理,基本的なファイル管理:t2,0.0,0.48161796718976563,0.44729857732940725,0.46445827225958647,0.49650580350935003,0.48048203788446825,-0.8109808883122324,1.00510848894146,0.4134932167591427,0.3494454797573572,ディレクトリ A を中身ごと確認無しに削除したいときに最も適切なコマンドはどれですか？
u029,7,基本的なファイル管理,基本的なファイル管理:t2,,0.48161796718976563,0.44729857732940725,0.46445827225958647,0.36706041847124893,0.4157593453654177,-0.8109808883122324,1.1721079163343606,-0.2212036076794035,0.05,rm コマンドで削除前に確認しながら対話的に削除したいときに付けるオプションはどれですか？
u029,8,基本的なファイル管理,基本的なファイル管理:t1,,0.48161796718976563,0.6694788720340238,0.5755484196118947,0.4064978410722907,0.4910231303420927,-0.8109808883122324,1.08857668141035,0.097554322776923,0.1857478924744617,ファイル file1 をディレクトリ dir にコピーするコマンドとして正しいものはどれですか？
u029,9,基本的なファイル管理,基本的なファイル管理:t2,1.0,0.48161796718976563,0.44729857732940725,0.46445827225958647,0.5071396985217446,0.4857989853906655,-0.8109808883122324,1.026407237120382,0.2943384619096204,0.3486455001445267,ディレクトリ A をタイムスタンプと権限を保ったままディレクトリ B にコピーしたいときに最も適切なコマンドはどれですか？
u029,10,基本的なファイル管理,基本的なファイル管理:t1,1.0,0.48161796718976563,0.6694788720340238,0.5755484196118947,0.4998869785780507,0.5377176990949727,-0.8109808883122324,0.9802501128237442,0.413054929247417,0.3492349294404715,ディレクトリ A の中の file.txt をディレクトリ B に移動するコマンドとして正しいものはどれですか？
u029,11,基本的なファイル管理,基本的なファイル管理:t1,0.0,0.48161796718976563,0.6694788720340238,0.5755484196118947,0.6252324621770885,0.6003904408944916,-0.8109808883122324,0.7698974396962992,-1.3664390211980266,0.0504729411698893,file01.txt や file02.txt など2桁の番号付きファイルにマッチし fileA.txt にはマッチしないパターンはどれですか？
u029,12,基本的なファイル管理,基本的なファイル管理:t2,1.0,0.48161796718976563,0.44729857732940725,0.46445827225958647,0.5808287763139739,0.5226435242867802,-0.8109808883122324,0.9276876469650808,-1.0654636245897775,0.0500422196007094,echo {A、B、C}.txt の出力として最も適切なものはどれですか？
u029,13,基本的なファイル管理,基本的なファイル管理:t1,1.0,0.48161796718976563,0.6694788720340238,0.5755484196118947,0.3901384566784409,0.48284343814516784,-0.8109808883122324,1.0844134734111268,-0.0665097679162885,0.1181070732968249,ファイルのタイムスタンプを更新したり存在しない場合は空のファイルを作成したりするコマンド名を一つ書いてください
u029,14,基本的なファイル管理,基本的なファイル管理:t2,,0.48161796718976563,0.44729857732940725,0.46445827225958647,0.5880318285763929,0.5262450504179896,-0.8109808883122324,0.8333449589648054,-1.1313423711812791,0.05,ディレクトリ dir1 を archive.tar という名前のアーカイブにまとめるコマンドとして最も適切なものはどれですか？
u029,15,基本的なファイル管理,基本的なファイル管理:t2,,0.48161796718976563,0.44729857732940725,0.46445827225958647,0.49816571128207116,0.48131199177082884,-0.8109808883122324,1.079782842889703,-0.7049118100689108,0.0506380305473883,gzip 圧縮されたアーカイブ backup.tar.gz を展開する tar のコマンドを一つ書いてください
u029,16,基本的なファイル管理,基本的なファイル管理:t2,,0.48161796718976563,0.44729857732940725,0.46445827225958647,0.4446942078848827,0.45457624007223457,-0.8109808883122324,1.0160959932760532,0.0605333476967584,0.2156358485127576,1MB のゼロデータを10個連結したファイル zero.img を作成したいときに最も適切なコマンドはどれですか？
u029,17,基本的なファイル管理,基本的なファイル管理:t2,0.0,0.48161796718976563,0.44729857732940725,0.46445827225958647,0.46415149471292577,0.4643048834862561,-0.8109808883122324,1.0786539578094183,-0.571869105191423,0.0501239062067503,指定したファイルの種類を判定して表示するコマンド名を一つ書いてください
u029,18,所有者とパーミッション,所有者とパーミッション:t1,1.0,0.38017643849509314,0.41510368159139494,0.39764006004324404,0.35212971946353033,0.3748848897533872,-5.832485131447157,0.8838543016855865,0.636567762527371,0.35,ls -l の出力に含まれる r や w や x などの文字は何を表していますか？
u029,19,所有者とパーミッション,所有者とパーミッション:t1,0.0,0.38017643849509314,0.41510368159139494,0.39764006004324404,0.08382622465699639,0.24073314235012022,-5.832485131447157,0.7694955224059895,-1.5396692830266308,0.0501462484179849,所有者に読み書きグループとその他に読み取りのみを許可するパーミッションを数字3桁で表したものとして正しいのはどれですか？
u029,20,所有者とパーミッション,所有者とパーミッション:t2,0.0,0.38017643849509314,0.3804280613517892,0.3803022499234412,0.2871515813905238,0.33372691565698254,-5.832485131447157,1.069038527956945,0.2872849447946676,0.2861242148129458,ファイル script.sh に所有者だけ実行権限を追加する chmod の指定を一つ書いてください
u029,21,所有者とパーミッション,所有者とパーミッション:t1,,0.38017643849509314,0.41510368159139494,0.39764006004324404,0.09836041605883186,0.24800023805103794,-5.832485131447157,1.023796809032469,-0.1819789265707181,0.0955893152535176,ファイル data.txt の所有者を user1 に変更するコマンドとして正しいものはどれですか？
u029,22,所有者とパーミッション,所有者とパーミッション:t1,0.0,0.38017643849509314,0.41510368159139494,0.39764006004324404,0.3511613006583185,0.3744006803507813,-5.832485131447157,0.9971459325822506,0.4014404237768084,0.3498656012445903,ファイル data.txt の所有グループを group1 に変更するコマンドを一つ書いてください
u029,23,所有者とパーミッション,所有者とパーミッション:t2,0.0,0.38017643849509314,0.3804280613517892,0.3803022499234412,0.1370665058893559,0.25868437790639853,-5.832485131447157,0.5402809268579795,-1.587165246258202,0.05,ディレクトリ dir1 とその配下の全てのファイルに対して755のパーミッションを設定したいときに最も適切なコマンドはどれですか？
u029,24,所有者とパーミッション,所有者とパーミッション:t2,1.0,0.38017643849509314,0.3804280613517892,0.3803022499234412,0.26416261807625696,0.3222324339998491,-5.832485131447157,1.0229892671149328,0.1354195999745567,0.2625206317911625,umask 022 の意味として最も適切な説明はどれですか？
u029,25,所有者とパーミッション,所有者とパーミッション:t3,0.0,0.38017643849509314,0.3547727203736316,0.36747457943436235,0.258289332554992,0.31288195599467716,-5.832485131447157,1.0484800831860714,0.1935682699242609,0.2569518859740457,umask が 022 の環境で新しい通常ファイルを作成したときのデフォルトパーミッションを数字3桁で答えてください
u029,26,所有者とパーミッション,所有者とパーミッション:t3,0.0,0.38017643849509314,0.3547727203736316,0.36747457943436235,0.3004066349315546,0.3339406071829585,-5.832485131447157,1.0647402213448909,0.3006301699301119,0.2993861022623606,実行ファイルに SUID ビットが設定されているときの動作として正しいものはどれですか？
u029,27,所有者とパーミッション,所有者とパーミッション:t3,0.0,0.38017643849509314,0.3547727203736316,0.36747457943436235,0.062195554791906124,0.21483506711313424,-5.832485131447157,0.9182890250847582,-1.0802049659467,0.0502593675967861,ディレクトリに SGID ビットが設定されているときの効果として最も適切なものはどれですか？
u029,28,所有者とパーミッション,所有者とパーミッション:t3,,0.38017643849509314,0.3547727203736316,0.36747457943436235,0.16348390783496433,0.26547924363466335,-5.832485131447157,1.0857191106832107,0.0603536444023921,0.1620911607977531,スティッキービットが設定された共有ディレクトリとしてよく使われる /tmp の特徴として正しいものはどれですか？
u029,29,所有者とパーミッション,所有者とパーミッション:t2,1.0,0.38017643849509314,0.3804280613517892,0.3803022499234412,0.06732107875458898,0.2238116643390151,-5.832485131447157,0.8616931297063011,-1.1885448876304008,0.0502666554250788,パーミッション文字列 rwxr-xr-x を数字3桁で表したものを答えてください
u029,30,所有者とパーミッション,所有者とパーミッション:t2,0.0,0.38017643849509314,0.3804280613517892,0.3803022499234412,0.055516992105159244,0.21790962101430023,-5.832485131447157,1.0442899695543686,-0.5639596363118176,0.0516643107287579,/tmp ディレクトリ自体の情報だけを表示しその中身は一覧しないように ls で表示したいときのコマンドを一つ書いてください
u030,1,基本的なファイル管理,基本的なファイル管理:t1,0.0,0.3559293804809547,0.3560242338592509,0.3559768071701028,0.05307997514569474,0.20452839115789878,-6.054107561101522,1.1154903812173775,-0.2365575162111993,0.051641198039118,隠しファイルも含めてカレントディレクトリの内容を一覧表示するコマンドはどれですか？
u030,2,基本的なファイル管理,基本的なファイル管理:t1,1.0,0.3559293804809547,0.3560242338592509,0.3559768071701028,0.35007143438924454,0.3530241207796737,-6.054107561101522,1.0057893014389907,0.5690377053906269,0.3492400193748236,ファイルの詳細情報付き一覧を表示する ls のオプションとして正しいものはどれですか？
u030,3,基本的なファイル管理,基本的なファイル管理:t1,,0.3559293804809547,0.3560242338592509,0.3559768071701028,0.054536770824382484,0.20525678899724265,-6.054107561101522,1.0489017742155973,-0.4354143081768685,0.0519297250964802,現在の作業ディレクトリの絶対パスを表示するコマンドを一つ書いてください
u030,4,基本的なファイル管理,基本的なファイル管理:t1,0.0,0.3559293804809547,0.3560242338592509,0.3559768071701028,0.05422800846503227,0.20510240781756756,-6.054107561101522,1.0549076376616389,-0.9254401280891048,0.05,ホームディレクトリに移動するコマンドとして最も適切なものはどれですか？
u030,5,基本的なファイル管理,基本的なファイル管理:t1,,0.3559293804809547,0.3560242338592509,0.3559768071701028,0.35237587822086486,0.3541763426954838,-6.054107561101522,0.8454804512192905,0.5787404422327526,0.35,dir1 とその中の dir2 を一度に作成したいときに最も適切なコマンドはどれですか？
u030,6,基本的なファイル管理,基本的なファイル管理:t2,1.0,0.3559293804809547,0.40485269011407027,0.3803910352975125,0.35042145633937677,0.3654062458184446,-6.054107561101522,1.00510848894146,0.4134932167591427,0.3494454797573572,ディレクトリ A を中身ごと確認無しに削除したいときに最も適切なコマンドはどれですか？
u030,7,基本的なファイル管理,基本的なファイル管理:t2,,0.3559293804809547,0.40485269011407027,0.3803910352975125,0.05101877010522152,0.215704902701367,-6.054107561101522,1.1721079163343606,-0.2212036076794035,0.05,rm コマンドで削除前に確認しながら対話的に削除したいときに付けるオプションはどれですか？
u030,8,基本的なファイル管理,基本的なファイル管理:t1,0.0,0.3559293804809547,0.3560242338592509,0.3559768071701028,0.1867523824815291,0.271364594825816,-6.054107561101522,1.08857668141035,0.097554322776923,0.1857478924744617,ファイル file1 をディレクトリ dir にコピーするコマンドとして正しいものはどれですか？
u030,9,基本的なファイル管理,基本的なファイル管理:t2,1.0,0.3559293804809547,0.40485269011407027,0.3803910352975125,0.3496077171757299,0.3649993762366212,-6.054107561101522,1.026407237120382,0.2943384619096204,0.3486455001445267,ディレクトリ A をタイムスタンプと権限を保ったままディレクトリ B にコピーしたいときに最も適切なコマンドはどれですか？
u030,10,基本的なファイル管理,基本的なファイル管理:t1,,0.3559293804809547,0.3560242338592509,0.3559768071701028,0.350381698186679,0.3531792526783909,-6.054107561101522,0.9802501128237442,0.413054929247417,0.3492349294404715,ディレクトリ A の中の file.txt をディレクトリ B に移動するコマンドとして正しいものはどれですか？
u030,11,基本的なファイル管理,基本的なファイル管理:t1,,0.3559293804809547,0.3560242338592509,0.3559768071701028,0.07550661540999035,0.2157417112900466,-6.054107561101522,0.7698974396962992,-1.3664390211980266,0.0504729411698893,file01.txt や file02.txt など2桁の番号付きファイルにマッチし fileA.txt にはマッチしないパターンはどれですか？
u030,12,基本的なファイル管理,基本的なファイル管理:t2,,0.3559293804809547,0.40485269011407027,0.3803910352975125,0.059238383435185685,0.2198147093663491,-6.054107561101522,0.9276876469650808,-1.0654636245897775,0.0500422196007094,echo {A、B、C}.txt の出力として最も適切なものはどれですか？
u030,13,基本的なファイル管理,基本的なファイル管理:t1,0.0,0.3559293804809547,0.3560242338592509,0.3559768071701028,0.11944019871343682,0.23770850294176982,-6.054107561101522,1.0844134734111268,-0.0665097679162885,0.1181070732968249,ファイルのタイムスタンプを更新したり存在しない場合は空のファイルを作成したりするコマンド名を一つ書いてください
u030,14,基本的なファイル管理,基本的なファイル管理:t2,0.0,0.3559293804809547,0.40485269011407027,0.3803910352975125,0.0654514374325614,0.22292123636503697,-6.054107561101522,0.8333449589648054,-1.1313423711812791,0.05,ディレクトリ dir1 を archive.tar という名前のアーカイブにまとめるコマンドとして最も適切なものはどれですか？
u030,15,基本的なファイル管理,基本的なファイル管理:t2,0.0,0.3559293804809547,0.40485269011407027,0.3803910352975125,0.05357307900299994,0.21698205715025623,-6.054107561101522,1.079782842889703,-0.7049118100689108,0.0506380305473883,gzip 圧縮されたアーカイブ backup.tar.gz を展開する tar のコマンドを一つ書いてください
u030,16,基本的なファイル管理,基本的なファイル管理:t2,1.0,0.3559293804809547,0.40485269011407027,0.3803910352975125,0.2172038630183254,0.29879744915791895,-6.054107561101522,1.0160959932760532,0.0605333476967584,0.2156358485127576,1MB のゼロデータを10個連結したファイル zero.img を作成したいときに最も適切なコマンドはどれですか？
u030,17,基本的なファイル管理,基本的なファイル管理:t2,0.0,0.3559293804809547,0.40485269011407027,0.3803910352975125,0.052684384588099764,0.21653770994280613,-6.054107561101522,1.0786539578094183,-0.571869105191423,0.0501239062067503,指定したファイルの種類を判定して表示するコマンド名を一つ書いてください
u030,18,所有者とパーミッション,所有者とパーミッション:t1,1.0,0.3834639639344492,0.4752161062180086,0.42934003507622887,0.35808749806608453,0.3937137665711567,-4.312361688326994,0.8838543016855865,0.636567762527371,0.35,ls -l の出力に含まれる r や w や x などの文字は何を表していますか？
u030,19,所有者とパーミッション,所有者とパーミッション:t1,0.0,0.3834639639344492,0.4752161062180086,0.42934003507622887,0.15071309721995557,0.2900265661480922,-4.312361688326994,0.7694955224059895,-1.5396692830266308,0.0501462484179849,所有者に読み書きグループとその他に読み取りのみを許可するパーミッションを数字3桁で表したものとして正しいのはどれですか？
u030,20,所有者とパーミッション,所有者とパーミッション:t2,1.0,0.3834639639344492,0.3823755964354825,0.38291978018496586,0.29131153160840134,0.3371156558966836,-4.312361688326994,1.069038527956945,0.2872849447946676,0.2861242148129458,ファイル script.sh に所有者だけ実行権限を追加する chmod の指定を一つ書いてください
u030,21,所有者とパーミッション,所有者とパーミッション:t1,1.0,0.3834639639344492,0.4752161062180086,0.42934003507622887,0.10857885360565352,0.2689594443409412,-4.312361688326994,1.023796809032469,-0.1819789265707181,0.0955893152535176,ファイル data.txt の所有者を user1 に変更するコマンドとして正しいものはどれですか？
u030,22,所有者とパーミッション,所有者とパーミッション:t1,0.0,0.3834639639344492,0.4752161062180086,0.42934003507622887,0.35572343273986273,0.3925317339080458,-4.312361688326994,0.9971459325822506,0.4014404237768084,0.3498656012445903,ファイル data.txt の所有グループを group1 に変更するコマンドを一つ書いてください
u030,23,所有者とパーミッション,所有者とパーミッション:t2,0.0,0.3834639639344492,0.3823755964354825,0.38291978018496586,0.2272532809593263,0.3050865305721461,-4.312361688326994,0.5402809268579795,-1.587165246258202,0.05,ディレクトリ dir1 とその配下の全てのファイルに対して755のパーミッションを設定したいときに最も適切なコマンドはどれですか？
u030,24,所有者とパーミッション,所有者とパーミッション:t2,1.0,0.3834639639344492,0.3823755964354825,0.38291978018496586,0.27023198873841625,0.32657588446169106,-4.312361688326994,1.0229892671149328,0.1354195999745567,0.2625206317911625,umask 022 の意味として最も適切な説明はどれですか？
u030,25,所有者とパーミッション,所有者とパーミッション:t3,0.0,0.3834639639344492,0.4207245742005592,0.40209426906750423,0.26348932765699884,0.33279179836225153,-4.312361688326994,1.0484800831860714,0.1935682699242609,0.2569518859740457,umask が 022 の環境で新しい通常ファイルを作成したときのデフォルトパーミッションを数字3桁で答えてください
u030,26,所有者とパーミッション,所有者とパーミッション:t3,1.0,0.3834639639344492,0.4207245742005592,0.40209426906750423,0.3045052374119382,0.3532997532397212,-4.312361688326994,1.0647402213448909,0.3006301699301119,0.2993861022623606,実行ファイルに SUID ビットが設定されているときの動作として正しいものはどれですか？
u030,27,所有者とパーミッション,所有者とパーミッション:t3,,0.3834639639344492,0.4207245742005592,0.40209426906750423,0.09669231083559217,0.2493932899515482,-4.312361688326994,0.9182890250847582,-1.0802049659467,0.0502593675967861,ディレクトリに SGID ビットが設定されているときの効果として最も適切なものはどれですか？
u030,28,所有者とパーミッション,所有者とパーミッション:t3,0.0,0.3834639639344492,0.4207245742005592,0.40209426906750423,0.16929585728684962,0.2856950631771769,-4.312361688326994,1.0857191106832107,0.0603536444023921,0.1620911607977531,スティッキービットが設定された共有ディレクトリとしてよく使われる /tmp の特徴として正しいものはどれですか？
u030,29,所有者とパーミッション,所有者とパーミッション:t2,0.0,0.3834639639344492,0.3823755964354825,0.38291978018496586,0.11053735276039978,0.24672856647268282,-4.312361688326994,0.8616931297063011,-1.1885448876304008,0.0502666554250788,パーミッション文字列 rwxr-xr-x を数字3桁で表したものを答えてください
u030,30,所有者とパーミッション,所有者とパーミッション:t2,0.0,0.3834639639344492,0.3823755964354825,0.38291978018496586,0.07021550500967103,0.22656764259731843,-4.312361688326994,1.0442899695543686,-0.5639596363118176,0.0516643107287579,/tmp ディレクトリ自体の情報だけを表示しその中身は一覧しないように ls で表示したいときのコマンドを一つ書いてください
u031,1,基本的なファイル管理,基本的なファイル管理:t1,,0.36037695716114704,0.44651960181095895,0.403448279486053,0.06152706614464099,0.232487672815347,-4.318302925432324,1.1154903812173775,-0.2365575162111993,0.051641198039118,隠しファイルも含めてカレントディレクトリの内容を一覧表示するコマンドはどれですか？
u031,2,基本的なファイル管理,基本的なファイル管理:t1,1.0,0.36037695716114704,0.44651960181095895,0.403448279486053,0.3539760607872956,0.3787121701366743,-4.318302925432324,1.0057893014389907,0.5690377053906269,0.3492400193748236,ファイルの詳細情報付き一覧を表示する ls のオプションとして正しいものはどれですか？
u031,3,基本的なファイル管理,基本的なファイル管理:t1,1.0,0.36037695716114704,0.44651960181095895,0.403448279486053,0.06780516232596892,0.23562672090601094,-4.318302925432324,1.0489017742155973,-0.4354143081768685,0.0519297250964802,現在の作業ディレクトリの絶対パスを表示するコマンドを一つ書いてください
u031,4,基本的なファイル管理,基本的なファイル管理:t1,,0.36037695716114704,0.44651960181095895,0.403448279486053,0.07578487263299505,0.23961657605952402,-4.318302925432324,1.0549076376616389,-0.9254401280891048,0.05,ホームディレクトリに移動するコマンドとして最も適切なものはどれですか？
u031,5,基本的なファイル管理,基本的なファイル管理:t1,,0.36037695716114704,0.44651960181095895,0.403448279486053,0.3601840835803976,0.3818161815332253,-4.318302925432324,0.8454804512192905,0.5787404422327526,0.35,dir1 とその中の dir2 を一度に作成したいときに最も適切なコマンドはどれですか？
u031,6,基本的なファイル管理,基本的なファイル管理:t2,0.0,0.36037695716114704,0.3489554803282554,0.3546662187447012,0.3549926792048321,0.35482944897476665,-4.318302925432324,1.00510848894146,0.4134932167591427,0.3494454797573572,ディレクトリ A を中身ごと確認無しに削除したいときに最も適切なコマンドはどれですか？
u031,7,基本的なファイル管理,基本的なファイル管理:t2,,0.36037695716114704,0.3489554803282554,0.3546662187447012,0.05773721386855416,0.2062017163066277,-4.318302925432324,1.1721079163343606,-0.2212036076794035,0.05,rm コマンドで削除前に確認しながら対話的に削除したいときに付けるオプションはどれですか？
u031,8,基本的なファイル管理,基本的なファイル管理:t1,1.0,0.36037695716114704,0.44651960181095895,0.403448279486053,0.19234830182640583,0.2978982906562294,-4.318302925432324,1.08857668141035,0.097554322776923,0.1857478924744617,ファイル file1 をディレクトリ dir にコピーするコマンドとして正しいものはどれですか？
u031,9,基本的なファイル管理,基本的なファイル管理:t2,1.0,0.36037695716114704,0.3489554803282554,0.3546662187447012,0.3543192861929834,0.3544927524688423,-4.318302925432324,1.026407237120382,0.2943384619096204,0.3486455001445267,ディレクトリ A をタイムスタンプと権限を保ったままディレクトリ B にコピーしたいときに最も適切なコマンドはどれですか？
u031,10,基本的なファイル管理,基本的なファイル管理:t1,1.0,0.36037695716114704,0.44651960181095895,0.403448279486053,0.3554725781258634,0.3794604288059582,-4.318302925432324,0.9802501128237442,0.413054929247417,0.3492349294404715,ディレクトリ A の中の file.txt をディレクトリ B に移動するコマンドとして正しいものはどれですか？
u031,11,基本的なファイル管理,基本的なファイル管理:t1,0.0,0.36037695716114704,0.44651960181095895,0.403448279486053,0.13917304344948003,0.2713106614677665,-4.318302925432324,0.7698974396962992,-1.3664390211980266,0.0504729411698893,file01.txt や file02.txt など2桁の番号付きファイルにマッチし fileA.txt にはマッチしないパターンはどれですか？
u031,12,基本的なファイル管理,基本的なファイル管理:t2,0.0,0.36037695716114704,0.3489554803282554,0.3546662187447012,0.09434466902721816,0.2245054438859597,-4.318302925432324,0.9276876469650808,-1.0654636245897775,0.0500422196007094,echo {A、B、C}.txt の出力として最も適切なものはどれですか？
u031,13,基本的なファイル管理,基本的なファイル管理:t1,,0.36037695716114704,0.44651960181095895,0.403448279486053,0.12679099427205276,0.2651196368790529,-4.318302925432324,1.0844134734111268,-0.0665097679162885,0.1181070732968249,ファイルのタイムスタンプを更新したり存在しない場合は空のファイルを作成したりするコマンド名を一つ書いてください
u031,14,基本的なファイル管理,基本的なファイル管理:t2,0.0,0.36037695716114704,0.3489554803282554,0.3546662187447012,0.11234862144196958,0.23350742009333542,-4.318302925432324,0.8333449589648054,-1.1313423711812791,0.05,ディレクトリ dir1 を archive.tar という名前のアーカイブにまとめるコマンドとして最も適切なものはどれですか？
u031,15,基本的なファイル管理,基本的なファイル管理:t2,0.0,0.36037695716114704,0.3489554803282554,0.3546662187447012,0.06944271306525536,0.21205446590497828,-4.318302925432324,1.079782842889703,-0.7049118100689108,0.0506380305473883,gzip 圧縮されたアーカイブ backup.tar.gz を展開する tar のコマンドを一つ書いてください
u031,16,基本的なファイル管理,基本的なファイル管理:t2,,0.36037695716114704,0.3489554803282554,0.3546662187447012,0.22469646012538505,0.28968133943504315,-4.318302925432324,1.0160959932760532,0.0605333476967584,0.2156358485127576,1MB のゼロデータを10個連結したファイル zero.img を作成したいときに最も適切なコマンドはどれですか？
u031,17,基本的なファイル管理,基本的なファイル管理:t2,1.0,0.36037695716114704,0.3489554803282554,0.3546662187447012,0.06653242372699698,0.2105993212358491,-4.318302925432324,1.0786539578094183,-0.571869105191423,0.0501239062067503,指定したファイルの種類を判定して表示するコマンド名を一つ書いてください
u031,18,所有者とパーミッション,所有者とパーミッション:t1,1.0,0.3815006761927948,0.4902784277698123,0.4358895519813035,0.3546503429968355,0.3952699474890695,-4.944500615761661,0.8838543016855865,0.636567762527371,0.35,ls -l の出力に含まれる r や w や x などの文字は何を表していますか？
u031,19,所有者とパーミッション,所有者とパーミッション:t1,0.0,0.3815006761927948,0.4902784277698123,0.4358895519813035,0.11460535444868841,0.275247453214996,-4.944500615761661,0.7694955224059895,-1.5396692830266308,0.0501462484179849,所有者に読み書きグループとその他に読み取りのみを許可するパーミッションを数字3桁で表したものとして正しいのはどれですか？
u031,20,所有者とパーミッション,所有者とパーミッション:t2,,0.3815006761927948,0.37994980758686603,0.3807252418898304,0.2887727630278053,0.3347490024588179,-4.944500615761661,1.069038527956945,0.2872849447946676,0.2861242148129458,ファイル script.sh に所有者だけ実行権限を追加する chmod の指定を一つ書いてください
u031,21,所有者とパーミッション,所有者とパーミッション:t1,0.0,0.3815006761927948,0.4902784277698123,0.4358895519813035,0.1024364441406229,0.2691629980609632,-4.944500615761661,1.023796809032469,-0.1819789265707181,0.0955893152535176,ファイル data.txt の所有者を user1 に変更するコマンドとして正しいものはどれですか？
u031,22,所有者とパーミッション,所有者とパーミッション:t1,1.0,0.3815006761927948,0.4902784277698123,0.4358895519813035,0.35299758522516883,0.39444356860323615,-4.944500615761661,0.9971459325822506,0.4014404237768084,0.3498656012445903,ファイル data.txt の所有グループを group1 に変更するコマンドを一つ書いてください
u031,23,所有者とパーミッション,所有者とパーミッション:t2,0.0,0.3815006761927948,0.37994980758686603,0.3807252418898304,0.18315857561001303,0.28194190874992175,-4.944500615761661,0.5402809268579795,-1.587165246258202,0.05,ディレクトリ dir1 とその配下の全てのファイルに対して755のパーミッションを設定したいときに最も適切なコマンドはどれですか？
u031,24,所有者とパーミッション,所有者とパーミッション:t2,0.0,0.3815006761927948,0.37994980758686603,0.3807252418898304,0.2665799488072144,0.3236525953485224,-4.944500615761661,1.0229892671149328,0.1354195999745567,0.2625206317911625,umask 022 の意味として最も適切な説明はどれですか？
u031,25,所有者とパーミッション,所有者とパーミッション:t3,0.0,0.3815006761927948,0.35566046964704173,0.3685805729199183,0.2603358012509422,0.3144581870854303,-4.944500615761661,1.0484800831860714,0.1935682699242609,0.2569518859740457,umask が 022 の環境で新しい通常ファイルを作成したときのデフォルトパーミッションを数字3桁で答えてください
u031,26,所有者とパーミッション,所有者とパーミッション:t3,0.0,0.3815006761927948,0.35566046964704173,0.3685805729199183,0.30200697507274604,0.3352937739963322,-4.944500615761661,1.0647402213448909,0.3006301699301119,0.2993861022623606,実行ファイルに SUID ビットが設定されているときの動作として正しいものはどれですか？
u031,27,所有者とパーミッション,所有者とパーミッション:t3,0.0,0.3815006761927948,0.35566046964704173,0.3685805729199183,0.0768162260069074,0.22269839946341285,-4.944500615761661,0.9182890250847582,-1.0802049659467,0.0502593675967861,ディレクトリに SGID ビットが設定されているときの効果として最も適切なものはどれですか？
u031,28,所有者とパーミッション,所有者とパーミッション:t3,1.0,0.3815006761927948,0.35566046964704173,0.3685805729199183,0.16573372073762108,0.2671571468287697,-4.944500615761661,1.0857191106832107,0.0603536444023921,0.1620911607977531,スティッキービットが設定された共有ディレクトリとしてよく使われる /tmp の特徴として正しいものはどれですか？
u031,29,所有者とパーミッション,所有者とパーミッション:t2,0.0,0.3815006761927948,0.37994980758686603,0.3807252418898304,0.08618150068099267,0.23345337128541155,-4.944500615761661,0.8616931297063011,-1.1885448876304008,0.0502666554250788,パーミッション文字列 rwxr-xr-x を数字3桁で表したものを答えてください
u031,30,所有者とパーミッション,所有者とパーミッション:t2,0.0,0.3815006761927948,0.37994980758686603,0.3807252418898304,0.06134269955896987,0.22103397072440015,-4.944500615761661,1.0442899695543686,-0.5639596363118176,0.0516643107287579,/tmp ディレクトリ自体の情報だけを表示しその中身は一覧しないように ls で表示したいときのコマンドを一つ書いてください
u032,1,基本的なファイル管理,基本的なファイル管理:t1,0.0,0.3558906843305072,0.3576456011211867,0.35676814272584695,0.05301567333122277,0.20489190802853485,-6.095156209695483,1.1154903812173775,-0.2365575162111993,0.051641198039118,隠しファイルも含めてカレントディレクトリの内容を一覧表示するコマンドはどれですか？
u032,2,基本的なファイル管理,基本的なファイル管理:t1,,0.3558906843305072,0.3576456011211867,0.35676814272584695,0.3500378485187556,0.35340299562230126,-6.095156209695483,1.0057893014389907,0.5690377053906269,0.3492400193748236,ファイルの詳細情報付き一覧を表示する ls のオプションとして正しいものはどれですか？
u032,3,基本的なファイル管理,基本的なファイル管理:t1,0.0,0.3558906843305072,0.3576456011211867,0.35676814272584695,0.05442719346508867,0.2055976680954678,-6.095156209695483,1.0489017742155973,-0.4354143081768685,0.0519297250964802,現在の作業ディレクトリの絶対パスを表示するコマンドを一つ書いてください
u032,4,基本的なファイル管理,基本的なファイル管理:t1,0.0,0.3558906843305072,0.3576456011211867,0.35676814272584695,0.05404959615537023,0.2054088694406086,-6.095156209695483,1.0549076376616389,-0.9254401280891048,0.05,ホームディレクトリに移動するコマンドとして最も適切なものはどれですか？
u032,5,基本的なファイル管理,基本的なファイル管理:t1,1.0,0.3558906843305072,0.3576456011211867,0.35676814272584695,0.3522951220082808,0.35453163236706386,-6.095156209695483,0.8454804512192905,0.5787404422327526,0.35,dir1 とその中の dir2 を一度に作成したいときに最も適切なコマンドはどれですか？
u032,6,基本的なファイル管理,基本的なファイル管理:t2,,0.3558906843305072,0.3489951742929386,0.3524429293117229,0.3503820653239238,0.3514124973178233,-6.095156209695483,1.00510848894146,0.4134932167591427,0.3494454797573572,ディレクトリ A を中身ごと確認無しに削除したいときに最も適切なコマンドはどれですか？
u032,7,基本的なファイル管理,基本的なファイル管理:t2,1.0,0.3558906843305072,0.3489951742929386,0.3524429293117229,0.05097096296806873,0.20170694613989582,-6.095156209695483,1.1721079163343606,-0.2212036076794035,0.05,rm コマンドで削除前に確認しながら対話的に削除したいときに付けるオプションはどれですか？
u032,8,基本的なファイル管理,基本的なファイル管理:t1,,0.3558906843305072,0.3576456011211867,0.35676814272584695,0.1867085371026952,0.2717383399142711,-6.095156209695483,1.08857668141035,0.097554322776923,0.1857478924744617,ファイル file1 をディレクトリ dir にコピーするコマンドとして正しいものはどれですか？
u032,9,基本的なファイル管理,基本的なファイル管理:t2,,0.3558906843305072,0.3489951742929386,0.3524429293117229,0.34956807484517605,0.3510055020784495,-6.095156209695483,1.026407237120382,0.2943384619096204,0.3486455001445267,ディレクトリ A をタイムスタンプと権限を保ったままディレクトリ B にコピーしたいときに最も適切なコマンドはどれですか？
u032,10,基本的なファイル管理,基本的なファイル管理:t1,,0.3558906843305072,0.3576456011211867,0.35676814272584695,0.3503365471678563,0.3535523449468516,-6.095156209695483,0.9802501128237442,0.413054929247417,0.3492349294404715,ディレクトリ A の中の file.txt をディレクトリ B に移動するコマンドとして正しいものはどれですか？
u032,11,基本的なファイル管理,基本的なファイル管理:t1,0.0,0.3558906843305072,0.3576456011211867,0.35676814272584695,0.07474775017967075,0.21575794645275886,-6.095156209695483,0.7698974396962992,-1.3664390211980266,0.0504729411698893,file01.txt や file02.txt など2桁の番号付きファイルにマッチし fileA.txt にはマッチしないパターンはどれですか？
u032,12,基本的なファイル管理,基本的なファイル管理:t2,1.0,0.3558906843305072,0.3489951742929386,0.3524429293117229,0.058897977641728334,0.2056704534767256,-6.095156209695483,0.9276876469650808,-1.0654636245897775,0.0500422196007094,echo {A、B、C}.txt の出力として最も適切なものはどれですか？
u032,13,基本的なファイル管理,基本的なファイル管理:t1,0.0,0.3558906843305072,0.3576456011211867,0.35676814272584695,0.11938224167523068,0.2380751922005388,-6.095156209695483,1.0844134734111268,-0.0665097679162885,0.1181070732968249,ファイルのタイムスタンプを更新したり存在しない場合は空のファイルを作成したりするコマンド名を一つ書いてください
u032,14,基本的なファイル管理,基本的なファイル管理:t2,,0.3558906843305072,0.3489951742929386,0.3524429293117229,0.06493998939887782,0.20869145935530037,-6.095156209695483,0.8333449589648054,-1.1313423711812791,0.05,ディレクトリ dir1 を archive.tar という名前のアーカイブにまとめるコマンドとして最も適切なものはどれですか？
u032,15,基本的なファイル管理,基本的なファイル管理:t2,,0.3558906843305072,0.3489951742929386,0.3524429293117229,0.053446204361107974,0.20294456683641543,-6.095156209695483,1.079782842889703,-0.7049118100689108,0.0506380305473883,gzip 圧縮されたアーカイブ backup.tar.gz を展開する tar のコマンドを一つ書いてください
u032,16,基本的なファイル管理,基本的なファイル管理:t2,0.0,0.3558906843305072,0.3489951742929386,0.3524429293117229,0.2171399301056934,0.28479142970870813,-6.095156209695483,1.0160959932760532,0.0605333476967584,0.2156358485127576,1MB のゼロデータを10個連結したファイル zero.img を作成したいときに最も適切なコマンドはどれですか？
u032,17,基本的なファイル管理,基本的なファイル管理:t2,0.0,0.3558906843305072,0.3489951742929386,0.3524429293117229,0.052573772816420804,0.20250835106407183,-6.095156209695483,1.0786539578094183,-0.571869105191423,0.0501239062067503,指定したファイルの種類を判定して表示するコマンド名を一つ書いてください
u032,18,所有者とパーミッション,所有者とパーミッション:t1,1.0,0.6947130012143586,0.71521307342889,0.7049630373216242,0.9786545328195833,0.8418087850706037,4.463830310078103,0.8838543016855865,0.636567762527371,0.35,ls -l の出力に含まれる r や w や x などの文字は何を表していますか？
u032,19,所有者とパーミッション,所有者とパーミッション:t1,,0.6947130012143586,0.71521307342889,0.7049630373216242,0.9907295294491291,0.8478462833853766,4.463830310078103,0.7694955224059895,-1.5396692830266308,0.0501462484179849,所有者に読み書きグループとその他に読み取りのみを許可するパーミッションを数字3桁で表したものとして正しいのはどれですか？
u032,20,所有者とパーミッション,所有者とパーミッション:t2,1.0,0.6947130012143586,0.6544840177235973,0.6745985094689779,0.9918795889674075,0.8332390492181927,4.463830310078103,1.069038527956945,0.2872849447946676,0.2861242148129458,ファイル script.sh に所有者だけ実行権限を追加する chmod の指定を一つ書いてください
u032,21,所有者とパーミッション,所有者とパーミッション:t1,0.0,0.6947130012143586,0.71521307342889,0.7049630373216242,0.992291228626907,0.8486271329742656,4.463830310078103,1.023796809032469,-0.1819789265707181,0.0955893152535176,ファイル data.txt の所有者を user1 に変更するコマンドとして正しいものはどれですか？
u032,22,所有者とパーミッション,所有者とパーミッション:t1,1.0,0.6947130012143586,0.71521307342889,0.7049630373216242,0.988875778704095,0.8469194080128597,4.463830310078103,0.9971459325822506,0.4014404237768084,0.3498656012445903,ファイル data.txt の所有グループを group1 に変更するコマンドを一つ書いてください
u032,23,所有者とパーミッション,所有者とパーミッション:t2,1.0,0.6947130012143586,0.6544840177235973,0.6745985094689779,0.9651903519568892,0.8198944307129336,4.463830310078103,0.5402809268579795,-1.587165246258202,0.05,ディレクトリ dir1 とその配下の全てのファイルに対して755のパーミッションを設定したいときに最も適切なコマンドはどれですか？
u032,24,所有者とパーミッション,所有者とパーミッション:t2,0.0,0.6947130012143586,0.6544840177235973,0.6745985094689779,0.9912988796014105,0.8329486945351943,4.463830310078103,1.0229892671149328,0.1354195999745567,0.2625206317911625,umask 022 の意味として最も適切な説明はどれですか？
u032,25,所有者とパーミッション,所有者とパーミッション:t3,,0.6947130012143586,0.5213913990066207,0.6080522001104897,0.9916507145602169,0.7998514573353532,4.463830310078103,1.0484800831860714,0.1935682699242609,0.2569518859740457,umask が 022 の環境で新しい通常ファイルを作成したときのデフォルトパーミッションを数字3桁で答えてください
u032,26,所有者とパーミッション,所有者とパーミッション:t3,1.0,0.6947130012143586,0.5213913990066207,0.6080522001104897,0.9917730257469264,0.799912612928708,4.463830310078103,1.0647402213448909,0.3006301699301119,0.2993861022623606,実行ファイルに SUID ビットが設定されているときの動作として正しいものはどれですか？
u032,27,所有者とパーミッション,所有者とパーミッション:t3,0.0,0.6947130012143586,0.5213913990066207,0.6080522001104897,0.9941932018604683,0.801122700985479,4.463830310078103,0.9182890250847582,-1.0802049659467,0.0502593675967861,ディレクトリに SGID ビットが設定されているときの効果として最も適切なものはどれですか？
u032,28,所有者とパーミッション,所有者とパーミッション:t3,,0.6947130012143586,0.5213913990066207,0.6080522001104897,0.9930299848006688,0.8005410924555793,4.463830310078103,1.0857191106832107,0.0603536444023921,0.1620911607977531,スティッキービットが設定された共有ディレクトリとしてよく使われる /tmp の特徴として正しいものはどれですか？
u032,29,所有者とパーミッション,所有者とパーミッション:t2,0.0,0.6947130012143586,0.6544840177235973,0.6745985094689779,0.9927722414186095,0.8336853754437937,4.463830310078103,0.8616931297063011,-1.1885448876304008,0.0502666554250788,パーミッション文字列 rwxr-xr-x を数字3桁で表したものを答えてください
u032,30,所有者とパーミッション,所有者とパーミッション:t2,,0.6947130012143586,0.6544840177235973,0.6745985094689779,0.995051885524085,0.8348251974965315,4.463830310078103,1.0442899695543686,-0.5639596363118176,0.0516643107287579,/tmp ディレクトリ自体の情報だけを表示しその中身は一覧しないように ls で表示したいときのコマンドを一つ書いてください
u033,1,基本的なファイル管理,基本的なファイル管理:t1,1.0,0.766112671256101,0.7539079673472968,0.7600103193016989,0.9996023067836876,0.8798063130426932,6.734715380474925,1.1154903812173775,-0.2365575162111993,0.051641198039118,隠しファイルも含めてカレントディレクトリの内容を一覧表示するコマンドはどれですか？
u033,2,基本的なファイル管理,基本的なファイル管理:t1,1.0,0.766112671256101,0.7539079673472968,0.7600103193016989,0.99868380678352,0.8793470630426095,6.734715380474925,1.0057893014389907,0.5690377053906269,0.3492400193748236,ファイルの詳細情報付き一覧を表示する ls のオプションとして正しいものはどれですか？
u033,3,基本的なファイル管理,基本的なファイル管理:t1,0.0,0.766112671256101,0.7539079673472968,0.7600103193016989,0.9994866896755287,0.8797485044886137,6.734715380474925,1.0489017742155973,-0.4354143081768685,0.0519297250964802,現在の作業ディレクトリの絶対パスを表示するコマンドを一つ書いてください
u033,4,基本的なファイル管理,基本的なファイル管理:t1,,0.766112671256101,0.7539079673472968,0.7600103193016989,0.9997061259356729,0.879858222618686,6.734715380474925,1.0549076376616389,-0.9254401280891048,0.05,ホームディレクトリに移動するコマンドとして最も適切なものはどれですか？
u033,5,基本的なファイル管理,基本的なファイル管理:t1,,0.766112671256101,0.7539079673472968,0.7600103193016989,0.9964507350550607,0.8782305271783798,6.734715380474925,0.8454804512192905,0.5787404422327526,0.35,dir1 とその中の dir2 を一度に作成したいときに最も適切なコマンドはどれですか？
u033,6,基本的なファイル管理,基本的なファイル管理:t2,,0.766112671256101,0.7192633705202329,0.742688020888167,0.9988695995579848,0.8707788102230759,6.734715380474925,1.00510848894146,0.4134932167591427,0.3494454797573572,ディレクトリ A を中身ごと確認無しに削除したいときに最も適切なコマンドはどれですか？
u033,7,基本的なファイル管理,基本的なファイル管理:t2,1.0,0.766112671256101,0.7192633705202329,0.742688020888167,0.9997266257464766,0.8712073233173219,6.734715380474925,1.1721079163343606,-0.2212036076794035,0.05,rm コマンドで削除前に確認しながら対話的に削除したいときに付けるオプションはどれですか？
u033,8,基本的なファイル管理,基本的なファイル管理:t1,1.0,0.766112671256101,0.7539079673472968,0.7600103193016989,0.9994075664537739,0.8797089428777365,6.734715380474925,1.08857668141035,0.097554322776923,0.1857478924744617,ファイル file1 をディレクトリ dir にコピーするコマンドとして正しいものはどれですか？
u033,9,基本的なファイル管理,基本的なファイル管理:t2,1.0,0.766112671256101,0.7192633705202329,0.742688020888167,0.9991243079228427,0.8709061644055048,6.734715380474925,1.026407237120382,0.2943384619096204,0.3486455001445267,ディレクトリ A をタイムスタンプと権限を保ったままディレクトリ B にコピーしたいときに最も適切なコマンドはどれですか？
u033,10,基本的なファイル管理,基本的なファイル管理:t1,,0.766112671256101,0.7539079673472968,0.7600103193016989,0.9986777874821536,0.8793440533919263,6.734715380474925,0.9802501128237442,0.413054929247417,0.3492349294404715,ディレクトリ A の中の file.txt をディレクトリ B に移動するコマンドとして正しいものはどれですか？
u033,11,基本的なファイル管理,基本的なファイル管理:t1,1.0,0.766112671256101,0.7539079673472968,0.7600103193016989,0.998146728779882,0.8790785240407905,6.734715380474925,0.7698974396962992,-1.3664390211980266,0.0504729411698893,file01.txt や file02.txt など2桁の番号付きファイルにマッチし fileA.txt にはマッチしないパターンはどれですか？
u033,12,基本的なファイル管理,基本的なファイル管理:t2,0.0,0.766112671256101,0.7192633705202329,0.742688020888167,0.9993164339547003,0.8710022274214336,6.734715380474925,0.9276876469650808,-1.0654636245897775,0.0500422196007094,echo {A、B、C}.txt の出力として最も適切なものはどれですか？
u033,13,基本的なファイル管理,基本的なファイル管理:t1,1.0,0.766112671256101,0.7539079673472968,0.7600103193016989,0.9994478280919874,0.8797290736968432,6.734715380474925,1.0844134734111268,-0.0665097679162885,0.1181070732968249,ファイルのタイムスタンプを更新したり存在しない場合は空のファイルを作成したりするコマンド名を一つ書いてください
u033,14,基本的なファイル管理,基本的なファイル管理:t2,0.0,0.766112671256101,0.7192633705202329,0.742688020888167,0.9986502753114368,0.8706691480998019,6.734715380474925,0.8333449589648054,-1.1313423711812791,0.05,ディレクトリ dir1 を archive.tar という名前のアーカイブにまとめるコマンドとして最も適切なものはどれですか？
u033,15,基本的なファイル管理,基本的なファイル管理:t2,1.0,0.766112671256101,0.7192633705202329,0.742688020888167,0.9996920186689646,0.8711900197785658,6.734715380474925,1.079782842889703,-0.7049118100689108,0.0506380305473883,gzip 圧縮されたアーカイブ backup.tar.gz を展開する tar のコマンドを一つ書いてください
u033,16,基本的なファイル管理,基本的なファイル管理:t2,0.0,0.766112671256101,0.7192633705202329,0.742688020888167,0.9991111884403612,0.8708996046642641,6.734715380474925,1.0160959932760532,0.0605333476967584,0.2156358485127576,1MB のゼロデータを10個連結したファイル zero.img を作成したいときに最も適切なコマンドはどれですか？
u033,17,基本的なファイル管理,基本的なファイル管理:t2,,0.766112671256101,0.7192633705202329,0.742688020888167,0.999641319193485,0.871164670040826,6.734715380474925,1.0786539578094183,-0.571869105191423,0.0501239062067503,指定したファイルの種類を判定して表示するコマンド名を一つ書いてください
u033,18,所有者とパーミッション,所有者とパーミッション:t1,0.0,0.5914669738423641,0.5429486003179196,0.5672077870801419,0.6820892066981699,0.6246484968891559,0.6859342796076864,0.8838543016855865,0.636567762527371,0.35,ls -l の出力に含まれる r や w や x などの文字は何を表していますか？
u033,19,所有者とパーミッション,所有者とパーミッション:t1,0.0,0.5914669738423641,0.5429486003179196,0.5672077870801419,0.854835915451102,0.7110218512656219,0.6859342796076864,0.7694955224059895,-1.5396692830266308,0.0501462484179849,所有者に読み書きグループとその他に読み取りのみを許可するパーミッションを数字3桁で表したものとして正しいのはどれですか？
u033,20,所有者とパーミッション,所有者とパーミッション:t2,0.0,0.5914669738423641,0.40076169880508,0.49611433632372204,0.7179898587098688,0.6070520975167955,0.6859342796076864,1.069038527956945,0.2872849447946676,0.2861242148129458,ファイル script.sh に所有者だけ実行権限を追加する chmod の指定を一つ書いてください
u033,21,所有者とパーミッション,所有者とパーミッション:t1,1.0,0.5914669738423641,0.5429486003179196,0.5672077870801419,0.7364495856934945,0.6518286863868181,0.6859342796076864,1.023796809032469,-0.1819789265707181,0.0955893152535176,ファイル data.txt の所有者を user1 に変更するコマンドとして正しいものはどれですか？
u033,22,所有者とパーミッション,所有者とパーミッション:t1,1.0,0.5914669738423641,0.5429486003179196,0.5672077870801419,0.7207338955711482,0.6439708413256451,0.6859342796076864,0.9971459325822506,0.4014404237768084,0.3498656012445903,ファイル data.txt の所有グループを group1 に変更するコマンドを一つ書いてください
u033,23,所有者とパーミッション,所有者とパーミッション:t2,1.0,0.5914669738423641,0.40076169880508,0.49611433632372204,0.7848136143695323,0.6404639753466272,0.6859342796076864,0.5402809268579795,-1.587165246258202,0.05,ディレクトリ dir1 とその配下の全てのファイルに対して755のパーミッションを設定したいときに最も適切なコマンドはどれですか？
u033,24,所有者とパーミッション,所有者とパーミッション:t2,1.0,0.5914669738423641,0.40076169880508,0.49611433632372204,0.7324320425630875,0.6142731894434048,0.6859342796076864,1.0229892671149328,0.1354195999745567,0.2625206317911625,umask 022 の意味として最も適切な説明はどれですか？
u033,25,所有者とパーミッション,所有者とパーミッション:t3,0.0,0.5914669738423641,0.650309963687653,0.6208884687650086,0.7222985375977313,0.67159350318137,0.6859342796076864,1.0484800831860714,0.1935682699242609,0.2569518859740457,umask が 022 の環境で新しい通常ファイルを作成したときのデフォルトパーミッションを数字3桁で答えてください
u033,26,所有者とパーミッション,所有者とパーミッション:t3,1.0,0.5914669738423641,0.650309963687653,0.6208884687650086,0.7205584169664365,0.6707234428657225,0.6859342796076864,1.0647402213448909,0.3006301699301119,0.2993861022623606,実行ファイルに SUID ビットが設定されているときの動作として正しいものはどれですか？
u033,27,所有者とパーミッション,所有者とパーミッション:t3,0.0,0.5914669738423641,0.650309963687653,0.6208884687650086,0.8433372843421445,0.7321128765535765,0.6859342796076864,0.9182890250847582,-1.0802049659467,0.0502593675967861,ディレクトリに SGID ビットが設定されているときの効果として最も適切なものはどれですか？
u033,28,所有者とパーミッション,所有者とパーミッション:t3,1.0,0.5914669738423641,0.650309963687653,0.6208884687650086,0.718094960043315,0.6694917144041618,0.6859342796076864,1.0857191106832107,0.0603536444023921,0.1620911607977531,スティッキービットが設定された共有ディレクトリとしてよく使われる /tmp の特徴として正しいものはどれですか？
u033,29,所有者とパーミッション,所有者とパーミッション:t2,,0.5914669738423641,0.40076169880508,0.49611433632372204,0.8424731049050624,0.6692937206143923,0.6859342796076864,0.8616931297063011,-1.1885448876304008,0.0502666554250788,パーミッション文字列 rwxr-xr-x を数字3桁で表したものを答えてください
u033,30,所有者とパーミッション,所有者とパーミッション:t2,0.0,0.5914669738423641,0.40076169880508,0.49611433632372204,0.7977365983711411,0.6469254673474316,0.6859342796076864,1.0442899695543686,-0.5639596363118176,0.0516643107287579,/tmp ディレクトリ自体の情報だけを表示しその中身は一覧しないように ls で表示したいときのコマンドを一つ書いてください
u034,1,基本的なファイル管理,基本的なファイル管理:t1,0.0,0.3562173197052734,0.3576420367906395,0.35692967824795646,0.05356732830515025,0.20524850327655336,-5.792129300491221,1.1154903812173775,-0.2365575162111993,0.051641198039118,隠しファイルも含めてカレントディレクトリの内容を一覧表示するコマンドはどれですか？
u034,2,基本的なファイル管理,基本的なファイル管理:t1,,0.3562173197052734,0.3576420367906395,0.35692967824795646,0.3503216650470067,0.3536256716474816,-5.792129300491221,1.0057893014389907,0.5690377053906269,0.3492400193748236,ファイルの詳細情報付き一覧を表示する ls のオプションとして正しいものはどれですか？
u034,3,基本的なファイル管理,基本的なファイル管理:t1,1.0,0.3562173197052734,0.3576420367906395,0.35692967824795646,0.05535827659221417,0.2061439774200853,-5.792129300491221,1.0489017742155973,-0.4354143081768685,0.0519297250964802,現在の作業ディレクトリの絶対パスを表示するコマンドを一つ書いてください
u034,4,基本的なファイル管理,基本的なファイル管理:t1,0.0,0.3562173197052734,0.3576420367906395,0.35692967824795646,0.05556600866010159,0.20624784345402902,-5.792129300491221,1.0549076376616389,-0.9254401280891048,0.05,ホームディレクトリに移動するコマンドとして最も適切なものはどれですか？
u034,5,基本的なファイル管理,基本的なファイル管理:t1,0.0,0.3562173197052734,0.3576420367906395,0.35692967824795646,0.35296227860171553,0.354945978424836,-5.792129300491221,0.8454804512192905,0.5787404422327526,0.35,dir1 とその中の dir2 を一度に作成したいときに最も適切なコマンドはどれですか？
u034,6,基本的なファイル管理,基本的なファイル管理:t2,0.0,0.3562173197052734,0.31219151653580723,0.33420441812054036,0.35071488447474536,0.3424596512976429,-5.792129300491221,1.00510848894146,0.4134932167591427,0.3494454797573572,ディレクトリ A を中身ごと確認無しに削除したいときに最も適切なコマンドはどれですか？
u034,7,基本的なファイル管理,基本的なファイル管理:t2,,0.3562173197052734,0.31219151653580723,0.33420441812054036,0.05138441481916747,0.1927944164698539,-5.792129300491221,1.1721079163343606,-0.2212036076794035,0.05,rm コマンドで削除前に確認しながら対話的に削除したいときに付けるオプションはどれですか？
u034,8,基本的なファイル管理,基本的なファイル管理:t1,0.0,0.3562173197052734,0.3576420367906395,0.35692967824795646,0.1870833265089644,0.2720065023784604,-5.792129300491221,1.08857668141035,0.097554322776923,0.1857478924744617,ファイル file1 をディレクトリ dir にコピーするコマンドとして正しいものはどれですか？
u034,9,基本的なファイル管理,基本的なファイル管理:t2,0.0,0.3562173197052734,0.31219151653580723,0.33420441812054036,0.3499040063603828,0.3420542122404616,-5.792129300491221,1.026407237120382,0.2943384619096204,0.3486455001445267,ディレクトリ A をタイムスタンプと権限を保ったままディレクトリ B にコピーしたいときに最も適切なコマンドはどれですか？
u034,10,基本的なファイル管理,基本的なファイル管理:t1,0.0,0.3562173197052734,0.3576420367906395,0.35692967824795646,0.3507166983754318,0.3538231883116941,-5.792129300491221,0.9802501128237442,0.413054929247417,0.3492349294404715,ディレクトリ A の中の file.txt をディレクトリ B に移動するコマンドとして正しいものはどれですか？
u034,11,基本的なファイル管理,基本的なファイル管理:t1,0.0,0.3562173197052734,0.3576420367906395,0.35692967824795646,0.08092165498709367,0.21892566661752505,-5.792129300491221,0.7698974396962992,-1.3664390211980266,0.0504729411698893,file01.txt や file02.txt など2桁の番号付きファイルにマッチし fileA.txt にはマッチしないパターンはどれですか？
u034,12,基本的なファイル管理,基本的なファイル管理:t2,,0.3562173197052734,0.31219151653580723,0.33420441812054036,0.06173721152131839,0.19797081482092937,-5.792129300491221,0.9276876469650808,-1.0654636245897775,0.0500422196007094,echo {A、B、C}.txt の出力として最も適切なものはどれですか？
u034,13,基本的なファイル管理,基本的なファイル管理:t1,1.0,0.3562173197052734,0.3576420367906395,0.35692967824795646,0.11987732605075505,0.23840350214935574,-5.792129300491221,1.0844134734111268,-0.0665097679162885,0.1181070732968249,ファイルのタイムスタンプを更新したり存在しない場合は空のファイルを作成したりするコマンド名を一つ書いてください
u034,14,基本的なファイル管理,基本的なファイル管理:t2,0.0,0.3562173197052734,0.31219151653580723,0.33420441812054036,0.06914534969970543,0.2016748839101229,-5.792129300491221,0.8333449589648054,-1.1313423711812791,0.05,ディレクトリ dir1 を archive.tar という名前のアーカイブにまとめるコマンドとして最も適切なものはどれですか？
u034,15,基本的なファイル管理,基本的なファイル管理:t2,0.0,0.3562173197052734,0.31219151653580723,0.33420441812054036,0.054528747002673204,0.19436658256160677,-5.792129300491221,1.079782842889703,-0.7049118100689108,0.0506380305473883,gzip 圧縮されたアーカイブ backup.tar.gz を展開する tar のコマンドを一つ書いてください
u034,16,基本的なファイル管理,基本的なファイル管理:t2,1.0,0.3562173197052734,0.31219151653580723,0.33420441812054036,0.21768084427652928,0.2759426311985348,-5.792129300491221,1.0160959932760532,0.0605333476967584,0.2156358485127576,1MB のゼロデータを10個連結したファイル zero.img を作成したいときに最も適切なコマンドはどれですか？
u034,17,基本的なファイル管理,基本的なファイル管理:t2,0.0,0.3562173197052734,0.31219151653580723,0.33420441812054036,0.05351752936813486,0.1938609737443376,-5.792129300491221,1.0786539578094183,-0.571869105191423,0.0501239062067503,指定したファイルの種類を判定して表示するコマンド名を一つ書いてください
u034,18,所有者とパーミッション,所有者とパーミッション:t1,1.0,0.41552361990972597,0.6490989456201036,0.5323112827649148,0.40517868487631786,0.46874498382061636,-2.0535637557861333,0.8838543016855865,0.636567762527371,0.35,ls -l の出力に含まれる r や w や x などの文字は何を表していますか？
u034,19,所有者とパーミッション,所有者とパーミッション:t1,,0.41552361990972597,0.6490989456201036,0.5323112827649148,0.43237551122619955,0.48234339699555717,-2.0535637557861333,0.7694955224059895,-1.5396692830266308,0.0501462484179849,所有者に読み書きグループとその他に読み取りのみを許可するパーミッションを数字3桁で表したものとして正しいのはどれですか？
u034,20,所有者とパーミッション,所有者とパーミッション:t2,0.0,0.41552361990972597,0.3809551657007658,0.3982393928052459,0.3401546768670475,0.3691970348361467,-2.0535637557861333,1.069038527956945,0.2872849447946676,0.2861242148129458,ファイル script.sh に所有者だけ実行権限を追加する chmod の指定を一つ書いてください
u034,21,所有者とパーミッション,所有者とパーミッション:t1,,0.41552361990972597,0.6490989456201036,0.5323112827649148,0.2116202985120906,0.3719657906385027,-2.0535637557861333,1.023796809032469,-0.1819789265707181,0.0955893152535176,ファイル data.txt の所有者を user1 に変更するコマンドとして正しいものはどれですか？
u034,22,所有者とパーミッション,所有者とパーミッション:t1,1.0,0.41552361990972597,0.6490989456201036,0.5323112827649148,0.40160662310396206,0.46695895293443845,-2.0535637557861333,0.9971459325822506,0.4014404237768084,0.3498656012445903,ファイル data.txt の所有グループを group1 に変更するコマンドを一つ書いてください
u034,23,所有者とパーミッション,所有者とパーミッション:t2,,0.41552361990972597,0.3809551657007658,0.3982393928052459,0.4654679492745465,0.4318536710398962,-2.0535637557861333,0.5402809268579795,-1.587165246258202,0.05,ディレクトリ dir1 とその配下の全てのファイルに対して755のパーミッションを設定したいときに最も適切なコマンドはどれですか？
u034,24,所有者とパーミッション,所有者とパーミッション:t2,,0.41552361990972597,0.3809551657007658,0.3982393928052459,0.3335220965426094,0.3658807446739276,-2.0535637557861333,1.0229892671149328,0.1354195999745567,0.2625206317911625,umask 022 の意味として最も適切な説明はどれですか？
u034,25,所有者とパーミッション,所有者とパーミッション:t3,1.0,0.41552361990972597,0.5730456888139615,0.4942846543618437,0.3212881521245771,0.4077864032432104,-2.0535637557861333,1.0484800831860714,0.1935682699242609,0.2569518859740457,umask が 022 の環境で新しい通常ファイルを作成したときのデフォルトパーミッションを数字3桁で答えてください
u034,26,所有者とパーミッション,所有者とパーミッション:t3,1.0,0.41552361990972597,0.5730456888139615,0.4942846543618437,0.3522098979814513,0.4232472761716475,-2.0535637557861333,1.0647402213448909,0.3006301699301119,0.2993861022623606,実行ファイルに SUID ビットが設定されているときの動作として正しいものはどれですか？
u034,27,所有者とパーミッション,所有者とパーミッション:t3,0.0,0.41552361990972597,0.5730456888139615,0.4942846543618437,0.3259891847633818,0.4101369195626128,-2.0535637557861333,0.9182890250847582,-1.0802049659467,0.0502593675967861,ディレクトリに SGID ビットが設定されているときの効果として最も適切なものはどれですか？
u034,28,所有者とパーミッション,所有者とパーミッション:t3,1.0,0.41552361990972597,0.5730456888139615,0.4942846543618437,0.23878318426670486,0.36653391931427426,-2.0535637557861333,1.0857191106832107,0.0603536444023921,0.1620911607977531,スティッキービットが設定された共有ディレクトリとしてよく使われる /tmp の特徴として正しいものはどれですか？
u034,29,所有者とパーミッション,所有者とパーミッション:t2,0.0,0.41552361990972597,0.3809551657007658,0.3982393928052459,0.3559180364618272,0.37707871463353654,-2.0535637557861333,0.8616931297063011,-1.1885448876304008,0.0502666554250788,パーミッション文字列 rwxr-xr-x を数字3桁で表したものを答えてください
u034,30,所有者とパーミッション,所有者とパーミッション:t2,0.0,0.41552361990972597,0.3809551657007658,0.3982393928052459,0.21694215041571419,0.30759077161048004,-2.0535637557861333,1.0442899695543686,-0.5639596363118176,0.0516643107287579,/tmp ディレクトリ自体の情報だけを表示しその中身は一覧しないように ls で表示したいときのコマンドを一つ書いてください
u035,1,基本的なファイル管理,基本的なファイル管理:t1,,0.46794755207123173,0.5931342502137059,0.5305409011424689,0.3415267804535461,0.4360338407980075,-0.9720524730190406,1.1154903812173775,-0.2365575162111993,0.051641198039118,隠しファイルも含めてカレントディレクトリの内容を一覧表示するコマンドはどれですか？
u035,2,基本的なファイル管理,基本的なファイル管理:t1,,0.46794755207123173,0.5931342502137059,0.5305409011424689,0.4631780266623057,0.4968594639023873,-0.9720524730190406,1.0057893014389907,0.5690377053906269,0.3492400193748236,ファイルの詳細情報付き一覧を表示する ls のオプションとして正しいものはどれですか？
u035,3,基本的なファイル管理,基本的なファイル管理:t1,,0.46794755207123173,0.5931342502137059,0.5305409011424689,0.39596658358007425,0.4632537423612716,-0.9720524730190406,1.0489017742155973,-0.4354143081768685,0.0519297250964802,現在の作業ディレクトリの絶対パスを表示するコマンドを一つ書いてください
u035,4,基本的なファイル管理,基本的なファイル管理:t1,0.0,0.46794755207123173,0.5931342502137059,0.5305409011424689,0.513324069281469,0.5219324852119689,-0.9720524730190406,1.0549076376616389,-0.9254401280891048,0.05,ホームディレクトリに移動するコマンドとして最も適切なものはどれですか？
u035,5,基本的なファイル管理,基本的なファイル管理:t1,1.0,0.46794755207123173,0.5931342502137059,0.5305409011424689,0.4879897656086153,0.5092653333755421,-0.9720524730190406,0.8454804512192905,0.5787404422327526,0.35,dir1 とその中の dir2 を一度に作成したいときに最も適切なコマンドはどれですか？
u035,6,基本的なファイル管理,基本的なファイル管理:t2,1.0,0.46794755207123173,0.4596815664867031,0.4638145592789674,0.47889881818889946,0.47135668873393344,-0.9720524730190406,1.00510848894146,0.4134932167591427,0.3494454797573572,ディレクトリ A を中身ごと確認無しに削除したいときに最も適切なコマンドはどれですか？
u035,7,基本的なファイル管理,基本的なファイル管理:t2,0.0,0.46794755207123173,0.4596815664867031,0.4638145592789674,0.32850394845804776,0.3961592538685076,-0.9720524730190406,1.1721079163343606,-0.2212036076794035,0.05,rm コマンドで削除前に確認しながら対話的に削除したいときに付けるオプションはどれですか？
u035,8,基本的なファイル管理,基本的なファイル管理:t1,,0.46794755207123173,0.5931342502137059,0.5305409011424689,0.3794405102074567,0.4549907056749628,-0.9720524730190406,1.08857668141035,0.097554322776923,0.1857478924744617,ファイル file1 をディレクトリ dir にコピーするコマンドとして正しいものはどれですか？
u035,9,基本的なファイル管理,基本的なファイル管理:t2,0.0,0.46794755207123173,0.4596815664867031,0.4638145592789674,0.48816117504610324,0.4759878671625353,-0.9720524730190406,1.026407237120382,0.2943384619096204,0.3486455001445267,ディレクトリ A をタイムスタンプと権限を保ったままディレクトリ B にコピーしたいときに最も適切なコマンドはどれですか？
u035,10,基本的なファイル管理,基本的なファイル管理:t1,,0.46794755207123173,0.5931342502137059,0.5305409011424689,0.4823853381761636,0.5064631196593162,-0.9720524730190406,0.9802501128237442,0.413054929247417,0.3492349294404715,ディレクトリ A の中の file.txt をディレクトリ B に移動するコマンドとして正しいものはどれですか？
u035,11,基本的なファイル管理,基本的なファイル管理:t1,,0.46794755207123173,0.5931342502137059,0.5305409011424689,0.5967656897682169,0.5636532954553428,-0.9720524730190406,0.7698974396962992,-1.3664390211980266,0.0504729411698893,file01.txt や file02.txt など2桁の番号付きファイルにマッチし fileA.txt にはマッチしないパターンはどれですか？
u035,12,基本的なファイル管理,基本的なファイル管理:t2,0.0,0.46794755207123173,0.4596815664867031,0.4638145592789674,0.5455882145435077,0.5047013869112376,-0.9720524730190406,0.9276876469650808,-1.0654636245897775,0.0500422196007094,echo {A、B、C}.txt の出力として最も適切なものはどれですか？
u035,13,基本的なファイル管理,基本的なファイル管理:t1,,0.46794755207123173,0.5931342502137059,0.5305409011424689,0.3584216151590723,0.44448125815077055,-0.9720524730190406,1.0844134734111268,-0.0665097679162885,0.1181070732968249,ファイルのタイムスタンプを更新したり存在しない場合は空のファイルを作成したりするコマンド名を一つ書いてください
u035,14,基本的なファイル管理,基本的なファイル管理:t2,0.0,0.46794755207123173,0.4596815664867031,0.4638145592789674,0.5564803532601664,0.5101474562695669,-0.9720524730190406,0.8333449589648054,-1.1313423711812791,0.05,ディレクトリ dir1 を archive.tar という名前のアーカイブにまとめるコマンドとして最も適切なものはどれですか？
u035,15,基本的なファイル管理,基本的なファイル管理:t2,,0.46794755207123173,0.4596815664867031,0.4638145592789674,0.4573280074423373,0.46057128336065234,-0.9720524730190406,1.079782842889703,-0.7049118100689108,0.0506380305473883,gzip 圧縮されたアーカイブ backup.tar.gz を展開する tar のコマンドを一つ書いてください
u035,16,基本的なファイル管理,基本的なファイル管理:t2,,0.46794755207123173,0.4596815664867031,0.4638145592789674,0.41908229197655045,0.44144842562775893,-0.9720524730190406,1.0160959932760532,0.0605333476967584,0.2156358485127576,1MB のゼロデータを10個連結したファイル zero.img を作成したいときに最も適切なコマンドはどれですか？
u035,17,基本的なファイル管理,基本的なファイル管理:t2,1.0,0.46794755207123173,0.4596815664867031,0.4638145592789674,0.4241187708647133,0.44396666507184035,-0.9720524730190406,1.0786539578094183,-0.571869105191423,0.0501239062067503,指定したファイルの種類を判定して表示するコマンド名を一つ書いてください
u035,18,所有者とパーミッション,所有者とパーミッション:t1,0.0,0.38490605279555107,0.43231143831721813,0.4086087455563846,0.36049020113786845,0.3845494733471265,-4.0138144772634785,0.8838543016855865,0.636567762527371,0.35,ls -l の出力に含まれる r や w や x などの文字は何を表していますか？
u035,19,所有者とパーミッション,所有者とパーミッション:t1,,0.38490605279555107,0.43231143831721813,0.4086087455563846,0.1733176477703231,0.29096319666335385,-4.0138144772634785,0.7694955224059895,-1.5396692830266308,0.0501462484179849,所有者に読み書きグループとその他に読み取りのみを許可するパーミッションを数字3桁で表したものとして正しいのはどれですか？
u035,20,所有者とパーミッション,所有者とパーミッション:t2,1.0,0.38490605279555107,0.38191428841394653,0.3834101706047488,0.2932423573767483,0.33832626399074855,-4.0138144772634785,1.069038527956945,0.2872849447946676,0.2861242148129458,ファイル script.sh に所有者だけ実行権限を追加する chmod の指定を一つ書いてください
u035,21,所有者とパーミッション,所有者とパーミッション:t1,0.0,0.38490605279555107,0.43231143831721813,0.4086087455563846,0.11313265552730895,0.2608707005418468,-4.0138144772634785,1.023796809032469,-0.1819789265707181,0.0955893152535176,ファイル data.txt の所有者を user1 に変更するコマンドとして正しいものはどれですか？
u035,22,所有者とパーミッション,所有者とパーミッション:t1,0.0,0.38490605279555107,0.43231143831721813,0.4086087455563846,0.35773007164962917,0.38316940860300686,-4.0138144772634785,0.9971459325822506,0.4014404237768084,0.3498656012445903,ファイル data.txt の所有グループを group1 に変更するコマンドを一つ書いてください
u035,23,所有者とパーミッション,所有者とパーミッション:t2,0.0,0.38490605279555107,0.38191428841394653,0.3834101706047488,0.2516920922937362,0.3175511314492425,-4.0138144772634785,0.5402809268579795,-1.587165246258202,0.05,ディレクトリ dir1 とその配下の全てのファイルに対して755のパーミッションを設定したいときに最も適切なコマンドはどれですか？
u035,24,所有者とパーミッション,所有者とパーミッション:t2,1.0,0.38490605279555107,0.38191428841394653,0.3834101706047488,0.27294740548532404,0.3281787880450364,-4.0138144772634785,1.0229892671149328,0.1354195999745567,0.2625206317911625,umask 022 の意味として最も適切な説明はどれですか？
u035,25,所有者とパーミッション,所有者とパーミッション:t3,1.0,0.38490605279555107,0.5215168047292464,0.4532114287623987,0.26586334673807416,0.35953738775023647,-4.0138144772634785,1.0484800831860714,0.1935682699242609,0.2569518859740457,umask が 022 の環境で新しい通常ファイルを作成したときのデフォルトパーミッションを数字3桁で答えてください
u035,26,所有者とパーミッション,所有者とパーミッション:t3,1.0,0.38490605279555107,0.5215168047292464,0.4532114287623987,0.3064016604631921,0.3798065446127954,-4.0138144772634785,1.0647402213448909,0.3006301699301119,0.2993861022623606,実行ファイルに SUID ビットが設定されているときの動作として正しいものはどれですか？
u035,27,所有者とパーミッション,所有者とパーミッション:t3,0.0,0.38490605279555107,0.5215168047292464,0.4532114287623987,0.11041041175112727,0.281810920256763,-4.0138144772634785,0.9182890250847582,-1.0802049659467,0.0502593675967861,ディレクトリに SGID ビットが設定されているときの効果として最も適切なものはどれですか？
u035,28,所有者とパーミッション,所有者とパーミッション:t3,1.0,0.38490605279555107,0.5215168047292464,0.4532114287623987,0.17202140541847513,0.3126164170904369,-4.0138144772634785,1.0857191106832107,0.0603536444023921,0.1620911607977531,スティッキービットが設定された共有ディレクトリとしてよく使われる /tmp の特徴として正しいものはどれですか？
u035,29,所有者とパーミッション,所有者とパーミッション:t2,1.0,0.38490605279555107,0.38191428841394653,0.3834101706047488,0.12679456138283302,0.2551023659937909,-4.0138144772634785,0.8616931297063011,-1.1885448876304008,0.0502666554250788,パーミッション文字列 rwxr-xr-x を数字3桁で表したものを答えてください
u035,30,所有者とパーミッション,所有者とパーミッション:t2,0.0,0.38490605279555107,0.38191428841394653,0.3834101706047488,0.07682223687715423,0.2301162037409515,-4.0138144772634785,1.0442899695543686,-0.5639596363118176,0.0516643107287579,/tmp ディレクトリ自体の情報だけを表示しその中身は一覧しないように ls で表示したいときのコマンドを一つ書いてください
u036,1,基本的なファイル管理,基本的なファイル管理:t1,0.0,0.38343233441369606,0.3842903801322164,0.3838613572729562,0.1150406882610114,0.2494510227669838,-2.599720742138152,1.1154903812173775,-0.2365575162111993,0.051641198039118,隠しファイルも含めてカレントディレクトリの内容を一覧表示するコマンドはどれですか？
u036,2,基本的なファイル管理,基本的なファイル管理:t1,,0.38343233441369606,0.3842903801322164,0.3838613572729562,0.3750452176089564,0.3794532874409563,-2.599720742138152,1.0057893014389907,0.5690377053906269,0.3492400193748236,ファイルの詳細情報付き一覧を表示する ls のオプションとして正しいものはどれですか？
u036,3,基本的なファイル管理,基本的なファイル管理:t1,,0.38343233441369606,0.3842903801322164,0.3838613572729562,0.1406936756750865,0.26227751647402137,-2.599720742138152,1.0489017742155973,-0.4354143081768685,0.0519297250964802,現在の作業ディレクトリの絶対パスを表示するコマンドを一つ書いてください
u036,4,基本的なファイル管理,基本的なファイル管理:t1,,0.38343233441369606,0.3842903801322164,0.3838613572729562,0.18871340487675214,0.2862873810748542,-2.599720742138152,1.0549076376616389,-0.9254401280891048,0.05,ホームディレクトリに移動するコマンドとして最も適切なものはどれですか？
u036,5,基本的なファイル管理,基本的なファイル管理:t1,,0.38343233441369606,0.3842903801322164,0.3838613572729562,0.3914214629172715,0.3876414100951139,-2.599720742138152,0.8454804512192905,0.5787404422327526,0.35,dir1 とその中の dir2 を一度に作成したいときに最も適切なコマンドはどれですか？
u036,6,基本的なファイル管理,基本的なファイル管理:t2,1.0,0.38343233441369606,0.5535430057130841,0.4684876700633901,0.37946864350137177,0.42397815678238093,-2.599720742138152,1.00510848894146,0.4134932167591427,0.3494454797573572,ディレクトリ A を中身ごと確認無しに削除したいときに最も適切なコマンドはどれですか？
u036,7,基本的なファイル管理,基本的なファイル管理:t2,1.0,0.38343233441369606,0.5535430057130841,0.4684876700633901,0.10508357470134129,0.2867856223823657,-2.599720742138152,1.1721079163343606,-0.2212036076794035,0.05,rm コマンドで削除前に確認しながら対話的に削除したいときに付けるオプションはどれですか？
u036,8,基本的なファイル管理,基本的なファイル管理:t1,0.0,0.38343233441369606,0.3842903801322164,0.3838613572729562,0.2267807015168647,0.30532102939491046,-2.599720742138152,1.08857668141035,0.097554322776923,0.1857478924744617,ファイル file1 をディレクトリ dir にコピーするコマンドとして正しいものはどれですか？
u036,9,基本的なファイル管理,基本的なファイル管理:t2,1.0,0.38343233441369606,0.5535430057130841,0.4684876700633901,0.38041680967746566,0.4244522398704279,-2.599720742138152,1.026407237120382,0.2943384619096204,0.3486455001445267,ディレクトリ A をタイムスタンプと権限を保ったままディレクトリ B にコピーしたいときに最も適切なコマンドはどれですか？
u036,10,基本的なファイル管理,基本的なファイル管理:t1,,0.38343233441369606,0.3842903801322164,0.3838613572729562,0.38150117333164635,0.3826812653023013,-2.599720742138152,0.9802501128237442,0.413054929247417,0.3492349294404715,ディレクトリ A の中の file.txt をディレクトリ B に移動するコマンドとして正しいものはどれですか？
u036,11,基本的なファイル管理,基本的なファイル管理:t1,1.0,0.38343233441369606,0.3842903801322164,0.3838613572729562,0.31537703134948786,0.349619194311222,-2.599720742138152,0.7698974396962992,-1.3664390211980266,0.0504729411698893,file01.txt や file02.txt など2桁の番号付きファイルにマッチし fileA.txt にはマッチしないパターンはどれですか？
u036,12,基本的なファイル管理,基本的なファイル管理:t2,0.0,0.38343233441369606,0.5535430057130841,0.4684876700633901,0.23446986274484308,0.35147876640411657,-2.599720742138152,0.9276876469650808,-1.0654636245897775,0.0500422196007094,echo {A、B、C}.txt の出力として最も適切なものはどれですか？
u036,13,基本的なファイル管理,基本的なファイル管理:t1,1.0,0.38343233441369606,0.3842903801322164,0.3838613572729562,0.1712442778982614,0.2775528175856088,-2.599720742138152,1.0844134734111268,-0.0665097679162885,0.1181070732968249,ファイルのタイムスタンプを更新したり存在しない場合は空のファイルを作成したりするコマンド名を一つ書いてください
u036,14,基本的なファイル管理,基本的なファイル管理:t2,0.0,0.38343233441369606,0.5535430057130841,0.4684876700633901,0.26592739673644733,0.36720753339991874,-2.599720742138152,0.8333449589648054,-1.1313423711812791,0.05,ディレクトリ dir1 を archive.tar という名前のアーカイブにまとめるコマンドとして最も適切なものはどれですか？
u036,15,基本的なファイル管理,基本的なファイル管理:t2,1.0,0.38343233441369606,0.5535430057130841,0.4684876700633901,0.15930104277951623,0.31389435642145314,-2.599720742138152,1.079782842889703,-0.7049118100689108,0.0506380305473883,gzip 圧縮されたアーカイブ backup.tar.gz を展開する tar のコマンドを一つ書いてください
u036,16,基本的なファイル管理,基本的なファイル管理:t2,0.0,0.38343233441369606,0.5535430057130841,0.4684876700633901,0.2648878289837524,0.36668774952357125,-2.599720742138152,1.0160959932760532,0.0605333476967584,0.2156358485127576,1MB のゼロデータを10個連結したファイル zero.img を作成したいときに最も適切なコマンドはどれですか？
u036,17,基本的なファイル管理,基本的なファイル管理:t2,0.0,0.38343233441369606,0.5535430057130841,0.4684876700633901,0.14595900573382323,0.3072233378986067,-2.599720742138152,1.0786539578094183,-0.571869105191423,0.0501239062067503,指定したファイルの種類を判定して表示するコマンド名を一つ書いてください
u036,18,所有者とパーミッション,所有者とパーミッション:t1,1.0,0.6327934890318541,0.6691073132540596,0.6509504011429568,0.7745534711566409,0.7127519361497988,1.3526981825642639,0.8838543016855865,0.636567762527371,0.35,ls -l の出力に含まれる r や w や x などの文字は何を表していますか？
u036,19,所有者とパーミッション,所有者とパーミッション:t1,1.0,0.6327934890318541,0.6691073132540596,0.6509504011429568,0.9074182997672393,0.779184350455098,1.3526981825642639,0.7694955224059895,-1.5396692830266308,0.0501462484179849,所有者に読み書きグループとその他に読み取りのみを許可するパーミッションを数字3桁で表したものとして正しいのはどれですか？
u036,20,所有者とパーミッション,所有者とパーミッション:t2,1.0,0.6327934890318541,0.38212807193804593,0.50746078048495,0.8268780371055992,0.6671694087952746,1.3526981825642639,1.069038527956945,0.2872849447946676,0.2861242148129458,ファイル script.sh に所有者だけ実行権限を追加する chmod の指定を一つ書いてください
u036,21,所有者とパーミッション,所有者とパーミッション:t1,1.0,0.6327934890318541,0.6691073132540596,0.6509504011429568,0.8443999928822865,0.7476751970126216,1.3526981825642639,1.023796809032469,-0.1819789265707181,0.0955893152535176,ファイル data.txt の所有者を user1 に変更するコマンドとして正しいものはどれですか？
u036,22,所有者とパーミッション,所有者とパーミッション:t1,0.0,0.6327934890318541,0.6691073132540596,0.6509504011429568,0.8184967982871827,0.7347235997150697,1.3526981825642639,0.9971459325822506,0.4014404237768084,0.3498656012445903,ファイル data.txt の所有グループを group1 に変更するコマンドを一つ書いてください
u036,23,所有者とパーミッション,所有者とパーミッション:t2,0.0,0.6327934890318541,0.38212807193804593,0.50746078048495,0.8388649274199321,0.673162853952441,1.3526981825642639,0.5402809268579795,-1.587165246258202,0.05,ディレクトリ dir1 とその配下の全てのファイルに対して755のパーミッションを設定したいときに最も適切なコマンドはどれですか？
u036,24,所有者とパーミッション,所有者とパーミッション:t2,,0.6327934890318541,0.38212807193804593,0.50746078048495,0.8351577073151896,0.6713092439000699,1.3526981825642639,1.0229892671149328,0.1354195999745567,0.2625206317911625,umask 022 の意味として最も適切な説明はどれですか？
u036,25,所有者とパーミッション,所有者とパーミッション:t3,1.0,0.6327934890318541,0.6670005485989485,0.6498970188154013,0.830020108547299,0.7399585636813502,1.3526981825642639,1.0484800831860714,0.1935682699242609,0.2569518859740457,umask が 022 の環境で新しい通常ファイルを作成したときのデフォルトパーミッションを数字3桁で答えてください
u036,26,所有者とパーミッション,所有者とパーミッション:t3,,0.6327934890318541,0.6670005485989485,0.6498970188154013,0.8276643536490604,0.7387806862322308,1.3526981825642639,1.0647402213448909,0.3006301699301119,0.2993861022623606,実行ファイルに SUID ビットが設定されているときの動作として正しいものはどれですか？
u036,27,所有者とパーミッション,所有者とパーミッション:t3,0.0,0.6327934890318541,0.6670005485989485,0.6498970188154013,0.9081324467008463,0.7790147327581238,1.3526981825642639,0.9182890250847582,-1.0802049659467,0.0502593675967861,ディレクトリに SGID ビットが設定されているときの効果として最も適切なものはどれですか？
u036,28,所有者とパーミッション,所有者とパーミッション:t3,1.0,0.6327934890318541,0.6670005485989485,0.6498970188154013,0.8346630063750329,0.7422800125952171,1.3526981825642639,1.0857191106832107,0.0603536444023921,0.1620911607977531,スティッキービットが設定された共有ディレクトリとしてよく使われる /tmp の特徴として正しいものはどれですか？
u036,29,所有者とパーミッション,所有者とパーミッション:t2,,0.6327934890318541,0.38212807193804593,0.50746078048495,0.9043877210879734,0.7059242507864617,1.3526981825642639,0.8616931297063011,-1.1885448876304008,0.0502666554250788,パーミッション文字列 rwxr-xr-x を数字3桁で表したものを答えてください
u036,30,所有者とパーミッション,所有者とパーミッション:t2,0.0,0.6327934890318541,0.38212807193804593,0.50746078048495,0.8871095113473807,0.6972851459161653,1.3526981825642639,1.0442899695543686,-0.5639596363118176,0.0516643107287579,/tmp ディレクトリ自体の情報だけを表示しその中身は一覧しないように ls で表示したいときのコマンドを一つ書いてください
u037,1,基本的なファイル管理,基本的なファイル管理:t1,,0.7643115146028363,0.7539077747054472,0.7591096446541418,0.9977665640263659,0.8784381043402538,5.186020741110198,1.1154903812173775,-0.2365575162111993,0.051641198039118,隠しファイルも含めてカレントディレクトリの内容を一覧表示するコマンドはどれですか？
u037,2,基本的なファイル管理,基本的なファイル管理:t1,1.0,0.7643115146028363,0.7539077747054472,0.7591096446541418,0.9937981178344177,0.8764538812442797,5.186020741110198,1.0057893014389907,0.5690377053906269,0.3492400193748236,ファイルの詳細情報付き一覧を表示する ls のオプションとして正しいものはどれですか？
u037,3,基本的なファイル管理,基本的なファイル管理:t1,1.0,0.7643115146028363,0.7539077747054472,0.7591096446541418,0.997400420510762,0.8782550325824519,5.186020741110198,1.0489017742155973,-0.4354143081768685,0.0519297250964802,現在の作業ディレクトリの絶対パスを表示するコマンドを一つ書いてください
u037,4,基本的なファイル管理,基本的なファイル管理:t1,0.0,0.7643115146028363,0.7539077747054472,0.7591096446541418,0.9984964164938087,0.8788030305739752,5.186020741110198,1.0549076376616389,-0.9254401280891048,0.05,ホームディレクトリに移動するコマンドとして最も適切なものはどれですか？
u037,5,基本的なファイル管理,基本的なファイル管理:t1,1.0,0.7643115146028363,0.7539077747054472,0.7591096446541418,0.9870450881571682,0.873077366405655,5.186020741110198,0.8454804512192905,0.5787404422327526,0.35,dir1 とその中の dir2 を一度に作成したいときに最も適切なコマンドはどれですか？
u037,6,基本的なファイル管理,基本的なファイル管理:t2,1.0,0.7643115146028363,0.6574404196677486,0.7108759671352924,0.9946734921624207,0.8527747296488566,5.186020741110198,1.00510848894146,0.4134932167591427,0.3494454797573572,ディレクトリ A を中身ごと確認無しに削除したいときに最も適切なコマンドはどれですか？
u037,7,基本的なファイル管理,基本的なファイル管理:t2,,0.7643115146028363,0.6574404196677486,0.7108759671352924,0.9983232708142313,0.8545996189747619,5.186020741110198,1.1721079163343606,-0.2212036076794035,0.05,rm コマンドで削除前に確認しながら対話的に削除したいときに付けるオプションはどれですか？
u037,8,基本的なファイル管理,基本的なファイル管理:t1,1.0,0.7643115146028363,0.7539077747054472,0.7591096446541418,0.9968127383802028,0.8779611915171723,5.186020741110198,1.08857668141035,0.097554322776923,0.1857478924744617,ファイル file1 をディレクトリ dir にコピーするコマンドとして正しいものはどれですか？
u037,9,基本的なファイル管理,基本的なファイル管理:t2,1.0,0.7643115146028363,0.6574404196677486,0.7108759671352924,0.9957299789246941,0.8533029730299933,5.186020741110198,1.026407237120382,0.2943384619096204,0.3486455001445267,ディレクトリ A をタイムスタンプと権限を保ったままディレクトリ B にコピーしたいときに最も適切なコマンドはどれですか？
u037,10,基本的なファイル管理,基本的なファイル管理:t1,1.0,0.7643115146028363,0.7539077747054472,0.7591096446541418,0.994009348076632,0.8765594963653869,5.186020741110198,0.9802501128237442,0.413054929247417,0.3492349294404715,ディレクトリ A の中の file.txt をディレクトリ B に移動するコマンドとして正しいものはどれですか？
u037,11,基本的なファイル管理,基本的なファイル管理:t1,,0.7643115146028363,0.7539077747054472,0.7591096446541418,0.9939211261867023,0.876515385420422,5.186020741110198,0.7698974396962992,-1.3664390211980266,0.0504729411698893,file01.txt や file02.txt など2桁の番号付きファイルにマッチし fileA.txt にはマッチしないパターンはどれですか？
u037,12,基本的なファイル管理,基本的なファイル管理:t2,,0.7643115146028363,0.6574404196677486,0.7108759671352924,0.9971309871867017,0.854003477160997,5.186020741110198,0.9276876469650808,-1.0654636245897775,0.0500422196007094,echo {A、B、C}.txt の出力として最も適切なものはどれですか？
u037,13,基本的なファイル管理,基本的なファイル管理:t1,1.0,0.7643115146028363,0.7539077747054472,0.7591096446541418,0.9970470585781664,0.8780783516161541,5.186020741110198,1.0844134734111268,-0.0665097679162885,0.1181070732968249,ファイルのタイムスタンプを更新したり存在しない場合は空のファイルを作成したりするコマンド名を一つ書いてください
u037,14,基本的なファイル管理,基本的なファイル管理:t2,0.0,0.7643115146028363,0.6574404196677486,0.7108759671352924,0.9951121093470551,0.8529940382411738,5.186020741110198,0.8333449589648054,-1.1313423711812791,0.05,ディレクトリ dir1 を archive.tar という名前のアーカイブにまとめるコマンドとして最も適切なものはどれですか？
u037,15,基本的なファイル管理,基本的なファイル管理:t2,0.0,0.7643115146028363,0.6574404196677486,0.7108759671352924,0.9983625568365841,0.8546192619859383,5.186020741110198,1.079782842889703,-0.7049118100689108,0.0506380305473883,gzip 圧縮されたアーカイブ backup.tar.gz を展開する tar のコマンドを一つ書いてください
u037,16,基本的なファイル管理,基本的なファイル管理:t2,,0.7643115146028363,0.6574404196677486,0.7108759671352924,0.9957307915723542,0.8533033793538234,5.186020741110198,1.0160959932760532,0.0605333476967584,0.2156358485127576,1MB のゼロデータを10個連結したファイル zero.img を作成したいときに最も適切なコマンドはどれですか？
u037,17,基本的なファイル管理,基本的なファイル管理:t2,0.0,0.7643115146028363,0.6574404196677486,0.7108759671352924,0.9980967647518996,0.854486365943596,5.186020741110198,1.0786539578094183,-0.571869105191423,0.0501239062067503,指定したファイルの種類を判定して表示するコマンド名を一つ書いてください
u037,18,所有者とパーミッション,所有者とパーミッション:t1,,0.38024276765178927,0.555988402781234,0.46811558521651164,0.3522630267547885,0.41018930598565007,-5.763561204867972,0.8838543016855865,0.636567762527371,0.35,ls -l の出力に含まれる r や w や x などの文字は何を表していますか？
u037,19,所有者とパーミッション,所有者とパーミッション:t1,0.0,0.38024276765178927,0.555988402781234,0.46811558521651164,0.08559225718974803,0.27685392120312985,-5.763561204867972,0.7694955224059895,-1.5396692830266308,0.0501462484179849,所有者に読み書きグループとその他に読み取りのみを許可するパーミッションを数字3桁で表したものとして正しいのはどれですか？
u037,20,所有者とパーミッション,所有者とパーミッション:t2,0.0,0.38024276765178927,0.3802122138724946,0.3802274907621419,0.28723001707775714,0.3337287539199495,-5.763561204867972,1.069038527956945,0.2872849447946676,0.2861242148129458,ファイル script.sh に所有者だけ実行権限を追加する chmod の指定を一つ書いてください
u037,21,所有者とパーミッション,所有者とパーミッション:t1,,0.38024276765178927,0.555988402781234,0.46811558521651164,0.09856235450587117,0.2833389698611914,-5.763561204867972,1.023796809032469,-0.1819789265707181,0.0955893152535176,ファイル data.txt の所有者を user1 に変更するコマンドとして正しいものはどれですか？
u037,22,所有者とパーミッション,所有者とパーミッション:t1,1.0,0.38024276765178927,0.555988402781234,0.46811558521651164,0.3512532851084466,0.4096844351624791,-5.763561204867972,0.9971459325822506,0.4014404237768084,0.3498656012445903,ファイル data.txt の所有グループを group1 に変更するコマンドを一つ書いてください
u037,23,所有者とパーミッション,所有者とパーミッション:t2,0.0,0.38024276765178927,0.3802122138724946,0.3802274907621419,0.14005669229104045,0.2601420915265912,-5.763561204867972,0.5402809268579795,-1.587165246258202,0.05,ディレクトリ dir1 とその配下の全てのファイルに対して755のパーミッションを設定したいときに最も適切なコマンドはどれですか？
u037,24,所有者とパーミッション,所有者とパーミッション:t2,0.0,0.38024276765178927,0.3802122138724946,0.3802274907621419,0.26428228458545483,0.3222548876737984,-5.763561204867972,1.0229892671149328,0.1354195999745567,0.2625206317911625,umask 022 の意味として最も適切な説明はどれですか？
u037,25,所有者とパーミッション,所有者とパーミッション:t3,,0.38024276765178927,0.35206605108189154,0.3661544093668404,0.25838936764636183,0.31227188850660115,-5.763561204867972,1.0484800831860714,0.1935682699242609,0.2569518859740457,umask が 022 の環境で新しい通常ファイルを作成したときのデフォルトパーミッションを数字3桁で答えてください
u037,26,所有者とパーミッション,所有者とパーミッション:t3,0.0,0.38024276765178927,0.35206605108189154,0.3661544093668404,0.3004842225432297,0.33331931595503506,-5.763561204867972,1.0647402213448909,0.3006301699301119,0.2993861022623606,実行ファイルに SUID ビットが設定されているときの動作として正しいものはどれですか？
u037,27,所有者とパーミッション,所有者とパーミッション:t3,0.0,0.38024276765178927,0.35206605108189154,0.3661544093668404,0.0629650076287899,0.21455970849781514,-5.763561204867972,0.9182890250847582,-1.0802049659467,0.0502593675967861,ディレクトリに SGID ビットが設定されているときの効果として最も適切なものはどれですか？
u037,28,所有者とパーミッション,所有者とパーミッション:t3,0.0,0.38024276765178927,0.35206605108189154,0.3661544093668404,0.1635919347743752,0.2648731720706078,-5.763561204867972,1.0857191106832107,0.0603536444023921,0.1620911607977531,スティッキービットが設定された共有ディレクトリとしてよく使われる /tmp の特徴として正しいものはどれですか？
u037,29,所有者とパーミッション,所有者とパーミッション:t2,0.0,0.38024276765178927,0.3802122138724946,0.3802274907621419,0.06834478108960948,0.2242861359258757,-5.763561204867972,0.8616931297063011,-1.1885448876304008,0.0502666554250788,パーミッション文字列 rwxr-xr-x を数字3桁で表したものを答えてください
u037,30,所有者とパーミッション,所有者とパーミッション:t2,1.0,0.38024276765178927,0.3802122138724946,0.3802274907621419,0.05580326344224956,0.21801537710219573,-5.763561204867972,1.0442899695543686,-0.5639596363118176,0.0516643107287579,/tmp ディレクトリ自体の情報だけを表示しその中身は一覧しないように ls で表示したいときのコマンドを一つ書いてください
u038,1,基本的なファイル管理,基本的なファイル管理:t1,0.0,0.3571534836449907,0.5120454411260735,0.43459946238553215,0.0552342173654709,0.24491683987550153,-5.231620005788196,1.1154903812173775,-0.2365575162111993,0.051641198039118,隠しファイルも含めてカレントディレクトリの内容を一覧表示するコマンドはどれですか？
u038,2,基本的なファイル管理,基本的なファイル管理:t1,1.0,0.3571534836449907,0.5120454411260735,0.43459946238553215,0.351138359787694,0.39286891108661304,-5.231620005788196,1.0057893014389907,0.5690377053906269,0.3492400193748236,ファイルの詳細情報付き一覧を表示する ls のオプションとして正しいものはどれですか？
u038,3,基本的なファイル管理,基本的なファイル管理:t1,0.0,0.3571534836449907,0.5120454411260735,0.43459946238553215,0.05808412526111208,0.2463417938233221,-5.231620005788196,1.0489017742155973,-0.4354143081768685,0.0519297250964802,現在の作業ディレクトリの絶対パスを表示するコマンドを一つ書いてください
u038,4,基本的なファイル管理,基本的なファイル管理:t1,1.0,0.3571534836449907,0.5120454411260735,0.43459946238553215,0.06000665877906095,0.24730306058229656,-5.231620005788196,1.0549076376616389,-0.9254401280891048,0.05,ホームディレクトリに移動するコマンドとして最も適切なものはどれですか？
u038,5,基本的なファイル管理,基本的なファイル管理:t1,,0.3571534836449907,0.5120454411260735,0.43459946238553215,0.35474503759873316,0.3946722499921327,-5.231620005788196,0.8454804512192905,0.5787404422327526,0.35,dir1 とその中の dir2 を一度に作成したいときに最も適切なコマンドはどれですか？
u038,6,基本的なファイル管理,基本的なファイル管理:t2,1.0,0.3571534836449907,0.3093558236229382,0.33325465363396445,0.351672012387455,0.34246333301070975,-5.231620005788196,1.00510848894146,0.4134932167591427,0.3494454797573572,ディレクトリ A を中身ごと確認無しに削除したいときに最も適切なコマンドはどれですか？
u038,7,基本的なファイル管理,基本的なファイル管理:t2,0.0,0.3571534836449907,0.3093558236229382,0.33325465363396445,0.05266686090729529,0.19296075727062986,-5.231620005788196,1.1721079163343606,-0.2212036076794035,0.05,rm コマンドで削除前に確認しながら対話的に削除したいときに付けるオプションはどれですか？
u038,8,基本的なファイル管理,基本的なファイル管理:t1,1.0,0.3571534836449907,0.5120454411260735,0.43459946238553215,0.18820266920212378,0.311401065793828,-5.231620005788196,1.08857668141035,0.097554322776923,0.1857478924744617,ファイル file1 をディレクトリ dir にコピーするコマンドとして正しいものはどれですか？
u038,9,基本的なファイル管理,基本的なファイル管理:t2,,0.3571534836449907,0.3093558236229382,0.33325465363396445,0.350879368584264,0.3420670111091142,-5.231620005788196,1.026407237120382,0.2943384619096204,0.3486455001445267,ディレクトリ A をタイムスタンプと権限を保ったままディレクトリ B にコピーしたいときに最も適切なコマンドはどれですか？
u038,10,基本的なファイル管理,基本的なファイル管理:t1,,0.3571534836449907,0.5120454411260735,0.43459946238553215,0.3517974975141441,0.39319847994983814,-5.231620005788196,0.9802501128237442,0.413054929247417,0.3492349294404715,ディレクトリ A の中の file.txt をディレクトリ B に移動するコマンドとして正しいものはどれですか？
u038,11,基本的なファイル管理,基本的なファイル管理:t1,,0.3571534836449907,0.5120454411260735,0.43459946238553215,0.09655493839433946,0.2655772003899358,-5.231620005788196,0.7698974396962992,-1.3664390211980266,0.0504729411698893,file01.txt や file02.txt など2桁の番号付きファイルにマッチし fileA.txt にはマッチしないパターンはどれですか？
u038,12,基本的なファイル管理,基本的なファイル管理:t2,0.0,0.3571534836449907,0.3093558236229382,0.33325465363396445,0.06954929589560269,0.20140197476478355,-5.231620005788196,0.9276876469650808,-1.0654636245897775,0.0500422196007094,echo {A、B、C}.txt の出力として最も適切なものはどれですか？
u038,13,基本的なファイル管理,基本的なファイル管理:t1,,0.3571534836449907,0.5120454411260735,0.43459946238553215,0.12135257056398392,0.27797601647475806,-5.231620005788196,1.0844134734111268,-0.0665097679162885,0.1181070732968249,ファイルのタイムスタンプを更新したり存在しない場合は空のファイルを作成したりするコマンド名を一つ書いてください
u038,14,基本的なファイル管理,基本的なファイル管理:t2,0.0,0.3571534836449907,0.3093558236229382,0.33325465363396445,0.08018154432848554,0.206718098981225,-5.231620005788196,0.8333449589648054,-1.1313423711812791,0.05,ディレクトリ dir1 を archive.tar という名前のアーカイブにまとめるコマンドとして最も適切なものはどれですか？
u038,15,基本的なファイル管理,基本的なファイル管理:t2,,0.3571534836449907,0.3093558236229382,0.33325465363396445,0.057740333186780714,0.1954974934103726,-5.231620005788196,1.079782842889703,-0.7049118100689108,0.0506380305473883,gzip 圧縮されたアーカイブ backup.tar.gz を展開する tar のコマンドを一つ書いてください
u038,16,基本的なファイル管理,基本的なファイル管理:t2,0.0,0.3571534836449907,0.3093558236229382,0.33325465363396445,0.21924303498810882,0.27624884431103663,-5.231620005788196,1.0160959932760532,0.0605333476967584,0.2156358485127576,1MB のゼロデータを10個連結したファイル zero.img を作成したいときに最も適切なコマンドはどれですか？
u038,17,基本的なファイル管理,基本的なファイル管理:t2,,0.3571534836449907,0.3093558236229382,0.33325465363396445,0.056317595527911754,0.1947861245809381,-5.231620005788196,1.0786539578094183,-0.571869105191423,0.0501239062067503,指定したファイルの種類を判定して表示するコマンド名を一つ書いてください
u038,18,所有者とパーミッション,所有者とパーミッション:t1,1.0,0.5956249897738298,0.4309010982927709,0.5132630440333004,0.6905644182861945,0.6019137311597474,0.7450181722954682,0.8838543016855865,0.636567762527371,0.35,ls -l の出力に含まれる r や w や x などの文字は何を表していますか？
u038,19,所有者とパーミッション,所有者とパーミッション:t1,0.0,0.5956249897738298,0.4309010982927709,0.5132630440333004,0.86033931453212,0.6868011792827102,0.7450181722954682,0.7694955224059895,-1.5396692830266308,0.0501462484179849,所有者に読み書きグループとその他に読み取りのみを許可するパーミッションを数字3桁で表したものとして正しいのはどれですか？
u038,20,所有者とパーミッション,所有者とパーミッション:t2,0.0,0.5956249897738298,0.5819196659380327,0.5887723278559313,0.728691246983588,0.6587317874197596,0.7450181722954682,1.069038527956945,0.2872849447946676,0.2861242148129458,ファイル script.sh に所有者だけ実行権限を追加する chmod の指定を一つ書いてください
u038,21,所有者とパーミッション,所有者とパーミッション:t1,0.0,0.5956249897738298,0.4309010982927709,0.5132630440333004,0.7476019748234308,0.6304325094283656,0.7450181722954682,1.023796809032469,-0.1819789265707181,0.0955893152535176,ファイル data.txt の所有者を user1 に変更するコマンドとして正しいものはどれですか？
u038,22,所有者とパーミッション,所有者とパーミッション:t1,,0.5956249897738298,0.4309010982927709,0.5132630440333004,0.7300780224426646,0.6216705332379825,0.7450181722954682,0.9971459325822506,0.4014404237768084,0.3498656012445903,ファイル data.txt の所有グループを group1 に変更するコマンドを一つ書いてください
u038,23,所有者とパーミッション,所有者とパーミッション:t2,0.0,0.5956249897738298,0.5819196659380327,0.5887723278559313,0.7900803984137299,0.6894263631348305,0.7450181722954682,0.5402809268579795,-1.587165246258202,0.05,ディレクトリ dir1 とその配下の全てのファイルに対して755のパーミッションを設定したいときに最も適切なコマンドはどれですか？
u038,24,所有者とパーミッション,所有者とパーミッション:t2,,0.5956249897738298,0.5819196659380327,0.5887723278559313,0.7426490346260832,0.6657106812410072,0.7450181722954682,1.0229892671149328,0.1354195999745567,0.2625206317911625,umask 022 の意味として最も適切な説明はどれですか？
u038,25,所有者とパーミッション,所有者とパーミッション:t3,1.0,0.5956249897738298,0.6505913511808272,0.6231081704773285,0.7329852834538437,0.6780467269655861,0.7450181722954682,1.0484800831860714,0.1935682699242609,0.2569518859740457,umask が 022 の環境で新しい通常ファイルを作成したときのデフォルトパーミッションを数字3桁で答えてください
u038,26,所有者とパーミッション,所有者とパーミッション:t3,0.0,0.5956249897738298,0.6505913511808272,0.6231081704773285,0.7310559650277739,0.6770820677525512,0.7450181722954682,1.0647402213448909,0.3006301699301119,0.2993861022623606,実行ファイルに SUID ビットが設定されているときの動作として正しいものはどれですか？
u038,27,所有者とパーミッション,所有者とパーミッション:t3,0.0,0.5956249897738298,0.6505913511808272,0.6231081704773285,0.850306702396113,0.7367074364367208,0.7450181722954682,0.9182890250847582,-1.0802049659467,0.0502593675967861,ディレクトリに SGID ビットが設定されているときの効果として最も適切なものはどれですか？
u038,28,所有者とパーミッション,所有者とパーミッション:t3,,0.5956249897738298,0.6505913511808272,0.6231081704773285,0.7299660363117256,0.6765371033945271,0.7450181722954682,1.0857191106832107,0.0603536444023921,0.1620911607977531,スティッキービットが設定された共有ディレクトリとしてよく使われる /tmp の特徴として正しいものはどれですか？
u038,29,所有者とパーミッション,所有者とパーミッション:t2,1.0,0.5956249897738298,0.5819196659380327,0.5887723278559313,0.8490496076962182,0.7189109677760748,0.7450181722954682,0.8616931297063011,-1.1885448876304008,0.0502666554250788,パーミッション文字列 rwxr-xr-x を数字3桁で表したものを答えてください
u038,30,所有者とパーミッション,所有者とパーミッション:t2,1.0,0.5956249897738298,0.5819196659380327,0.5887723278559313,0.8073809975664912,0.6980766627112112,0.7450181722954682,1.0442899695543686,-0.5639596363118176,0.0516643107287579,/tmp ディレクトリ自体の情報だけを表示しその中身は一覧しないように ls で表示したいときのコマンドを一つ書いてください
u039,1,基本的なファイル管理,基本的なファイル管理:t1,0.0,0.4311881324342475,0.7262516423214833,0.5787198873778654,0.2409112888020608,0.4098155880899631,-1.481699228240848,1.1154903812173775,-0.2365575162111993,0.051641198039118,隠しファイルも含めてカレントディレクトリの内容を一覧表示するコマンドはどれですか？
u039,2,基本的なファイル管理,基本的なファイル管理:t1,1.0,0.4311881324342475,0.7262516423214833,0.5787198873778654,0.42263564020213007,0.5006777637899977,-1.481699228240848,1.0057893014389907,0.5690377053906269,0.3492400193748236,ファイルの詳細情報付き一覧を表示する ls のオプションとして正しいものはどれですか？
u039,3,基本的なファイル管理,基本的なファイル管理:t1,0.0,0.4311881324342475,0.7262516423214833,0.5787198873778654,0.28915394659228527,0.4339369169850753,-1.481699228240848,1.0489017742155973,-0.4354143081768685,0.0519297250964802,現在の作業ディレクトリの絶対パスを表示するコマンドを一つ書いてください
u039,4,基本的なファイル管理,基本的なファイル管理:t1,1.0,0.4311881324342475,0.7262516423214833,0.5787198873778654,0.38950051778747796,0.4841102025826717,-1.481699228240848,1.0549076376616389,-0.9254401280891048,0.05,ホームディレクトリに移動するコマンドとして最も適切なものはどれですか？
u039,5,基本的なファイル管理,基本的なファイル管理:t1,1.0,0.4311881324342475,0.7262516423214833,0.5787198873778654,0.4468833318455661,0.5128016096117157,-1.481699228240848,0.8454804512192905,0.5787404422327526,0.35,dir1 とその中の dir2 を一度に作成したいときに最も適切なコマンドはどれですか？
u039,6,基本的なファイル管理,基本的なファイル管理:t2,0.0,0.4311881324342475,0.3327744333813245,0.381981282907786,0.43372990906315295,0.4078555959854695,-1.481699228240848,1.00510848894146,0.4134932167591427,0.3494454797573572,ディレクトリ A を中身ごと確認無しに削除したいときに最も適切なコマンドはどれですか？
u039,7,基本的なファイル管理,基本的なファイル管理:t2,0.0,0.4311881324342475,0.3327744333813245,0.381981282907786,0.22652412962471213,0.30425270626624906,-1.481699228240848,1.1721079163343606,-0.2212036076794035,0.05,rm コマンドで削除前に確認しながら対話的に削除したいときに付けるオプションはどれですか？
u039,8,基本的なファイル管理,基本的なファイル管理:t1,0.0,0.4311881324342475,0.7262516423214833,0.5787198873778654,0.30949968006441525,0.4441097837211403,-1.481699228240848,1.08857668141035,0.097554322776923,0.1857478924744617,ファイル file1 をディレクトリ dir にコピーするコマンドとして正しいものはどれですか？
u039,9,基本的なファイル管理,基本的なファイル管理:t2,,0.4311881324342475,0.3327744333813245,0.381981282907786,0.43923700231882157,0.4106091426133038,-1.481699228240848,1.026407237120382,0.2943384619096204,0.3486455001445267,ディレクトリ A をタイムスタンプと権限を保ったままディレクトリ B にコピーしたいときに最も適切なコマンドはどれですか？
u039,10,基本的なファイル管理,基本的なファイル管理:t1,1.0,0.4311881324342475,0.7262516423214833,0.5787198873778654,0.4370974666760283,0.5079086770269469,-1.481699228240848,0.9802501128237442,0.413054929247417,0.3492349294404715,ディレクトリ A の中の file.txt をディレクトリ B に移動するコマンドとして正しいものはどれですか？
u039,11,基本的なファイル管理,基本的なファイル管理:t1,0.0,0.4311881324342475,0.7262516423214833,0.5787198873778654,0.5041853719086337,0.5414526296432496,-1.481699228240848,0.7698974396962992,-1.3664390211980266,0.0504729411698893,file01.txt や file02.txt など2桁の番号付きファイルにマッチし fileA.txt にはマッチしないパターンはどれですか？
u039,12,基本的なファイル管理,基本的なファイル管理:t2,,0.4311881324342475,0.3327744333813245,0.381981282907786,0.43444042568945007,0.40821085429861803,-1.481699228240848,0.9276876469650808,-1.0654636245897775,0.0500422196007094,echo {A、B、C}.txt の出力として最も適切なものはどれですか？
u039,13,基本的なファイル管理,基本的なファイル管理:t1,,0.4311881324342475,0.7262516423214833,0.5787198873778654,0.2744792809657405,0.42659958417180294,-1.481699228240848,1.0844134734111268,-0.0665097679162885,0.1181070732968249,ファイルのタイムスタンプを更新したり存在しない場合は空のファイルを作成したりするコマンド名を一つ書いてください
u039,14,基本的なファイル管理,基本的なファイル管理:t2,0.0,0.4311881324342475,0.3327744333813245,0.381981282907786,0.45614600161415475,0.41906364226097037,-1.481699228240848,0.8333449589648054,-1.1313423711812791,0.05,ディレクトリ dir1 を archive.tar という名前のアーカイブにまとめるコマンドとして最も適切なものはどれですか？
u039,15,基本的なファイル管理,基本的なファイル管理:t2,0.0,0.4311881324342475,0.3327744333813245,0.381981282907786,0.3371513363085532,0.3595663096081696,-1.481699228240848,1.079782842889703,-0.7049118100689108,0.0506380305473883,gzip 圧縮されたアーカイブ backup.tar.gz を展開する tar のコマンドを一つ書いてください
u039,16,基本的なファイル管理,基本的なファイル管理:t2,,0.4311881324342475,0.3327744333813245,0.381981282907786,0.3510456821709925,0.36651348253938926,-1.481699228240848,1.0160959932760532,0.0605333476967584,0.2156358485127576,1MB のゼロデータを10個連結したファイル zero.img を作成したいときに最も適切なコマンドはどれですか？
u039,17,基本的なファイル管理,基本的なファイル管理:t2,,0.4311881324342475,0.3327744333813245,0.381981282907786,0.3090750375864229,0.3455281602471044,-1.481699228240848,1.0786539578094183,-0.571869105191423,0.0501239062067503,指定したファイルの種類を判定して表示するコマンド名を一つ書いてください
u039,18,所有者とパーミッション,所有者とパーミッション:t1,,0.6806477761306229,0.6734427744525167,0.6770452752915698,0.9185465033305295,0.7977958893110496,2.8349514121959216,0.8838543016855865,0.636567762527371,0.35,ls -l の出力に含まれる r や w や x などの文字は何を表していますか？
u039,19,所有者とパーミッション,所有者とパーミッション:t1,1.0,0.6806477761306229,0.6734427744525167,0.6770452752915698,0.9683062153401196,0.8226757453158446,2.8349514121959216,0.7694955224059895,-1.5396692830266308,0.0501462484179849,所有者に読み書きグループとその他に読み取りのみを許可するパーミッションを数字3桁で表したものとして正しいのはどれですか？
u039,20,所有者とパーミッション,所有者とパーミッション:t2,1.0,0.6806477761306229,0.7485861082053743,0.7146169421679986,0.956026868536357,0.8353219053521779,2.8349514121959216,1.069038527956945,0.2872849447946676,0.2861242148129458,ファイル script.sh に所有者だけ実行権限を追加する chmod の指定を一つ書いてください
u039,21,所有者とパーミッション,所有者とパーミッション:t1,0.0,0.6806477761306229,0.6734427744525167,0.6770452752915698,0.9605904879879965,0.8188178816397831,2.8349514121959216,1.023796809032469,-0.1819789265707181,0.0955893152535176,ファイル data.txt の所有者を user1 に変更するコマンドとして正しいものはどれですか？
u039,22,所有者とパーミッション,所有者とパーミッション:t1,1.0,0.6806477761306229,0.6734427744525167,0.6770452752915698,0.947229084613606,0.8121371799525878,2.8349514121959216,0.9971459325822506,0.4014404237768084,0.3498656012445903,ファイル data.txt の所有グループを group1 に変更するコマンドを一つ書いてください
u039,23,所有者とパーミッション,所有者とパーミッション:t2,,0.6806477761306229,0.7485861082053743,0.7146169421679986,0.9201989562499209,0.8174079492089598,2.8349514121959216,0.5402809268579795,-1.587165246258202,0.05,ディレクトリ dir1 とその配下の全てのファイルに対して755のパーミッションを設定したいときに最も適切なコマンドはどれですか？
u039,24,所有者とパーミッション,所有者とパーミッション:t2,1.0,0.6806477761306229,0.7485861082053743,0.7146169421679986,0.9561676907140799,0.8353923164410393,2.8349514121959216,1.0229892671149328,0.1354195999745567,0.2625206317911625,umask 022 の意味として最も適切な説明はどれですか？
u039,25,所有者とパーミッション,所有者とパーミッション:t3,,0.6806477761306229,0.4225751474321544,0.5516114617813886,0.9561614781024397,0.7538864699419141,2.8349514121959216,1.0484800831860714,0.1935682699242609,0.2569518859740457,umask が 022 の環境で新しい通常ファイルを作成したときのデフォルトパーミッションを数字3桁で答えてください
u039,26,所有者とパーミッション,所有者とパーミッション:t3,1.0,0.6806477761306229,0.4225751474321544,0.5516114617813886,0.9558135403762068,0.7537125010787977,2.8349514121959216,1.0647402213448909,0.3006301699301119,0.2993861022623606,実行ファイルに SUID ビットが設定されているときの動作として正しいものはどれですか？
u039,27,所有者とパーミッション,所有者とパーミッション:t3,0.0,0.6806477761306229,0.4225751474321544,0.5516114617813886,0.9746225764035797,0.7631170190924842,2.8349514121959216,0.9182890250847582,-1.0802049659467,0.0502593675967861,ディレクトリに SGID ビットが設定されているときの効果として最も適切なものはどれですか？
u039,28,所有者とパーミッション,所有者とパーミッション:t3,,0.6806477761306229,0.4225751474321544,0.5516114617813886,0.9607294708170674,0.756170466299228,2.8349514121959216,1.0857191106832107,0.0603536444023921,0.1620911607977531,スティッキービットが設定された共有ディレクトリとしてよく使われる /tmp の特徴として正しいものはどれですか？
u039,29,所有者とパーミッション,所有者とパーミッション:t2,,0.6806477761306229,0.7485861082053743,0.7146169421679986,0.9712559916932588,0.8429364669306287,2.8349514121959216,0.8616931297063011,-1.1885448876304008,0.0502666554250788,パーミッション文字列 rwxr-xr-x を数字3桁で表したものを答えてください
u039,30,所有者とパーミッション,所有者とパーミッション:t2,1.0,0.6806477761306229,0.7485861082053743,0.7146169421679986,0.9735058326620032,0.8440613874150009,2.8349514121959216,1.0442899695543686,-0.5639596363118176,0.0516643107287579,/tmp ディレクトリ自体の情報だけを表示しその中身は一覧しないように ls で表示したいときのコマンドを一つ書いてください
u040,1,基本的なファイル管理,基本的なファイル管理:t1,,0.35738711685823826,0.3764913437188064,0.3669392302885223,0.055665384062794664,0.21130230717565848,-5.129614418359405,1.1154903812173775,-0.2365575162111993,0.051641198039118,隠しファイルも含めてカレントディレクトリの内容を一覧表示するコマンドはどれですか？
u040,2,基本的なファイル管理,基本的なファイル管理:t1,,0.35738711685823826,0.3764913437188064,0.3669392302885223,0.3513428009749326,0.35914101563172746,-5.129614418359405,1.0057893014389907,0.5690377053906269,0.3492400193748236,ファイルの詳細情報付き一覧を表示する ls のオプションとして正しいものはどれですか？
u040,3,基本的なファイル管理,基本的なファイル管理:t1,,0.35738711685823826,0.3764913437188064,0.3669392302885223,0.058774108272815394,0.21285666928066885,-5.129614418359405,1.0489017742155973,-0.4354143081768685,0.0519297250964802,現在の作業ディレクトリの絶対パスを表示するコマンドを一つ書いてください
u040,4,基本的なファイル管理,基本的なファイル管理:t1,0.0,0.35738711685823826,0.3764913437188064,0.3669392302885223,0.06113019018821246,0.2140347102383674,-5.129614418359405,1.0549076376616389,-0.9254401280891048,0.05,ホームディレクトリに移動するコマンドとして最も適切なものはどれですか？
u040,5,基本的なファイル管理,基本的なファイル管理:t1,1.0,0.35738711685823826,0.3764913437188064,0.3669392302885223,0.35516903372879766,0.36105413200866,-5.129614418359405,0.8454804512192905,0.5787404422327526,0.35,dir1 とその中の dir2 を一度に作成したいときに最も適切なコマンドはどれですか？
u040,6,基本的なファイル管理,基本的なファイル管理:t2,1.0,0.35738711685823826,0.31517857370034663,0.3362828452792924,0.3519114928965989,0.34409716908794563,-5.129614418359405,1.00510848894146,0.4134932167591427,0.3494454797573572,ディレクトリ A を中身ごと確認無しに削除したいときに最も適切なコマンドはどれですか？
u040,7,基本的なファイル管理,基本的なファイル管理:t2,0.0,0.35738711685823826,0.31517857370034663,0.3362828452792924,0.05300448804613606,0.19464366666271424,-5.129614418359405,1.1721079163343606,-0.2212036076794035,0.05,rm コマンドで削除前に確認しながら対話的に削除したいときに付けるオプションはどれですか？
u040,8,基本的なファイル管理,基本的なファイル管理:t1,1.0,0.35738711685823826,0.3764913437188064,0.3669392302885223,0.18848998883266863,0.27771460956059546,-5.129614418359405,1.08857668141035,0.097554322776923,0.1857478924744617,ファイル file1 をディレクトリ dir にコピーするコマンドとして正しいものはどれですか？
u040,9,基本的なファイル管理,基本的なファイル管理:t2,,0.35738711685823826,0.31517857370034663,0.3362828452792924,0.3511249968763155,0.34370392107780395,-5.129614418359405,1.026407237120382,0.2943384619096204,0.3486455001445267,ディレクトリ A をタイムスタンプと権限を保ったままディレクトリ B にコピーしたいときに最も適切なコマンドはどれですか？
u040,10,基本的なファイル管理,基本的なファイル管理:t1,1.0,0.35738711685823826,0.3764913437188064,0.3669392302885223,0.35206580736233717,0.3595025188254297,-5.129614418359405,0.9802501128237442,0.413054929247417,0.3492349294404715,ディレクトリ A の中の file.txt をディレクトリ B に移動するコマンドとして正しいものはどれですか？
u040,11,基本的なファイル管理,基本的なファイル管理:t1,,0.35738711685823826,0.3764913437188064,0.3669392302885223,0.10012297216895977,0.23353110122874104,-5.129614418359405,0.7698974396962992,-1.3664390211980266,0.0504729411698893,file01.txt や file02.txt など2桁の番号付きファイルにマッチし fileA.txt にはマッチしないパターンはどれですか？
u040,12,基本的なファイル管理,基本的なファイル管理:t2,0.0,0.35738711685823826,0.31517857370034663,0.3362828452792924,0.07144178450983048,0.20386231489456144,-5.129614418359405,0.9276876469650808,-1.0654636245897775,0.0500422196007094,echo {A、B、C}.txt の出力として最も適切なものはどれですか？
u040,13,基本的なファイル管理,基本的なファイル管理:t1,0.0,0.35738711685823826,0.3764913437188064,0.3669392302885223,0.12173062418182068,0.2443349272351715,-5.129614418359405,1.0844134734111268,-0.0665097679162885,0.1181070732968249,ファイルのタイムスタンプを更新したり存在しない場合は空のファイルを作成したりするコマンド名を一つ書いてください
u040,14,基本的なファイル管理,基本的なファイル管理:t2,,0.35738711685823826,0.31517857370034663,0.3362828452792924,0.08276699250031087,0.20952491888980165,-5.129614418359405,0.8333449589648054,-1.1313423711812791,0.05,ディレクトリ dir1 を archive.tar という名前のアーカイブにまとめるコマンドとして最も適切なものはどれですか？
u040,15,基本的なファイル管理,基本的なファイル管理:t2,0.0,0.35738711685823826,0.31517857370034663,0.3362828452792924,0.05856041490630467,0.19742163009279853,-5.129614418359405,1.079782842889703,-0.7049118100689108,0.0506380305473883,gzip 圧縮されたアーカイブ backup.tar.gz を展開する tar のコマンドを一つ書いてください
u040,16,基本的なファイル管理,基本的なファイル管理:t2,1.0,0.35738711685823826,0.31517857370034663,0.3362828452792924,0.2196349649827518,0.2779589051310221,-5.129614418359405,1.0160959932760532,0.0605333476967584,0.2156358485127576,1MB のゼロデータを10個連結したファイル zero.img を作成したいときに最も適切なコマンドはどれですか？
u040,17,基本的なファイル管理,基本的なファイル管理:t2,,0.35738711685823826,0.31517857370034663,0.3362828452792924,0.05703274473003857,0.1966577950046655,-5.129614418359405,1.0786539578094183,-0.571869105191423,0.0501239062067503,指定したファイルの種類を判定して表示するコマンド名を一つ書いてください
u040,18,所有者とパーミッション,所有者とパーミッション:t1,0.0,0.4028327962851877,0.4486351163664226,0.42573395632580513,0.3873674521217936,0.40655070422379935,-2.5279416560206496,0.8838543016855865,0.636567762527371,0.35,ls -l の出力に含まれる r や w や x などの文字は何を表していますか？
u040,19,所有者とパーミッション,所有者とパーミッション:t1,0.0,0.4028327962851877,0.4486351163664226,0.42573395632580513,0.35271644260712576,0.38922519946646544,-2.5279416560206496,0.7694955224059895,-1.5396692830266308,0.0501462484179849,所有者に読み書きグループとその他に読み取りのみを許可するパーミッションを数字3桁で表したものとして正しいのはどれですか？
u040,20,所有者とパーミッション,所有者とパーミッション:t2,1.0,0.4028327962851877,0.4533548017097622,0.42809379899747496,0.31967259107865237,0.37388319503806366,-2.5279416560206496,1.069038527956945,0.2872849447946676,0.2861242148129458,ファイル script.sh に所有者だけ実行権限を追加する chmod の指定を一つ書いてください
u040,21,所有者とパーミッション,所有者とパーミッション:t1,0.0,0.4028327962851877,0.4486351163664226,0.42573395632580513,0.17068829195209634,0.29821112413895073,-2.5279416560206496,1.023796809032469,-0.1819789265707181,0.0955893152535176,ファイル data.txt の所有者を user1 に変更するコマンドとして正しいものはどれですか？
u040,22,所有者とパーミッション,所有者とパーミッション:t1,,0.4028327962851877,0.4486351163664226,0.42573395632580513,0.3831031556999036,0.40441855601285437,-2.5279416560206496,0.9971459325822506,0.4014404237768084,0.3498656012445903,ファイル data.txt の所有グループを group1 に変更するコマンドを一つ書いてください
u040,23,所有者とパーミッション,所有者とパーミッション:t2,0.0,0.4028327962851877,0.4533548017097622,0.42809379899747496,0.4068161880776504,0.41745499353756266,-2.5279416560206496,0.5402809268579795,-1.587165246258202,0.05,ディレクトリ dir1 とその配下の全てのファイルに対して755のパーミッションを設定したいときに最も適切なコマンドはどれですか？
u040,24,所有者とパーミッション,所有者とパーミッション:t2,1.0,0.4028327962851877,0.4533548017097622,0.42809379899747496,0.30790353133890547,0.36799866516819024,-2.5279416560206496,1.0229892671149328,0.1354195999745567,0.2625206317911625,umask 022 の意味として最も適切な説明はどれですか？
u040,25,所有者とパーミッション,所有者とパーミッション:t3,0.0,0.4028327962851877,0.424822924556451,0.4138278604208193,0.2974504676770588,0.355639164048939,-2.5279416560206496,1.0484800831860714,0.1935682699242609,0.2569518859740457,umask が 022 の環境で新しい通常ファイルを作成したときのデフォルトパーミッションを数字3桁で答えてください
u040,26,所有者とパーミッション,所有者とパーミッション:t3,0.0,0.4028327962851877,0.424822924556451,0.4138278604208193,0.3322451434325344,0.37303650192667687,-2.5279416560206496,1.0647402213448909,0.3006301699301119,0.2993861022623606,実行ファイルに SUID ビットが設定されているときの動作として正しいものはどれですか？
u040,27,所有者とパーミッション,所有者とパーミッション:t3,,0.4028327962851877,0.424822924556451,0.4138278604208193,0.2489943925696225,0.3314111264952209,-2.5279416560206496,0.9182890250847582,-1.0802049659467,0.0502593675967861,ディレクトリに SGID ビットが設定されているときの効果として最も適切なものはどれですか？
u040,28,所有者とパーミッション,所有者とパーミッション:t3,,0.4028327962851877,0.424822924556451,0.4138278604208193,0.20966554838771173,0.31174670440426555,-2.5279416560206496,1.0857191106832107,0.0603536444023921,0.1620911607977531,スティッキービットが設定された共有ディレクトリとしてよく使われる /tmp の特徴として正しいものはどれですか？
u040,29,所有者とパーミッション,所有者とパーミッション:t2,0.0,0.4028327962851877,0.4533548017097622,0.42809379899747496,0.27794819479103916,0.35302099689425703,-2.5279416560206496,0.8616931297063011,-1.1885448876304008,0.0502666554250788,パーミッション文字列 rwxr-xr-x を数字3桁で表したものを答えてください
u040,30,所有者とパーミッション,所有者とパーミッション:t2,1.0,0.4028327962851877,0.4533548017097622,0.42809379899747496,0.15973165353766267,0.2939127262675688,-2.5279416560206496,1.0442899695543686,-0.5639596363118176,0.0516643107287579,/tmp ディレクトリ自体の情報だけを表示しその中身は一覧しないように ls で表示したいときのコマンドを一つ書いてください
u041,1,基本的なファイル管理,基本的なファイル管理:t1,0.0,0.7606334642530097,0.6289327618829946,0.6947831130680022,0.9934625298048505,0.8441228214364264,4.219119915810102,1.1154903812173775,-0.2365575162111993,0.051641198039118,隠しファイルも含めてカレントディレクトリの内容を一覧表示するコマンドはどれですか？
u041,2,基本的なファイル管理,基本的なファイル管理:t1,1.0,0.7606334642530097,0.6289327618829946,0.6947831130680022,0.9838519382958746,0.8393175256819384,4.219119915810102,1.0057893014389907,0.5690377053906269,0.3492400193748236,ファイルの詳細情報付き一覧を表示する ls のオプションとして正しいものはどれですか？
u041,3,基本的なファイル管理,基本的なファイル管理:t1,,0.7606334642530097,0.6289327618829946,0.6947831130680022,0.9928670327739314,0.8438250729209669,4.219119915810102,1.0489017742155973,-0.4354143081768685,0.0519297250964802,現在の作業ディレクトリの絶対パスを表示するコマンドを一つ書いてください
u041,4,基本的なファイル管理,基本的なファイル管理:t1,1.0,0.7606334642530097,0.6289327618829946,0.6947831130680022,0.9958419765524271,0.8453125448102147,4.219119915810102,1.0549076376616389,-0.9254401280891048,0.05,ホームディレクトリに移動するコマンドとして最も適切なものはどれですか？
u041,5,基本的なファイル管理,基本的なファイル管理:t1,0.0,0.7606334642530097,0.6289327618829946,0.6947831130680022,0.9713808930940745,0.8330820030810384,4.219119915810102,0.8454804512192905,0.5787404422327526,0.35,dir1 とその中の dir2 を一度に作成したいときに最も適切なコマンドはどれですか？
u041,6,基本的なファイル管理,基本的なファイル管理:t2,1.0,0.7606334642530097,0.7297437642947854,0.7451886142738975,0.9861099183943606,0.8656492663341291,4.219119915810102,1.00510848894146,0.4134932167591427,0.3494454797573572,ディレクトリ A を中身ごと確認無しに削除したいときに最も適切なコマンドはどれですか？
u041,7,基本的なファイル管理,基本的なファイル管理:t2,1.0,0.7606334642530097,0.7297437642947854,0.7451886142738975,0.9948114873799486,0.870000050826923,4.219119915810102,1.1721079163343606,-0.2212036076794035,0.05,rm コマンドで削除前に確認しながら対話的に削除したいときに付けるオプションはどれですか？
u041,8,基本的なファイル管理,基本的なファイル管理:t1,1.0,0.7606334642530097,0.6289327618829946,0.6947831130680022,0.9909348777073194,0.8428589953876608,4.219119915810102,1.08857668141035,0.097554322776923,0.1857478924744617,ファイル file1 をディレクトリ dir にコピーするコマンドとして正しいものはどれですか？
u041,9,基本的なファイル管理,基本的なファイル管理:t2,1.0,0.7606334642530097,0.7297437642947854,0.7451886142738975,0.9886071701662422,0.8668978922200699,4.219119915810102,1.026407237120382,0.2943384619096204,0.3486455001445267,ディレクトリ A をタイムスタンプと権限を保ったままディレクトリ B にコピーしたいときに最も適切なコマンドはどれですか？
u041,10,基本的なファイル管理,基本的なファイル管理:t1,,0.7606334642530097,0.6289327618829946,0.6947831130680022,0.984765470705724,0.8397742918868631,4.219119915810102,0.9802501128237442,0.413054929247417,0.3492349294404715,ディレクトリ A の中の file.txt をディレクトリ B に移動するコマンドとして正しいものはどれですか？
u041,11,基本的なファイル管理,基本的なファイル管理:t1,1.0,0.7606334642530097,0.6289327618829946,0.6947831130680022,0.9872926154041651,0.8410378642360836,4.219119915810102,0.7698974396962992,-1.3664390211980266,0.0504729411698893,file01.txt や file02.txt など2桁の番号付きファイルにマッチし fileA.txt にはマッチしないパターンはどれですか？
u041,12,基本的なファイル管理,基本的なファイル管理:t2,,0.7606334642530097,0.7297437642947854,0.7451886142738975,0.9929953535131214,0.8690919838935094,4.219119915810102,0.9276876469650808,-1.0654636245897775,0.0500422196007094,echo {A、B、C}.txt の出力として最も適切なものはどれですか？
u041,13,基本的なファイル管理,基本的なファイル管理:t1,,0.7606334642530097,0.6289327618829946,0.6947831130680022,0.9916259704855063,0.8432045417767542,4.219119915810102,1.0844134734111268,-0.0665097679162885,0.1181070732968249,ファイルのタイムスタンプを更新したり存在しない場合は空のファイルを作成したりするコマンド名を一つ書いてください
u041,14,基本的なファイル管理,基本的なファイル管理:t2,0.0,0.7606334642530097,0.7297437642947854,0.7451886142738975,0.9891282113673425,0.86715841282062,4.219119915810102,0.8333449589648054,-1.1313423711812791,0.05,ディレクトリ dir1 を archive.tar という名前のアーカイブにまとめるコマンドとして最も適切なものはどれですか？
u041,15,基本的なファイル管理,基本的なファイル管理:t2,0.0,0.7606334642530097,0.7297437642947854,0.7451886142738975,0.9953632710083868,0.8702759426411422,4.219119915810102,1.079782842889703,-0.7049118100689108,0.0506380305473883,gzip 圧縮されたアーカイブ backup.tar.gz を展開する tar のコマンドを一つ書いてください
u041,16,基本的なファイル管理,基本的なファイル管理:t2,,0.7606334642530097,0.7297437642947854,0.7451886142738975,0.9886995972698426,0.8669441057718701,4.219119915810102,1.0160959932760532,0.0605333476967584,0.2156358485127576,1MB のゼロデータを10個連結したファイル zero.img を作成したいときに最も適切なコマンドはどれですか？
u041,17,基本的なファイル管理,基本的なファイル管理:t2,1.0,0.7606334642530097,0.7297437642947854,0.7451886142738975,0.9946192301069586,0.8699039221904281,4.219119915810102,1.0786539578094183,-0.571869105191423,0.0501239062067503,指定したファイルの種類を判定して表示するコマンド名を一つ書いてください
u041,18,所有者とパーミッション,所有者とパーミッション:t1,1.0,0.3905918221461144,0.45753841595371003,0.4240651190499122,0.369433999111139,0.39674955908052556,-3.3002731396968596,0.8838543016855865,0.636567762527371,0.35,ls -l の出力に含まれる r や w や x などの文字は何を表していますか？
u041,19,所有者とパーミッション,所有者とパーミッション:t1,0.0,0.3905918221461144,0.45753841595371003,0.4240651190499122,0.24495225126474213,0.3345086851573271,-3.3002731396968596,0.7694955224059895,-1.5396692830266308,0.0501462484179849,所有者に読み書きグループとその他に読み取りのみを許可するパーミッションを数字3桁で表したものとして正しいのはどれですか？
u041,20,所有者とパーミッション,所有者とパーミッション:t2,0.0,0.3905918221461144,0.38330975433327175,0.3869507882396931,0.3012153101222212,0.3440830491809571,-3.3002731396968596,1.069038527956945,0.2872849447946676,0.2861242148129458,ファイル script.sh に所有者だけ実行権限を追加する chmod の指定を一つ書いてください
u041,21,所有者とパーミッション,所有者とパーミッション:t1,,0.3905918221461144,0.45753841595371003,0.4240651190499122,0.1312673683078256,0.2776662436788689,-3.3002731396968596,1.023796809032469,-0.1819789265707181,0.0955893152535176,ファイル data.txt の所有者を user1 に変更するコマンドとして正しいものはどれですか？
u041,22,所有者とパーミッション,所有者とパーミッション:t1,0.0,0.3905918221461144,0.45753841595371003,0.4240651190499122,0.3656874711980019,0.39487629512395706,-3.3002731396968596,0.9971459325822506,0.4014404237768084,0.3498656012445903,ファイル data.txt の所有グループを group1 に変更するコマンドを一つ書いてください
u041,23,所有者とパーミッション,所有者とパーミッション:t2,0.0,0.3905918221461144,0.38330975433327175,0.3869507882396931,0.31963513629854257,0.3532929622691178,-3.3002731396968596,0.5402809268579795,-1.587165246258202,0.05,ディレクトリ dir1 とその配下の全てのファイルに対して755のパーミッションを設定したいときに最も適切なコマンドはどれですか？
u041,24,所有者とパーミッション,所有者とパーミッション:t2,0.0,0.3905918221461144,0.38330975433327175,0.3869507882396931,0.2838319447318047,0.33539136648574885,-3.3002731396968596,1.0229892671149328,0.1354195999745567,0.2625206317911625,umask 022 の意味として最も適切な説明はどれですか？
u041,25,所有者とパーミッション,所有者とパーミッション:t3,1.0,0.3905918221461144,0.5251116900203974,0.4578517560832559,0.2755342209137523,0.36669298849850407,-3.3002731396968596,1.0484800831860714,0.1935682699242609,0.2569518859740457,umask が 022 の環境で新しい通常ファイルを作成したときのデフォルトパーミッションを数字3桁で答えてください
u041,26,所有者とパーミッション,所有者とパーミッション:t3,,0.3905918221461144,0.5251116900203974,0.4578517560832559,0.3142144158351749,0.38603308595921537,-3.3002731396968596,1.0647402213448909,0.3006301699301119,0.2993861022623606,実行ファイルに SUID ビットが設定されているときの動作として正しいものはどれですか？
u041,27,所有者とパーミッション,所有者とパーミッション:t3,,0.3905918221461144,0.5251116900203974,0.4578517560832559,0.1596721645476332,0.30876196031544456,-3.3002731396968596,0.9182890250847582,-1.0802049659467,0.0502593675967861,ディレクトリに SGID ビットが設定されているときの効果として最も適切なものはどれですか？
u041,28,所有者とパーミッション,所有者とパーミッション:t3,0.0,0.3905918221461144,0.5251116900203974,0.4578517560832559,0.18334463663128767,0.32059819635727177,-3.3002731396968596,1.0857191106832107,0.0603536444023921,0.1620911607977531,スティッキービットが設定された共有ディレクトリとしてよく使われる /tmp の特徴として正しいものはどれですか？
u041,29,所有者とパーミッション,所有者とパーミッション:t2,0.0,0.3905918221461144,0.38330975433327175,0.3869507882396931,0.18273020843570187,0.2848404983376975,-3.3002731396968596,0.8616931297063011,-1.1885448876304008,0.0502666554250788,パーミッション文字列 rwxr-xr-x を数字3桁で表したものを答えてください
u041,30,所有者とパーミッション,所有者とパーミッション:t2,1.0,0.3905918221461144,0.38330975433327175,0.3869507882396931,0.10315389479604965,0.24505234151787136,-3.3002731396968596,1.0442899695543686,-0.5639596363118176,0.0516643107287579,/tmp ディレクトリ自体の情報だけを表示しその中身は一覧しないように ls で表示したいときのコマンドを一つ書いてください
u042,1,基本的なファイル管理,基本的なファイル管理:t1,,0.7604489857864172,0.7493893872715849,0.754919186529001,0.9932349149252313,0.8740770507271162,4.188222050659084,1.1154903812173775,-0.2365575162111993,0.051641198039118,隠しファイルも含めてカレントディレクトリの内容を一覧表示するコマンドはどれですか？
u042,2,基本的なファイル管理,基本的なファイル管理:t1,1.0,0.7604489857864172,0.7493893872715849,0.754919186529001,0.9833552671288699,0.8691372268289355,4.188222050659084,1.0057893014389907,0.5690377053906269,0.3492400193748236,ファイルの詳細情報付き一覧を表示する ls のオプションとして正しいものはどれですか？
u042,3,基本的なファイル管理,基本的なファイル管理:t1,,0.7604489857864172,0.7493893872715849,0.754919186529001,0.992633900415735,0.873776543472368,4.188222050659084,1.0489017742155973,-0.4354143081768685,0.0519297250964802,現在の作業ディレクトリの絶対パスを表示するコマンドを一つ書いてください
u042,4,基本的なファイル管理,基本的なファイル管理:t1,,0.7604489857864172,0.7493893872715849,0.754919186529001,0.9957048382222926,0.8753120123756468,4.188222050659084,1.0549076376616389,-0.9254401280891048,0.05,ホームディレクトリに移動するコマンドとして最も適切なものはどれですか？
u042,5,基本的なファイル管理,基本的なファイル管理:t1,1.0,0.7604489857864172,0.7493893872715849,0.754919186529001,0.9706576041132035,0.8627883953211022,4.188222050659084,0.8454804512192905,0.5787404422327526,0.35,dir1 とその中の dir2 を一度に作成したいときに最も適切なコマンドはどれですか？
u042,6,基本的なファイル管理,基本的なファイル管理:t2,,0.7604489857864172,0.6553950363271742,0.7079220110567956,0.9856814272711295,0.8468017191639625,4.188222050659084,1.00510848894146,0.4134932167591427,0.3494454797573572,ディレクトリ A を中身ごと確認無しに削除したいときに最も適切なコマンドはどれですか？
u042,7,基本的なファイル管理,基本的なファイル管理:t2,1.0,0.7604489857864172,0.6553950363271742,0.7079220110567956,0.9946212215057708,0.8512716162812832,4.188222050659084,1.1721079163343606,-0.2212036076794035,0.05,rm コマンドで削除前に確認しながら対話的に削除したいときに付けるオプションはどれですか？
u042,8,基本的なファイル管理,基本的なファイル管理:t1,0.0,0.7604489857864172,0.7493893872715849,0.754919186529001,0.9906283584134755,0.8727737724712383,4.188222050659084,1.08857668141035,0.097554322776923,0.1857478924744617,ファイル file1 をディレクトリ dir にコピーするコマンドとして正しいものはどれですか？
u042,9,基本的なファイル管理,基本的なファイル管理:t2,1.0,0.7604489857864172,0.6553950363271742,0.7079220110567956,0.988246694129151,0.8480843525929733,4.188222050659084,1.026407237120382,0.2943384619096204,0.3486455001445267,ディレクトリ A をタイムスタンプと権限を保ったままディレクトリ B にコピーしたいときに最も適切なコマンドはどれですか？
u042,10,基本的なファイル管理,基本的なファイル管理:t1,1.0,0.7604489857864172,0.7493893872715849,0.754919186529001,0.9843082903591635,0.8696137384440823,4.188222050659084,0.9802501128237442,0.413054929247417,0.3492349294404715,ディレクトリ A の中の file.txt をディレクトリ B に移動するコマンドとして正しいものはどれですか？
u042,11,基本的なファイル管理,基本的なファイル管理:t1,1.0,0.7604489857864172,0.7493893872715849,0.754919186529001,0.9869908968171566,0.8709550416730788,4.188222050659084,0.7698974396962992,-1.3664390211980266,0.0504729411698893,file01.txt や file02.txt など2桁の番号付きファイルにマッチし fileA.txt にはマッチしないパターンはどれですか？
u042,12,基本的なファイル管理,基本的なファイル管理:t2,0.0,0.7604489857864172,0.6553950363271742,0.7079220110567956,0.9927932153817153,0.8503576132192554,4.188222050659084,0.9276876469650808,-1.0654636245897775,0.0500422196007094,echo {A、B、C}.txt の出力として最も適切なものはどれですか？
u042,13,基本的なファイル管理,基本的なファイル管理:t1,1.0,0.7604489857864172,0.7493893872715849,0.754919186529001,0.9913434370291277,0.8731313117790644,4.188222050659084,1.0844134734111268,-0.0665097679162885,0.1181070732968249,ファイルのタイムスタンプを更新したり存在しない場合は空のファイルを作成したりするコマンド名を一つ書いてください
u042,14,基本的なファイル管理,基本的なファイル管理:t2,0.0,0.7604489857864172,0.6553950363271742,0.7079220110567956,0.9888479719741842,0.84838499151549,4.188222050659084,0.8333449589648054,-1.1313423711812791,0.05,ディレクトリ dir1 を archive.tar という名前のアーカイブにまとめるコマンドとして最も適切なものはどれですか？
u042,15,基本的なファイル管理,基本的なファイル管理:t2,1.0,0.7604489857864172,0.6553950363271742,0.7079220110567956,0.9952067606216375,0.8515643858392166,4.188222050659084,1.079782842889703,-0.7049118100689108,0.0506380305473883,gzip 圧縮されたアーカイブ backup.tar.gz を展開する tar のコマンドを一つ書いてください
u042,16,基本的なファイル管理,基本的なファイル管理:t2,,0.7604489857864172,0.6553950363271742,0.7079220110567956,0.9883445465361488,0.8481332787964722,4.188222050659084,1.0160959932760532,0.0605333476967584,0.2156358485127576,1MB のゼロデータを10個連結したファイル zero.img を作成したいときに最も適切なコマンドはどれですか？
u042,17,基本的なファイル管理,基本的なファイル管理:t2,0.0,0.7604489857864172,0.6553950363271742,0.7079220110567956,0.9944379451661448,0.8511799781114702,4.188222050659084,1.0786539578094183,-0.571869105191423,0.0501239062067503,指定したファイルの種類を判定して表示するコマンド名を一つ書いてください
u042,18,所有者とパーミッション,所有者とパーミッション:t1,,0.3818121269459016,0.4969531867526187,0.43938265684926014,0.355213248942659,0.3972979528959596,-4.814236035765321,0.8838543016855865,0.636567762527371,0.35,ls -l の出力に含まれる r や w や x などの文字は何を表していますか？
u042,19,所有者とパーミッション,所有者とパーミッション:t1,0.0,0.3818121269459016,0.4969531867526187,0.43938265684926014,0.12089532736616257,0.28013899210771137,-4.814236035765321,0.7694955224059895,-1.5396692830266308,0.0501462484179849,所有者に読み書きグループとその他に読み取りのみを許可するパーミッションを数字3桁で表したものとして正しいのはどれですか？
u042,20,所有者とパーミッション,所有者とパーミッション:t2,1.0,0.3818121269459016,0.38145688527231997,0.38163450610911076,0.2891668235681087,0.33540066483860975,-4.814236035765321,1.069038527956945,0.2872849447946676,0.2861242148129458,ファイル script.sh に所有者だけ実行権限を追加する chmod の指定を一つ書いてください
u042,21,所有者とパーミッション,所有者とパーミッション:t1,0.0,0.3818121269459016,0.4969531867526187,0.43938265684926014,0.10340485765645845,0.2713937572528593,-4.814236035765321,1.023796809032469,-0.1819789265707181,0.0955893152535176,ファイル data.txt の所有者を user1 に変更するコマンドとして正しいものはどれですか？
u042,22,所有者とパーミッション,所有者とパーミッション:t1,1.0,0.3818121269459016,0.4969531867526187,0.43938265684926014,0.3534296296269756,0.39640614323811785,-4.814236035765321,0.9971459325822506,0.4014404237768084,0.3498656012445903,ファイル data.txt の所有グループを group1 に変更するコマンドを一つ書いてください
u042,23,所有者とパーミッション,所有者とパーミッション:t2,,0.3818121269459016,0.38145688527231997,0.38163450610911076,0.19142248433962716,0.28652849522436896,-4.814236035765321,0.5402809268579795,-1.587165246258202,0.05,ディレクトリ dir1 とその配下の全てのファイルに対して755のパーミッションを設定したいときに最も適切なコマンドはどれですか？
u042,24,所有者とパーミッション,所有者とパーミッション:t2,,0.3818121269459016,0.38145688527231997,0.38163450610911076,0.2671549527851461,0.32439472944712844,-4.814236035765321,1.0229892671149328,0.1354195999745567,0.2625206317911625,umask 022 の意味として最も適切な説明はどれですか？
u042,25,所有者とパーミッション,所有者とパーミッション:t3,1.0,0.3818121269459016,0.37116547749535733,0.37648880222062947,0.2608284413465756,0.31865862178360255,-4.814236035765321,1.0484800831860714,0.1935682699242609,0.2569518859740457,umask が 022 の環境で新しい通常ファイルを作成したときのデフォルトパーミッションを数字3桁で答えてください
u042,26,所有者とパーミッション,所有者とパーミッション:t3,0.0,0.3818121269459016,0.37116547749535733,0.37648880222062947,0.3023952260620763,0.3394420141413529,-4.814236035765321,1.0647402213448909,0.3006301699301119,0.2993861022623606,実行ファイルに SUID ビットが設定されているときの動作として正しいものはどれですか？
u042,27,所有者とパーミッション,所有者とパーミッション:t3,1.0,0.3818121269459016,0.37116547749535733,0.37648880222062947,0.08008480795166509,0.2282868050861473,-4.814236035765321,0.9182890250847582,-1.0802049659467,0.0502593675967861,ディレクトリに SGID ビットが設定されているときの効果として最も適切なものはどれですか？
u042,28,所有者とパーミッション,所有者とパーミッション:t3,0.0,0.3818121269459016,0.37116547749535733,0.37648880222062947,0.16628433178399762,0.27138656700231356,-4.814236035765321,1.0857191106832107,0.0603536444023921,0.1620911607977531,スティッキービットが設定された共有ディレクトリとしてよく使われる /tmp の特徴として正しいものはどれですか？
u042,29,所有者とパーミッション,所有者とパーミッション:t2,0.0,0.3818121269459016,0.38145688527231997,0.38163450610911076,0.0902681467501186,0.2359513264296147,-4.814236035765321,0.8616931297063011,-1.1885448876304008,0.0502666554250788,パーミッション文字列 rwxr-xr-x を数字3桁で表したものを答えてください
u042,30,所有者とパーミッション,所有者とパーミッション:t2,0.0,0.3818121269459016,0.38145688527231997,0.38163450610911076,0.06273657610011034,0.22218554110461056,-4.814236035765321,1.0442899695543686,-0.5639596363118176,0.0516643107287579,/tmp ディレクトリ自体の情報だけを表示しその中身は一覧しないように ls で表示したいときのコマンドを一つ書いてください
u043,1,基本的なファイル管理,基本的なファイル管理:t1,1.0,0.7665507693307936,0.7518653794381124,0.7592080743844529,0.9999682604469914,0.8795881674157222,9.001434371213215,1.1154903812173775,-0.2365575162111993,0.051641198039118,隠しファイルも含めてカレントディレクトリの内容を一覧表示するコマンドはどれですか？
u043,2,基本的なファイル管理,基本的なファイル管理:t1,1.0,0.7665507693307936,0.7518653794381124,0.7592080743844529,0.9998651079940222,0.8795365911892375,9.001434371213215,1.0057893014389907,0.5690377053906269,0.3492400193748236,ファイルの詳細情報付き一覧を表示する ls のオプションとして正しいものはどれですか？
u043,3,基本的なファイル管理,基本的なファイル管理:t1,1.0,0.7665507693307936,0.7518653794381124,0.7592080743844529,0.999952353635661,0.879580214010057,9.001434371213215,1.0489017742155973,-0.4354143081768685,0.0519297250964802,現在の作業ディレクトリの絶対パスを表示するコマンドを一つ書いてください
u043,4,基本的なファイル管理,基本的なファイル管理:t1,1.0,0.7665507693307936,0.7518653794381124,0.7592080743844529,0.9999730965853727,0.8795905854849129,9.001434371213215,1.0549076376616389,-0.9254401280891048,0.05,ホームディレクトリに移動するコマンドとして最も適切なものはどれですか？
u043,5,基本的なファイル管理,基本的なファイル管理:t1,1.0,0.7665507693307936,0.7518653794381124,0.7592080743844529,0.9994753679675876,0.8793417211760203,9.001434371213215,0.8454804512192905,0.5787404422327526,0.35,dir1 とその中の dir2 を一度に作成したいときに最も適切なコマンドはどれですか？
u043,6,基本的なファイル管理,基本的なファイル管理:t2,1.0,0.7665507693307936,0.7309814652481258,0.7487661172894597,0.9998840000796836,0.8743250586845717,9.001434371213215,1.00510848894146,0.4134932167591427,0.3494454797573572,ディレクトリ A を中身ごと確認無しに削除したいときに最も適切なコマンドはどれですか？
u043,7,基本的なファイル管理,基本的なファイル管理:t2,1.0,0.7665507693307936,0.7309814652481258,0.7487661172894597,0.9999808122878641,0.8743734647886618,9.001434371213215,1.1721079163343606,-0.2212036076794035,0.05,rm コマンドで削除前に確認しながら対話的に削除したいときに付けるオプションはどれですか？
u043,8,基本的なファイル管理,基本的なファイル管理:t1,,0.7665507693307936,0.7518653794381124,0.7592080743844529,0.9999497300553243,0.8795789022198885,9.001434371213215,1.08857668141035,0.097554322776923,0.1857478924744617,ファイル file1 をディレクトリ dir にコピーするコマンドとして正しいものはどれですか？
u043,9,基本的なファイル管理,基本的なファイル管理:t2,,0.7665507693307936,0.7309814652481258,0.7487661172894597,0.9999144028796909,0.8743402600845753,9.001434371213215,1.026407237120382,0.2943384619096204,0.3486455001445267,ディレクトリ A をタイムスタンプと権限を保ったままディレクトリ B にコピーしたいときに最も適切なコマンドはどれですか？
u043,10,基本的なファイル管理,基本的なファイル管理:t1,,0.7665507693307936,0.7518653794381124,0.7592080743844529,0.9998564155447257,0.8795322449645893,9.001434371213215,0.9802501128237442,0.413054929247417,0.3492349294404715,ディレクトリ A の中の file.txt をディレクトリ B に移動するコマンドとして正しいものはどれですか？
u043,11,基本的なファイル管理,基本的なファイル管理:t1,,0.7665507693307936,0.7518653794381124,0.7592080743844529,0.9996758589704151,0.879441966677434,9.001434371213215,0.7698974396962992,-1.3664390211980266,0.0504729411698893,file01.txt や file02.txt など2桁の番号付きファイルにマッチし fileA.txt にはマッチしないパターンはどれですか？
u043,12,基本的なファイル管理,基本的なファイル管理:t2,1.0,0.7665507693307936,0.7309814652481258,0.7487661172894597,0.9999164748338104,0.874341296061635,9.001434371213215,0.9276876469650808,-1.0654636245897775,0.0500422196007094,echo {A、B、C}.txt の出力として最も適切なものはどれですか？
u043,13,基本的なファイル管理,基本的なファイル管理:t1,,0.7665507693307936,0.7518653794381124,0.7592080743844529,0.9999527065645671,0.8795803904745101,9.001434371213215,1.0844134734111268,-0.0665097679162885,0.1181070732968249,ファイルのタイムスタンプを更新したり存在しない場合は空のファイルを作成したりするコマンド名を一つ書いてください
u043,14,基本的なファイル管理,基本的なファイル管理:t2,1.0,0.7665507693307936,0.7309814652481258,0.7487661172894597,0.9997956357988934,0.8742808765441765,9.001434371213215,0.8333449589648054,-1.1313423711812791,0.05,ディレクトリ dir1 を archive.tar という名前のアーカイブにまとめるコマンドとして最も適切なものはどれですか？
u043,15,基本的なファイル管理,基本的なファイル管理:t2,1.0,0.7665507693307936,0.7309814652481258,0.7487661172894597,0.9999733504762005,0.8743697338828301,9.001434371213215,1.079782842889703,-0.7049118100689108,0.0506380305473883,gzip 圧縮されたアーカイブ backup.tar.gz を展開する tar のコマンドを一つ書いてください
u043,16,基本的なファイル管理,基本的なファイル管理:t2,,0.7665507693307936,0.7309814652481258,0.7487661172894597,0.9999110831559859,0.8743386002227228,9.001434371213215,1.0160959932760532,0.0605333476967584,0.2156358485127576,1MB のゼロデータを10個連結したファイル zero.img を作成したいときに最も適切なコマンドはどれですか？
u043,17,基本的なファイル管理,基本的なファイル管理:t2,,0.7665507693307936,0.7309814652481258,0.7487661172894597,0.9999688824371017,0.8743674998632807,9.001434371213215,1.0786539578094183,-0.571869105191423,0.0501239062067503,指定したファイルの種類を判定して表示するコマンド名を一つ書いてください
u043,18,所有者とパーミッション,所有者とパーミッション:t1,,0.6850741775798704,0.6819814717250783,0.6835278246524743,0.9357619767563916,0.809644900704433,3.1373399170535494,0.8838543016855865,0.636567762527371,0.35,ls -l の出力に含まれる r や w や x などの文字は何を表していますか？
u043,19,所有者とパーミッション,所有者とパーミッション:t1,1.0,0.6850741775798704,0.6819814717250783,0.6835278246524743,0.9747106078282429,0.8291192162403587,3.1373399170535494,0.7694955224059895,-1.5396692830266308,0.0501462484179849,所有者に読み書きグループとその他に読み取りのみを許可するパーミッションを数字3桁で表したものとして正しいのはどれですか？
u043,20,所有者とパーミッション,所有者とパーミッション:t2,1.0,0.6850741775798704,0.4082322498303069,0.5466532137050887,0.9676221468425317,0.7571376802738101,3.1373399170535494,1.069038527956945,0.2872849447946676,0.2861242148129458,ファイル script.sh に所有者だけ実行権限を追加する chmod の指定を一つ書いてください
u043,21,所有者とパーミッション,所有者とパーミッション:t1,0.0,0.6850741775798704,0.6819814717250783,0.6835278246524743,0.9707437754418626,0.8271358000471685,3.1373399170535494,1.023796809032469,-0.1819789265707181,0.0955893152535176,ファイル data.txt の所有者を user1 に変更するコマンドとして正しいものはどれですか？
u043,22,所有者とパーミッション,所有者とパーミッション:t1,1.0,0.6850741775798704,0.6819814717250783,0.6835278246524743,0.9601233718733337,0.821825598262904,3.1373399170535494,0.9971459325822506,0.4014404237768084,0.3498656012445903,ファイル data.txt の所有グループを group1 に変更するコマンドを一つ書いてください
u043,23,所有者とパーミッション,所有者とパーミッション:t2,0.0,0.6850741775798704,0.4082322498303069,0.5466532137050887,0.931358045918407,0.7390056298117478,3.1373399170535494,0.5402809268579795,-1.587165246258202,0.05,ディレクトリ dir1 とその配下の全てのファイルに対して755のパーミッションを設定したいときに最も適切なコマンドはどれですか？
u043,24,所有者とパーミッション,所有者とパーミッション:t2,1.0,0.6850741775798704,0.4082322498303069,0.5466532137050887,0.9673132019292828,0.7569832078171858,3.1373399170535494,1.0229892671149328,0.1354195999745567,0.2625206317911625,umask 022 の意味として最も適切な説明はどれですか？
u043,25,所有者とパーミッション,所有者とパーミッション:t3,1.0,0.6850741775798704,0.6647339999136118,0.6749040887467411,0.9675524625262439,0.8212282756364926,3.1373399170535494,1.0484800831860714,0.1935682699242609,0.2569518859740457,umask が 022 の環境で新しい通常ファイルを作成したときのデフォルトパーミッションを数字3桁で答えてください
u043,26,所有者とパーミッション,所有者とパーミッション:t3,1.0,0.6850741775798704,0.6647339999136118,0.6749040887467411,0.9674112587529768,0.8211576737498589,3.1373399170535494,1.0647402213448909,0.3006301699301119,0.2993861022623606,実行ファイルに SUID ビットが設定されているときの動作として正しいものはどれですか？
u043,27,所有者とパーミッション,所有者とパーミッション:t3,1.0,0.6850741775798704,0.6647339999136118,0.6749040887467411,0.9806502476656909,0.827777168206216,3.1373399170535494,0.9182890250847582,-1.0802049659467,0.0502593675967861,ディレクトリに SGID ビットが設定されているときの効果として最も適切なものはどれですか？
u043,28,所有者とパーミッション,所有者とパーミッション:t3,1.0,0.6850741775798704,0.6647339999136118,0.6749040887467411,0.9713438406858007,0.8231239647162709,3.1373399170535494,1.0857191106832107,0.0603536444023921,0.1620911607977531,スティッキービットが設定された共有ディレクトリとしてよく使われる /tmp の特徴として正しいものはどれですか？
u043,29,所有者とパーミッション,所有者とパーミッション:t2,0.0,0.6850741775798704,0.4082322498303069,0.5466532137050887,0.9776945763461413,0.762173895025615,3.1373399170535494,0.8616931297063011,-1.1885448876304008,0.0502666554250788,パーミッション文字列 rwxr-xr-x を数字3桁で表したものを答えてください
u043,30,所有者とパーミッション,所有者とパーミッション:t2,,0.6850741775798704,0.4082322498303069,0.5466532137050887,0.980532682328951,0.7635929480170198,3.1373399170535494,1.0442899695543686,-0.5639596363118176,0.0516643107287579,/tmp ディレクトリ自体の情報だけを表示しその中身は一覧しないように ls で表示したいときのコマンドを一つ書いてください
u044,1,基本的なファイル管理,基本的なファイル管理:t1,1.0,0.758639775744021,0.7336726229900987,0.7461561993670598,0.9909578342810772,0.8685570168240685,3.925965074711002,1.1154903812173775,-0.2365575162111993,0.051641198039118,隠しファイルも含めてカレントディレクトリの内容を一覧表示するコマンドはどれですか？
u044,2,基本的なファイル管理,基本的なファイル管理:t1,1.0,0.758639775744021,0.7336726229900987,0.7461561993670598,0.9784972987138751,0.8623267490404675,3.925965074711002,1.0057893014389907,0.5690377053906269,0.3492400193748236,ファイルの詳細情報付き一覧を表示する ls のオプションとして正しいものはどれですか？
u044,3,基本的なファイル管理,基本的なファイル管理:t1,1.0,0.758639775744021,0.7336726229900987,0.7461561993670598,0.9903253116986663,0.8682407555328631,3.925965074711002,1.0489017742155973,-0.4354143081768685,0.0519297250964802,現在の作業ディレクトリの絶対パスを表示するコマンドを一つ書いてください
u044,4,基本的なファイル管理,基本的なファイル管理:t1,0.0,0.758639775744021,0.7336726229900987,0.7461561993670598,0.9943440608550246,0.8702501301110421,3.925965074711002,1.0549076376616389,-0.9254401280891048,0.05,ホームディレクトリに移動するコマンドとして最も適切なものはどれですか？
u044,5,基本的なファイル管理,基本的なファイル管理:t1,,0.758639775744021,0.7336726229900987,0.7461561993670598,0.9637795857228558,0.8549678925449578,3.925965074711002,0.8454804512192905,0.5787404422327526,0.35,dir1 とその中の dir2 を一度に作成したいときに最も適切なコマンドはどれですか？
u044,6,基本的なファイル管理,基本的なファイル管理:t2,1.0,0.758639775744021,0.6912835898064152,0.7249616827752181,0.981485801742138,0.853223742258678,3.925965074711002,1.00510848894146,0.4134932167591427,0.3494454797573572,ディレクトリ A を中身ごと確認無しに削除したいときに最も適切なコマンドはどれですか？
u044,7,基本的なファイル管理,基本的なファイル管理:t2,1.0,0.758639775744021,0.6912835898064152,0.7249616827752181,0.9927004019732851,0.8588310423742516,3.925965074711002,1.1721079163343606,-0.2212036076794035,0.05,rm コマンドで削除前に確認しながら対話的に削除したいときに付けるオプションはどれですか？
u044,8,基本的なファイル管理,基本的なファイル管理:t1,0.0,0.758639775744021,0.7336726229900987,0.7461561993670598,0.9875791133050996,0.8668676563360798,3.925965074711002,1.08857668141035,0.097554322776923,0.1857478924744617,ファイル file1 をディレクトリ dir にコピーするコマンドとして正しいものはどれですか？
u044,9,基本的なファイル管理,基本的なファイル管理:t2,,0.758639775744021,0.6912835898064152,0.7249616827752181,0.9847014404332448,0.8548315616042315,3.925965074711002,1.026407237120382,0.2943384619096204,0.3486455001445267,ディレクトリ A をタイムスタンプと権限を保ったままディレクトリ B にコピーしたいときに最も適切なコマンドはどれですか？
u044,10,基本的なファイル管理,基本的なファイル管理:t1,1.0,0.758639775744021,0.7336726229900987,0.7461561993670598,0.9798507655887573,0.8630034824779085,3.925965074711002,0.9802501128237442,0.413054929247417,0.3492349294404715,ディレクトリ A の中の file.txt をディレクトリ B に移動するコマンドとして正しいものはどれですか？
u044,11,基本的なファイル管理,基本的なファイル管理:t1,1.0,0.758639775744021,0.7336726229900987,0.7461561993670598,0.9841289029751585,0.8651425511711092,3.925965074711002,0.7698974396962992,-1.3664390211980266,0.0504729411698893,file01.txt や file02.txt など2桁の番号付きファイルにマッチし fileA.txt にはマッチしないパターンはどれですか？
u044,12,基本的なファイル管理,基本的なファイル管理:t2,,0.758639775744021,0.6912835898064152,0.7249616827752181,0.9908273336817532,0.8578945082284857,3.925965074711002,0.9276876469650808,-1.0654636245897775,0.0500422196007094,echo {A、B、C}.txt の出力として最も適切なものはどれですか？
u044,13,基本的なファイル管理,基本的なファイル管理:t1,1.0,0.758639775744021,0.7336726229900987,0.7461561993670598,0.9885328211066282,0.867344510236844,3.925965074711002,1.0844134734111268,-0.0665097679162885,0.1181070732968249,ファイルのタイムスタンプを更新したり存在しない場合は空のファイルを作成したりするコマンド名を一つ書いてください
u044,14,基本的なファイル管理,基本的なファイル管理:t2,,0.758639775744021,0.6912835898064152,0.7249616827752181,0.986163521179101,0.8555626019771596,3.925965074711002,0.8333449589648054,-1.1313423711812791,0.05,ディレクトリ dir1 を archive.tar という名前のアーカイブにまとめるコマンドとして最も適切なものはどれですか？
u044,15,基本的なファイル管理,基本的なファイル管理:t2,0.0,0.758639775744021,0.6912835898064152,0.7249616827752181,0.9936482162672446,0.8593049495212314,3.925965074711002,1.079782842889703,-0.7049118100689108,0.0506380305473883,gzip 圧縮されたアーカイブ backup.tar.gz を展開する tar のコマンドを一つ書いてください
u044,16,基本的なファイル管理,基本的なファイル管理:t2,1.0,0.758639775744021,0.6912835898064152,0.7249616827752181,0.984854171549611,0.8549079271624145,3.925965074711002,1.0160959932760532,0.0605333476967584,0.2156358485127576,1MB のゼロデータを10個連結したファイル zero.img を作成したいときに最も適切なコマンドはどれですか？
u044,17,基本的なファイル管理,基本的なファイル管理:t2,0.0,0.758639775744021,0.6912835898064152,0.7249616827752181,0.9926335236569332,0.8587976032160757,3.925965074711002,1.0786539578094183,-0.571869105191423,0.0501239062067503,指定したファイルの種類を判定して表示するコマンド名を一つ書いてください
u044,18,所有者とパーミッション,所有者とパーミッション:t1,1.0,0.41284583313527345,0.6490989456201036,0.5309723893776885,0.40145551348854447,0.4662139514331165,-2.1396626964492382,0.8838543016855865,0.636567762527371,0.35,ls -l の出力に含まれる r や w や x などの文字は何を表していますか？
u044,19,所有者とパーミッション,所有者とパーミッション:t1,0.0,0.41284583313527345,0.6490989456201036,0.5309723893776885,0.41734494153809654,0.47415866545789254,-2.1396626964492382,0.7694955224059895,-1.5396692830266308,0.0501462484179849,所有者に読み書きグループとその他に読み取りのみを許可するパーミッションを数字3桁で表したものとして正しいのはどれですか？
u044,20,所有者とパーミッション,所有者とパーミッション:t2,0.0,0.41284583313527345,0.3815795027142876,0.3972126679247805,0.33573372494641934,0.36647319643559995,-2.1396626964492382,1.069038527956945,0.2872849447946676,0.2861242148129458,ファイル script.sh に所有者だけ実行権限を追加する chmod の指定を一つ書いてください
u044,21,所有者とパーミッション,所有者とパーミッション:t1,,0.41284583313527345,0.6490989456201036,0.5309723893776885,0.20299286511388792,0.36698262724578823,-2.1396626964492382,1.023796809032469,-0.1819789265707181,0.0955893152535176,ファイル data.txt の所有者を user1 に変更するコマンドとして正しいものはどれですか？
u044,22,所有者とパーミッション,所有者とパーミッション:t1,1.0,0.41284583313527345,0.6490989456201036,0.5309723893776885,0.3976627887715975,0.46431758907464304,-2.1396626964492382,0.9971459325822506,0.4014404237768084,0.3498656012445903,ファイル data.txt の所有グループを group1 に変更するコマンドを一つ書いてください
u044,23,所有者とパーミッション,所有者とパーミッション:t2,0.0,0.41284583313527345,0.3815795027142876,0.3972126679247805,0.4546271102613398,0.4259198890930601,-2.1396626964492382,0.5402809268579795,-1.587165246258202,0.05,ディレクトリ dir1 とその配下の全てのファイルに対して755のパーミッションを設定したいときに最も適切なコマンドはどれですか？
u044,24,所有者とパーミッション,所有者とパーミッション:t2,1.0,0.41284583313527345,0.3815795027142876,0.3972126679247805,0.32806795902197244,0.36264031347337644,-2.1396626964492382,1.0229892671149328,0.1354195999745567,0.2625206317911625,umask 022 の意味として最も適切な説明はどれですか？
u044,25,所有者とパーミッション,所有者とパーミッション:t3,1.0,0.41284583313527345,0.5239499745673901,0.4683979038513318,0.31617739456751015,0.39228764920942094,-2.1396626964492382,1.0484800831860714,0.1935682699242609,0.2569518859740457,umask が 022 の環境で新しい通常ファイルを作成したときのデフォルトパーミッションを数字3桁で答えてください
u044,26,所有者とパーミッション,所有者とパーミッション:t3,0.0,0.41284583313527345,0.5239499745673901,0.4683979038513318,0.34790314508769726,0.4081505244695145,-2.1396626964492382,1.0647402213448909,0.3006301699301119,0.2993861022623606,実行ファイルに SUID ビットが設定されているときの動作として正しいものはどれですか？
u044,27,所有者とパーミッション,所有者とパーミッション:t3,1.0,0.41284583313527345,0.5239499745673901,0.4683979038513318,0.3107781199708576,0.3895880119110947,-2.1396626964492382,0.9182890250847582,-1.0802049659467,0.0502593675967861,ディレクトリに SGID ビットが設定されているときの効果として最も適切なものはどれですか？
u044,28,所有者とパーミッション,所有者とパーミッション:t3,0.0,0.41284583313527345,0.5239499745673901,0.4683979038513318,0.23251418203958973,0.35045604294546073,-2.1396626964492382,1.0857191106832107,0.0603536444023921,0.1620911607977531,スティッキービットが設定された共有ディレクトリとしてよく使われる /tmp の特徴として正しいものはどれですか？
u044,29,所有者とパーミッション,所有者とパーミッション:t2,0.0,0.41284583313527345,0.3815795027142876,0.3972126679247805,0.3407469558653795,0.36897981189508,-2.1396626964492382,0.8616931297063011,-1.1885448876304008,0.0502666554250788,パーミッション文字列 rwxr-xr-x を数字3桁で表したものを答えてください
u044,30,所有者とパーミッション,所有者とパーミッション:t2,0.0,0.41284583313527345,0.3815795027142876,0.3972126679247805,0.2050284934831452,0.30112058070396286,-2.1396626964492382,1.0442899695543686,-0.5639596363118176,0.0516643107287579,/tmp ディレクトリ自体の情報だけを表示しその中身は一覧しないように ls で表示したいときのコマンドを一つ書いてください
u045,1,基本的なファイル管理,基本的なファイル管理:t1,0.0,0.3569895281264385,0.3657833464488134,0.361386437287626,0.054934845684199304,0.20816064148591265,-5.309894148642997,1.1154903812173775,-0.2365575162111993,0.051641198039118,隠しファイルも含めてカレントディレクトリの内容を一覧表示するコマンドはどれですか？
u045,2,基本的なファイル管理,基本的なファイル管理:t1,1.0,0.3569895281264385,0.3657833464488134,0.361386437287626,0.3509950277260462,0.3561907325068361,-5.309894148642997,1.0057893014389907,0.5690377053906269,0.3492400193748236,ファイルの詳細情報付き一覧を表示する ls のオプションとして正しいものはどれですか？
u045,3,基本的なファイル管理,基本的なファイル管理:t1,1.0,0.3569895281264385,0.3657833464488134,0.361386437287626,0.057601926041192054,0.20949418166440903,-5.309894148642997,1.0489017742155973,-0.4354143081768685,0.0519297250964802,現在の作業ディレクトリの絶対パスを表示するコマンドを一つ書いてください
u045,4,基本的なファイル管理,基本的なファイル管理:t1,,0.3569895281264385,0.3657833464488134,0.361386437287626,0.05922128062110889,0.21030385895436743,-5.309894148642997,1.0549076376616389,-0.9254401280891048,0.05,ホームディレクトリに移動するコマンドとして最も適切なものはどれですか？
u045,5,基本的なファイル管理,基本的なファイル管理:t1,1.0,0.3569895281264385,0.3657833464488134,0.361386437287626,0.3544432570656795,0.35791484717665273,-5.309894148642997,0.8454804512192905,0.5787404422327526,0.35,dir1 とその中の dir2 を一度に作成したいときに最も適切なコマンドはどれですか？
u045,6,基本的なファイル管理,基本的なファイル管理:t2,0.0,0.3569895281264385,0.31175724335002775,0.33437338573823316,0.35150408867593175,0.34293873720708246,-5.309894148642997,1.00510848894146,0.4134932167591427,0.3494454797573572,ディレクトリ A を中身ごと確認無しに削除したいときに最も適切なコマンドはどれですか？
u045,7,基本的なファイル管理,基本的なファイル管理:t2,1.0,0.3569895281264385,0.31175724335002775,0.33437338573823316,0.05243367501718396,0.19340353037770858,-5.309894148642997,1.1721079163343606,-0.2212036076794035,0.05,rm コマンドで削除前に確認しながら対話的に削除したいときに付けるオプションはどれですか？
u045,8,基本的なファイル管理,基本的なファイル管理:t1,1.0,0.3569895281264385,0.3657833464488134,0.361386437287626,0.18800272268437399,0.274694579986,-5.309894148642997,1.08857668141035,0.097554322776923,0.1857478924744617,ファイル file1 をディレクトリ dir にコピーするコマンドとして正しいものはどれですか？
u045,9,基本的なファイル管理,基本的なファイル管理:t2,1.0,0.3569895281264385,0.31175724335002775,0.33437338573823316,0.35070746317256735,0.3425404244554002,-5.309894148642997,1.026407237120382,0.2943384619096204,0.3486455001445267,ディレクトリ A をタイムスタンプと権限を保ったままディレクトリ B にコピーしたいときに最も適切なコマンドはどれですか？
u045,10,基本的なファイル管理,基本的なファイル管理:t1,,0.3569895281264385,0.3657833464488134,0.361386437287626,0.351608920553417,0.35649767892052153,-5.309894148642997,0.9802501128237442,0.413054929247417,0.3492349294404715,ディレクトリ A の中の file.txt をディレクトリ B に移動するコマンドとして正しいものはどれですか？
u045,11,基本的なファイル管理,基本的なファイル管理:t1,0.0,0.3569895281264385,0.3657833464488134,0.361386437287626,0.09398341162144687,0.22768492445453642,-5.309894148642997,0.7698974396962992,-1.3664390211980266,0.0504729411698893,file01.txt や file02.txt など2桁の番号付きファイルにマッチし fileA.txt にはマッチしないパターンはどれですか？
u045,12,基本的なファイル管理,基本的なファイル管理:t2,,0.3569895281264385,0.31175724335002775,0.33437338573823316,0.06820914436506519,0.20129126505164918,-5.309894148642997,0.9276876469650808,-1.0654636245897775,0.0500422196007094,echo {A、B、C}.txt の出力として最も適切なものはどれですか？
u045,13,基本的なファイル管理,基本的なファイル管理:t1,0.0,0.3569895281264385,0.3657833464488134,0.361386437287626,0.1210893487249507,0.24123789300628834,-5.309894148642997,1.0844134734111268,-0.0665097679162885,0.1181070732968249,ファイルのタイムスタンプを更新したり存在しない場合は空のファイルを作成したりするコマンド名を一つ書いてください
u045,14,基本的なファイル管理,基本的なファイル管理:t2,0.0,0.3569895281264385,0.31175724335002775,0.33437338573823316,0.07833249764434519,0.20635294169128918,-5.309894148642997,0.8333449589648054,-1.1313423711812791,0.05,ディレクトリ dir1 を archive.tar という名前のアーカイブにまとめるコマンドとして最も適切なものはどれですか？
u045,15,基本的なファイル管理,基本的なファイル管理:t2,0.0,0.3569895281264385,0.31175724335002775,0.33437338573823316,0.057168680483866766,0.19577103311104996,-5.309894148642997,1.079782842889703,-0.7049118100689108,0.0506380305473883,gzip 圧縮されたアーカイブ backup.tar.gz を展開する tar のコマンドを一つ書いてください
u045,16,基本的なファイル管理,基本的なファイル管理:t2,0.0,0.3569895281264385,0.31175724335002775,0.33437338573823316,0.2189684249735566,0.2766709053558949,-5.309894148642997,1.0160959932760532,0.0605333476967584,0.2156358485127576,1MB のゼロデータを10個連結したファイル zero.img を作成したいときに最も適切なコマンドはどれですか？
u045,17,基本的なファイル管理,基本的なファイル管理:t2,0.0,0.3569895281264385,0.31175724335002775,0.33437338573823316,0.055819132204867936,0.19509625897155056,-5.309894148642997,1.0786539578094183,-0.571869105191423,0.0501239062067503,指定したファイルの種類を判定して表示するコマンド名を一つ書いてください
u045,18,所有者とパーミッション,所有者とパーミッション:t1,1.0,0.6981373137210259,0.7177185641808329,0.7079279389509294,0.9982505076482077,0.8530892232995686,7.328792414351917,0.8838543016855865,0.636567762527371,0.35,ls -l の出力に含まれる r や w や x などの文字は何を表していますか？
u045,19,所有者とパーミッション,所有者とパーミッション:t1,,0.6981373137210259,0.7177185641808329,0.7079279389509294,0.9989685351765485,0.853448237063739,7.328792414351917,0.7694955224059895,-1.5396692830266308,0.0501462484179849,所有者に読み書きグループとその他に読み取りのみを許可するパーミッションを数字3桁で表したものとして正しいのはどれですか？
u045,20,所有者とパーミッション,所有者とパーミッション:t2,1.0,0.6981373137210259,0.5435619326251859,0.620849623173106,0.9996161378070233,0.8102328804900647,7.328792414351917,1.069038527956945,0.2872849447946676,0.2861242148129458,ファイル script.sh に所有者だけ実行権限を追加する chmod の指定を一つ書いてください
u045,21,所有者とパーミッション,所有者とパーミッション:t1,,0.6981373137210259,0.7177185641808329,0.7079279389509294,0.9995863262578304,0.8537571326043799,7.328792414351917,1.023796809032469,-0.1819789265707181,0.0955893152535176,ファイル data.txt の所有者を user1 に変更するコマンドとして正しいものはどれですか？
u045,22,所有者とパーミッション,所有者とパーミッション:t1,1.0,0.6981373137210259,0.7177185641808329,0.7079279389509294,0.9993504019076077,0.8536391704292685,7.328792414351917,0.9971459325822506,0.4014404237768084,0.3498656012445903,ファイル data.txt の所有グループを group1 に変更するコマンドを一つ書いてください
u045,23,所有者とパーミッション,所有者とパーミッション:t2,0.0,0.6981373137210259,0.5435619326251859,0.620849623173106,0.9923761413429769,0.8066128822580414,7.328792414351917,0.5402809268579795,-1.587165246258202,0.05,ディレクトリ dir1 とその配下の全てのファイルに対して755のパーミッションを設定したいときに最も適切なコマンドはどれですか？
u045,24,所有者とパーミッション,所有者とパーミッション:t2,1.0,0.6981373137210259,0.5435619326251859,0.620849623173106,0.9995305257684424,0.8101900744707742,7.328792414351917,1.0229892671149328,0.1354195999745567,0.2625206317911625,umask 022 の意味として最も適切な説明はどれですか？
u045,25,所有者とパーミッション,所有者とパーミッション:t3,1.0,0.6981373137210259,0.6757179505514819,0.6869276321362539,0.99958144336137,0.8432545377488119,7.328792414351917,1.0484800831860714,0.1935682699242609,0.2569518859740457,umask が 022 の環境で新しい通常ファイルを作成したときのデフォルトパーミッションを数字3桁で答えてください
u045,26,所有者とパーミッション,所有者とパーミッション:t3,1.0,0.6981373137210259,0.6757179505514819,0.6869276321362539,0.999606144973876,0.8432668885550649,7.328792414351917,1.0647402213448909,0.3006301699301119,0.2993861022623606,実行ファイルに SUID ビットが設定されているときの動作として正しいものはどれですか？
u045,27,所有者とパーミッション,所有者とパーミッション:t3,1.0,0.6981373137210259,0.6757179505514819,0.6869276321362539,0.9995794298557265,0.8432535309959901,7.328792414351917,0.9182890250847582,-1.0802049659467,0.0502593675967861,ディレクトリに SGID ビットが設定されているときの効果として最も適切なものはどれですか？
u045,28,所有者とパーミッション,所有者とパーミッション:t3,1.0,0.6981373137210259,0.6757179505514819,0.6869276321362539,0.9996868106788444,0.8433072214075491,7.328792414351917,1.0857191106832107,0.0603536444023921,0.1620911607977531,スティッキービットが設定された共有ディレクトリとしてよく使われる /tmp の特徴として正しいものはどれですか？
u045,29,所有者とパーミッション,所有者とパーミッション:t2,1.0,0.6981373137210259,0.5435619326251859,0.620849623173106,0.999383562940754,0.8101165930569301,7.328792414351917,0.8616931297063011,-1.1885448876304008,0.0502666554250788,パーミッション文字列 rwxr-xr-x を数字3桁で表したものを答えてください
u045,30,所有者とパーミッション,所有者とパーミッション:t2,1.0,0.6981373137210259,0.5435619326251859,0.620849623173106,0.9997503952205242,0.8103000091968151,7.328792414351917,1.0442899695543686,-0.5639596363118176,0.0516643107287579,/tmp ディレクトリ自体の情報だけを表示しその中身は一覧しないように ls で表示したいときのコマンドを一つ書いてください
u046,1,基本的なファイル管理,基本的なファイル管理:t1,1.0,0.7665950812949676,0.7559555583064519,0.7612753198007097,0.9999968420543994,0.8806360809275546,11.070185585650139,1.1154903812173775,-0.2365575162111993,0.051641198039118,隠しファイルも含めてカレントディレクトリの内容を一覧表示するコマンドはどれですか？
u046,2,基本的なファイル管理,基本的なファイル管理:t1,1.0,0.7665950812949676,0.7559555583064519,0.7612753198007097,0.9999831571187994,0.8806292384597545,11.070185585650139,1.0057893014389907,0.5690377053906269,0.3492400193748236,ファイルの詳細情報付き一覧を表示する ls のオプションとして正しいものはどれですか？
u046,3,基本的なファイル管理,基本的なファイル管理:t1,0.0,0.7665950812949676,0.7559555583064519,0.7612753198007097,0.9999945591569178,0.8806349394788138,11.070185585650139,1.0489017742155973,-0.4354143081768685,0.0519297250964802,現在の作業ディレクトリの絶対パスを表示するコマンドを一つ書いてください
u046,4,基本的なファイル管理,基本的なファイル管理:t1,,0.7665950812949676,0.7559555583064519,0.7612753198007097,0.9999969658331107,0.8806361428169103,11.070185585650139,1.0549076376616389,-0.9254401280891048,0.05,ホームディレクトリに移動するコマンドとして最も適切なものはどれですか？
u046,5,基本的なファイル管理,基本的なファイル管理:t1,1.0,0.7665950812949676,0.7559555583064519,0.7612753198007097,0.9999086886240817,0.8805920042123957,11.070185585650139,0.8454804512192905,0.5787404422327526,0.35,dir1 とその中の dir2 を一度に作成したいときに最も適切なコマンドはどれですか？
u046,6,基本的なファイル管理,基本的なファイル管理:t2,,0.7665950812949676,0.7309887971165953,0.7487919392057814,0.9999854959760152,0.8743887175908982,11.070185585650139,1.00510848894146,0.4134932167591427,0.3494454797573572,ディレクトリ A を中身ごと確認無しに削除したいときに最も適切なコマンドはどれですか？
u046,7,基本的なファイル管理,基本的なファイル管理:t2,1.0,0.7665950812949676,0.7309887971165953,0.7487919392057814,0.9999983019359361,0.8743951205708587,11.070185585650139,1.1721079163343606,-0.2212036076794035,0.05,rm コマンドで削除前に確認しながら対話的に削除したいときに付けるオプションはどれですか？
u046,8,基本的なファイル管理,基本的なファイル管理:t1,1.0,0.7665950812949676,0.7559555583064519,0.7612753198007097,0.9999947118509402,0.8806350158258249,11.070185585650139,1.08857668141035,0.097554322776923,0.1857478924744617,ファイル file1 をディレクトリ dir にコピーするコマンドとして正しいものはどれですか？
u046,9,基本的なファイル管理,基本的なファイル管理:t2,1.0,0.7665950812949676,0.7309887971165953,0.7487919392057814,0.9999897591346472,0.8743908491702143,11.070185585650139,1.026407237120382,0.2943384619096204,0.3486455001445267,ディレクトリ A をタイムスタンプと権限を保ったままディレクトリ B にコピーしたいときに最も適切なコマンドはどれですか？
u046,10,基本的なファイル管理,基本的なファイル管理:t1,,0.7665950812949676,0.7559555583064519,0.7612753198007097,0.9999810988756798,0.8806282093381947,11.070185585650139,0.9802501128237442,0.413054929247417,0.3492349294404715,ディレクトリ A の中の file.txt をディレクトリ B に移動するコマンドとして正しいものはどれですか？
u046,11,基本的なファイル管理,基本的なファイル管理:t1,0.0,0.7665950812949676,0.7559555583064519,0.7612753198007097,0.9999340613728681,0.8806046905867889,11.070185585650139,0.7698974396962992,-1.3664390211980266,0.0504729411698893,file01.txt や file02.txt など2桁の番号付きファイルにマッチし fileA.txt にはマッチしないパターンはどれですか？
u046,12,基本的なファイル管理,基本的なファイル管理:t2,1.0,0.7665950812949676,0.7309887971165953,0.7487919392057814,0.9999877433572139,0.8743898412814977,11.070185585650139,0.9276876469650808,-1.0654636245897775,0.0500422196007094,echo {A、B、C}.txt の出力として最も適切なものはどれですか？
u046,13,基本的なファイル管理,基本的なファイル管理:t1,1.0,0.7665950812949676,0.7559555583064519,0.7612753198007097,0.9999949819683834,0.8806351508845466,11.070185585650139,1.0844134734111268,-0.0665097679162885,0.1181070732968249,ファイルのタイムスタンプを更新したり存在しない場合は空のファイルを作成したりするコマンド名を一つ書いてください
u046,14,基本的なファイル管理,基本的なファイル管理:t2,0.0,0.7665950812949676,0.7309887971165953,0.7487919392057814,0.9999635443273737,0.8743777417665775,11.070185585650139,0.8333449589648054,-1.1313423711812791,0.05,ディレクトリ dir1 を archive.tar という名前のアーカイブにまとめるコマンドとして最も適切なものはどれですか？
u046,15,基本的なファイル管理,基本的なファイル管理:t2,1.0,0.7665950812949676,0.7309887971165953,0.7487919392057814,0.9999971452214382,0.8743945422136098,11.070185585650139,1.079782842889703,-0.7049118100689108,0.0506380305473883,gzip 圧縮されたアーカイブ backup.tar.gz を展開する tar のコマンドを一つ書いてください
u046,16,基本的なファイル管理,基本的なファイル管理:t2,1.0,0.7665950812949676,0.7309887971165953,0.7487919392057814,0.9999891327759736,0.8743905359908775,11.070185585650139,1.0160959932760532,0.0605333476967584,0.2156358485127576,1MB のゼロデータを10個連結したファイル zero.img を作成したいときに最も適切なコマンドはどれですか？
u046,17,基本的なファイル管理,基本的なファイル管理:t2,,0.7665950812949676,0.7309887971165953,0.7487919392057814,0.999996658783572,0.8743942989946767,11.070185585650139,1.0786539578094183,-0.571869105191423,0.0501239062067503,指定したファイルの種類を判定して表示するコマンド名を一つ書いてください
u046,18,所有者とパーミッション,所有者とパーミッション:t1,1.0,0.6929065907359113,0.5912481377827247,0.642077364259318,0.9697835282738264,0.8059304462665722,4.054532766801233,0.8838543016855865,0.636567762527371,0.35,ls -l の出力に含まれる r や w や x などの文字は何を表していますか？
u046,19,所有者とパーミッション,所有者とパーミッション:t1,,0.6929065907359113,0.5912481377827247,0.642077364259318,0.9873433822630783,0.8147103732611982,4.054532766801233,0.7694955224059895,-1.5396692830266308,0.0501462484179849,所有者に読み書きグループとその他に読み取りのみを許可するパーミッションを数字3桁で表したものとして正しいのはどれですか？
u046,20,所有者とパーミッション,所有者とパーミッション:t2,1.0,0.6929065907359113,0.5438609312695364,0.6183837610027239,0.9875002197912712,0.8029419903969975,4.054532766801233,1.069038527956945,0.2872849447946676,0.2861242148129458,ファイル script.sh に所有者だけ実行権限を追加する chmod の指定を一つ書いてください
u046,21,所有者とパーミッション,所有者とパーミッション:t1,1.0,0.6929065907359113,0.5912481377827247,0.642077364259318,0.9883306041470834,0.8152039842032007,4.054532766801233,1.023796809032469,-0.1819789265707181,0.0955893152535176,ファイル data.txt の所有者を user1 に変更するコマンドとして正しいものはどれですか？
u046,22,所有者とパーミッション,所有者とパーミッション:t1,,0.6929065907359113,0.5912481377827247,0.642077364259318,0.9834122016474299,0.812744782953374,4.054532766801233,0.9971459325822506,0.4014404237768084,0.3498656012445903,ファイル data.txt の所有グループを group1 に変更するコマンドを一つ書いてください
u046,23,所有者とパーミッション,所有者とパーミッション:t2,0.0,0.6929065907359113,0.5438609312695364,0.6183837610027239,0.9569654810691074,0.7876746210359156,4.054532766801233,0.5402809268579795,-1.587165246258202,0.05,ディレクトリ dir1 とその配下の全てのファイルに対して755のパーミッションを設定したいときに最も適切なコマンドはどれですか？
u046,24,所有者とパーミッション,所有者とパーミッション:t2,1.0,0.6929065907359113,0.5438609312695364,0.6183837610027239,0.9868549876591565,0.8026193743309402,4.054532766801233,1.0229892671149328,0.1354195999745567,0.2625206317911625,umask 022 の意味として最も適切な説明はどれですか？
u046,25,所有者とパーミッション,所有者とパーミッション:t3,1.0,0.6929065907359113,0.667628441085305,0.6802675159106082,0.9872527919354744,0.8337601539230413,4.054532766801233,1.0484800831860714,0.1935682699242609,0.2569518859740457,umask が 022 の環境で新しい通常ファイルを作成したときのデフォルトパーミッションを数字3桁で答えてください
u046,26,所有者とパーミッション,所有者とパーミッション:t3,1.0,0.6929065907359113,0.667628441085305,0.6802675159106082,0.9873605780458995,0.8338140469782538,4.054532766801233,1.0647402213448909,0.3006301699301119,0.2993861022623606,実行ファイルに SUID ビットが設定されているときの動作として正しいものはどれですか？
u046,27,所有者とパーミッション,所有者とパーミッション:t3,,0.6929065907359113,0.667628441085305,0.6802675159106082,0.99156746704216,0.8359174914763841,4.054532766801233,0.9182890250847582,-1.0802049659467,0.0502593675967861,ディレクトリに SGID ビットが設定されているときの効果として最も適切なものはどれですか？
u046,28,所有者とパーミッション,所有者とパーミッション:t3,1.0,0.6929065907359113,0.667628441085305,0.6802675159106082,0.9891804353770753,0.8347239756438418,4.054532766801233,1.0857191106832107,0.0603536444023921,0.1620911607977531,スティッキービットが設定された共有ディレクトリとしてよく使われる /tmp の特徴として正しいものはどれですか？
u046,29,所有者とパーミッション,所有者とパーミッション:t2,1.0,0.6929065907359113,0.5438609312695364,0.6183837610027239,0.9897486981053398,0.8040662295540318,4.054532766801233,0.8616931297063011,-1.1885448876304008,0.0502666554250788,パーミッション文字列 rwxr-xr-x を数字3桁で表したものを答えてください
u046,30,所有者とパーミッション,所有者とパーミッション:t2,,0.6929065907359113,0.5438609312695364,0.6183837610027239,0.992434086004028,0.8054089235033759,4.054532766801233,1.0442899695543686,-0.5639596363118176,0.0516643107287579,/tmp ディレクトリ自体の情報だけを表示しその中身は一覧しないように ls で表示したいときのコマンドを一つ書いてください
u047,1,基本的なファイル管理,基本的なファイル管理:t1,0.0,0.3603423508103786,0.36068642508232673,0.36051438794635265,0.0614563831302387,0.21098538553829568,-4.32480311768554,1.1154903812173775,-0.2365575162111993,0.051641198039118,隠しファイルも含めてカレントディレクトリの内容を一覧表示するコマンドはどれですか？
u047,2,基本的なファイル管理,基本的なファイル管理:t1,0.0,0.3603423508103786,0.36068642508232673,0.36051438794635265,0.35394542153386815,0.3572299047401104,-4.32480311768554,1.0057893014389907,0.5690377053906269,0.3492400193748236,ファイルの詳細情報付き一覧を表示する ls のオプションとして正しいものはどれですか？
u047,3,基本的なファイル管理,基本的なファイル管理:t1,,0.3603423508103786,0.36068642508232673,0.36051438794635265,0.0676990849874538,0.21410673646690323,-4.32480311768554,1.0489017742155973,-0.4354143081768685,0.0519297250964802,現在の作業ディレクトリの絶対パスを表示するコマンドを一つ書いてください
u047,4,基本的なファイル管理,基本的なファイル管理:t1,0.0,0.3603423508103786,0.36068642508232673,0.36051438794635265,0.07561341867857875,0.2180639033124657,-4.32480311768554,1.0549076376616389,-0.9254401280891048,0.05,ホームディレクトリに移動するコマンドとして最も適切なものはどれですか？
u047,5,基本的なファイル管理,基本的なファイル管理:t1,0.0,0.3603423508103786,0.36068642508232673,0.36051438794635265,0.3601291373558201,0.3603217626510864,-4.32480311768554,0.8454804512192905,0.5787404422327526,0.35,dir1 とその中の dir2 を一度に作成したいときに最も適切なコマンドはどれですか？
u047,6,基本的なファイル管理,基本的なファイル管理:t2,0.0,0.3603423508103786,0.3781503942487562,0.3692463725295674,0.35495686131074244,0.3621016169201549,-4.32480311768554,1.00510848894146,0.4134932167591427,0.3494454797573572,ディレクトリ A を中身ごと確認無しに削除したいときに最も適切なコマンドはどれですか？
u047,7,基本的なファイル管理,基本的なファイル管理:t2,0.0,0.3603423508103786,0.3781503942487562,0.3692463725295674,0.05767896328167479,0.21346266790562107,-4.32480311768554,1.1721079163343606,-0.2212036076794035,0.05,rm コマンドで削除前に確認しながら対話的に削除したいときに付けるオプションはどれですか？
u047,8,基本的なファイル管理,基本的なファイル管理:t1,,0.3603423508103786,0.36068642508232673,0.36051438794635265,0.19230213707263377,0.27640826250949324,-4.32480311768554,1.08857668141035,0.097554322776923,0.1857478924744617,ファイル file1 をディレクトリ dir にコピーするコマンドとして正しいものはどれですか？
u047,9,基本的なファイル管理,基本的なファイル管理:t2,0.0,0.3603423508103786,0.3781503942487562,0.3692463725295674,0.3542818840532497,0.3617641282914085,-4.32480311768554,1.026407237120382,0.2943384619096204,0.3486455001445267,ディレクトリ A をタイムスタンプと権限を保ったままディレクトリ B にコピーしたいときに最も適切なコマンドはどれですか？
u047,10,基本的なファイル管理,基本的なファイル管理:t1,1.0,0.3603423508103786,0.36068642508232673,0.36051438794635265,0.35543333670425203,0.35797386232530237,-4.32480311768554,0.9802501128237442,0.413054929247417,0.3492349294404715,ディレクトリ A の中の file.txt をディレクトリ B に移動するコマンドとして正しいものはどれですか？
u047,11,基本的なファイル管理,基本的なファイル管理:t1,0.0,0.3603423508103786,0.36068642508232673,0.36051438794635265,0.1387714302068739,0.2496429090766133,-4.32480311768554,0.7698974396962992,-1.3664390211980266,0.0504729411698893,file01.txt や file02.txt など2桁の番号付きファイルにマッチし fileA.txt にはマッチしないパターンはどれですか？
u047,12,基本的なファイル管理,基本的なファイル管理:t2,,0.3603423508103786,0.3781503942487562,0.3692463725295674,0.09409067273967692,0.23166852263462215,-4.32480311768554,0.9276876469650808,-1.0654636245897775,0.0500422196007094,echo {A、B、C}.txt の出力として最も適切なものはどれですか？
u047,13,基本的なファイル管理,基本的なファイル管理:t1,,0.3603423508103786,0.36068642508232673,0.36051438794635265,0.12673059390105063,0.24362249092370164,-4.32480311768554,1.0844134734111268,-0.0665097679162885,0.1181070732968249,ファイルのタイムスタンプを更新したり存在しない場合は空のファイルを作成したりするコマンド名を一つ書いてください
u047,14,基本的なファイル管理,基本的なファイル管理:t2,0.0,0.3603423508103786,0.3781503942487562,0.3692463725295674,0.1120337922687927,0.24064008239918006,-4.32480311768554,0.8333449589648054,-1.1313423711812791,0.05,ディレクトリ dir1 を archive.tar という名前のアーカイブにまとめるコマンドとして最も適切なものはどれですか？
u047,15,基本的なファイル管理,基本的なファイル管理:t2,,0.3603423508103786,0.3781503942487562,0.3692463725295674,0.06931377627218291,0.21928007440087516,-4.32480311768554,1.079782842889703,-0.7049118100689108,0.0506380305473883,gzip 圧縮されたアーカイブ backup.tar.gz を展開する tar のコマンドを一つ書いてください
u047,16,基本的なファイル管理,基本的なファイル管理:t2,0.0,0.3603423508103786,0.3781503942487562,0.3692463725295674,0.2246374981420653,0.29694193533581636,-4.32480311768554,1.0160959932760532,0.0605333476967584,0.2156358485127576,1MB のゼロデータを10個連結したファイル zero.img を作成したいときに最も適切なコマンドはどれですか？
u047,17,基本的なファイル管理,基本的なファイル管理:t2,,0.3603423508103786,0.3781503942487562,0.3692463725295674,0.06641974530425385,0.21783305891691063,-4.32480311768554,1.0786539578094183,-0.571869105191423,0.0501239062067503,指定したファイルの種類を判定して表示するコマンド名を一つ書いてください
u047,18,所有者とパーミッション,所有者とパーミッション:t1,1.0,0.6979203552016509,0.7284270547911528,0.7131737049964018,0.9967253391327547,0.8549495220645782,6.616860405864276,0.8838543016855865,0.636567762527371,0.35,ls -l の出力に含まれる r や w や x などの文字は何を表していますか？
u047,19,所有者とパーミッション,所有者とパーミッション:t1,1.0,0.6979203552016509,0.7284270547911528,0.7131737049964018,0.9982175005123114,0.8556956027543565,6.616860405864276,0.7694955224059895,-1.5396692830266308,0.0501462484179849,所有者に読み書きグループとその他に読み取りのみを許可するパーミッションを数字3桁で表したものとして正しいのはどれですか？
u047,20,所有者とパーミッション,所有者とパーミッション:t2,0.0,0.6979203552016509,0.45602079877355833,0.5769705769876046,0.9991788110447528,0.7880746940161787,6.616860405864276,1.069038527956945,0.2872849447946676,0.2861242148129458,ファイル script.sh に所有者だけ実行権限を追加する chmod の指定を一つ書いてください
u047,21,所有者とパーミッション,所有者とパーミッション:t1,0.0,0.6979203552016509,0.7284270547911528,0.7131737049964018,0.9991429804156542,0.856158342706028,6.616860405864276,1.023796809032469,-0.1819789265707181,0.0955893152535176,ファイル data.txt の所有者を user1 に変更するコマンドとして正しいものはどれですか？
u047,22,所有者とパーミッション,所有者とパーミッション:t1,1.0,0.6979203552016509,0.7284270547911528,0.7131737049964018,0.9986802183877784,0.8559269616920901,6.616860405864276,0.9971459325822506,0.4014404237768084,0.3498656012445903,ファイル data.txt の所有グループを group1 に変更するコマンドを一つ書いてください
u047,23,所有者とパーミッション,所有者とパーミッション:t2,0.0,0.6979203552016509,0.45602079877355833,0.5769705769876046,0.988841868908466,0.7829062229480352,6.616860405864276,0.5402809268579795,-1.587165246258202,0.05,ディレクトリ dir1 とその配下の全てのファイルに対して755のパーミッションを設定したいときに最も適切なコマンドはどれですか？
u047,24,所有者とパーミッション,所有者とパーミッション:t2,,0.6979203552016509,0.45602079877355833,0.5769705769876046,0.9990281219778774,0.787999349482741,6.616860405864276,1.0229892671149328,0.1354195999745567,0.2625206317911625,umask 022 の意味として最も適切な説明はどれですか？
u047,25,所有者とパーミッション,所有者とパーミッション:t3,1.0,0.6979203552016509,0.6527601753153248,0.6753402652584879,0.9991176101438438,0.8372289377011659,6.616860405864276,1.0484800831860714,0.1935682699242609,0.2569518859740457,umask が 022 の環境で新しい通常ファイルを作成したときのデフォルトパーミッションを数字3桁で答えてください
u047,26,所有者とパーミッション,所有者とパーミッション:t3,1.0,0.6979203552016509,0.6527601753153248,0.6753402652584879,0.999160028284235,0.8372501467713614,6.616860405864276,1.0647402213448909,0.3006301699301119,0.2993861022623606,実行ファイルに SUID ビットが設定されているときの動作として正しいものはどれですか？
u047,27,所有者とパーミッション,所有者とパーミッション:t3,,0.6979203552016509,0.6527601753153248,0.6753402652584879,0.9991916767098206,0.8372659709841542,6.616860405864276,0.9182890250847582,-1.0802049659467,0.0502593675967861,ディレクトリに SGID ビットが設定されているときの効果として最も適切なものはどれですか？
u047,28,所有者とパーミッション,所有者とパーミッション:t3,,0.6979203552016509,0.6527601753153248,0.6753402652584879,0.9993218759291426,0.8373310705938153,6.616860405864276,1.0857191106832107,0.0603536444023921,0.1620911607977531,スティッキービットが設定された共有ディレクトリとしてよく使われる /tmp の特徴として正しいものはどれですか？
u047,29,所有者とパーミッション,所有者とパーミッション:t2,,0.6979203552016509,0.45602079877355833,0.5769705769876046,0.9988621751944063,0.7879163760910055,6.616860405864276,0.8616931297063011,-1.1885448876304008,0.0502666554250788,パーミッション文字列 rwxr-xr-x を数字3桁で表したものを答えてください
u047,30,所有者とパーミッション,所有者とパーミッション:t2,,0.6979203552016509,0.45602079877355833,0.5769705769876046,0.9994751818009869,0.7882228793942958,6.616860405864276,1.0442899695543686,-0.5639596363118176,0.0516643107287579,/tmp ディレクトリ自体の情報だけを表示しその中身は一覧しないように ls で表示したいときのコマンドを一つ書いてください
u048,1,基本的なファイル管理,基本的なファイル管理:t1,0.0,0.36346888482871925,0.3717332842429725,0.36760108453584583,0.06803297049574948,0.21781702751579765,-3.8587473410204987,1.1154903812173775,-0.2365575162111993,0.051641198039118,隠しファイルも含めてカレントディレクトリの内容を一覧表示するコマンドはどれですか？
u048,2,基本的なファイル管理,基本的なファイル管理:t1,1.0,0.36346888482871925,0.3717332842429725,0.36760108453584583,0.3567268873766416,0.3621639859562437,-3.8587473410204987,1.0057893014389907,0.5690377053906269,0.3492400193748236,ファイルの詳細情報付き一覧を表示する ls のオプションとして正しいものはどれですか？
u048,3,基本的なファイル管理,基本的なファイル管理:t1,0.0,0.36346888482871925,0.3717332842429725,0.36760108453584583,0.07737382907402583,0.22248745680493584,-3.8587473410204987,1.0489017742155973,-0.4354143081768685,0.0519297250964802,現在の作業ディレクトリの絶対パスを表示するコマンドを一つ書いてください
u048,4,基本的なファイル管理,基本的なファイル管理:t1,1.0,0.36346888482871925,0.3717332842429725,0.36760108453584583,0.09117315254360983,0.22938711853972782,-3.8587473410204987,1.0549076376616389,-0.9254401280891048,0.05,ホームディレクトリに移動するコマンドとして最も適切なものはどれですか？
u048,5,基本的なファイル管理,基本的なファイル管理:t1,1.0,0.36346888482871925,0.3717332842429725,0.36760108453584583,0.36490891354490895,0.3662549990403774,-3.8587473410204987,0.8454804512192905,0.5787404422327526,0.35,dir1 とその中の dir2 を一度に作成したいときに最も適切なコマンドはどれですか？
u048,6,基本的なファイル管理,基本的なファイル管理:t2,1.0,0.36346888482871925,0.5028589830250432,0.43316393392688124,0.3582055405470704,0.39568473723697584,-3.8587473410204987,1.00510848894146,0.4134932167591427,0.3494454797573572,ディレクトリ A を中身ごと確認無しに削除したいときに最も適切なコマンドはどれですか？
u048,7,基本的なファイル管理,基本的なファイル管理:t2,0.0,0.36346888482871925,0.5028589830250432,0.43316393392688124,0.06318255842593774,0.24817324617640948,-3.8587473410204987,1.1721079163343606,-0.2212036076794035,0.05,rm コマンドで削除前に確認しながら対話的に削除したいときに付けるオプションはどれですか？
u048,8,基本的なファイル管理,基本的なファイル管理:t1,,0.36346888482871925,0.3717332842429725,0.36760108453584583,0.19657599526328398,0.2820885398995649,-3.8587473410204987,1.08857668141035,0.097554322776923,0.1857478924744617,ファイル file1 をディレクトリ dir にコピーするコマンドとして正しいものはどれですか？
u048,9,基本的なファイル管理,基本的なファイル管理:t2,1.0,0.36346888482871925,0.5028589830250432,0.43316393392688124,0.357691399541845,0.39542766673436314,-3.8587473410204987,1.026407237120382,0.2943384619096204,0.3486455001445267,ディレクトリ A をタイムスタンプと権限を保ったままディレクトリ B にコピーしたいときに最も適切なコマンドはどれですか？
u048,10,基本的なファイル管理,基本的なファイル管理:t1,0.0,0.36346888482871925,0.3717332842429725,0.36760108453584583,0.35896910547506666,0.36328509500545625,-3.8587473410204987,0.9802501128237442,0.413054929247417,0.3492349294404715,ディレクトリ A の中の file.txt をディレクトリ B に移動するコマンドとして正しいものはどれですか？
u048,11,基本的なファイル管理,基本的なファイル管理:t1,0.0,0.36346888482871925,0.3717332842429725,0.36760108453584583,0.17200576671258277,0.26980342562421433,-3.8587473410204987,0.7698974396962992,-1.3664390211980266,0.0504729411698893,file01.txt や file02.txt など2桁の番号付きファイルにマッチし fileA.txt にはマッチしないパターンはどれですか？
u048,12,基本的なファイル管理,基本的なファイル管理:t2,0.0,0.36346888482871925,0.5028589830250432,0.43316393392688124,0.11625501598976531,0.27470947495832326,-3.8587473410204987,0.9276876469650808,-1.0654636245897775,0.0500422196007094,echo {A、B、C}.txt の出力として最も適切なものはどれですか？
u048,13,基本的なファイル管理,基本的なファイル管理:t1,,0.36346888482871925,0.3717332842429725,0.36760108453584583,0.13231046031896876,0.2499557724274073,-3.8587473410204987,1.0844134734111268,-0.0665097679162885,0.1181070732968249,ファイルのタイムスタンプを更新したり存在しない場合は空のファイルを作成したりするコマンド名を一つ書いてください
u048,14,基本的なファイル管理,基本的なファイル管理:t2,,0.36346888482871925,0.5028589830250432,0.43316393392688124,0.13872523876436427,0.28594458634562275,-3.8587473410204987,0.8333449589648054,-1.1313423711812791,0.05,ディレクトリ dir1 を archive.tar という名前のアーカイブにまとめるコマンドとして最も適切なものはどれですか？
u048,15,基本的なファイル管理,基本的なファイル管理:t2,0.0,0.36346888482871925,0.5028589830250432,0.43316393392688124,0.08113660580174262,0.25715026986431194,-3.8587473410204987,1.079782842889703,-0.7049118100689108,0.0506380305473883,gzip 圧縮されたアーカイブ backup.tar.gz を展開する tar のコマンドを一つ書いてください
u048,16,基本的なファイル管理,基本的なファイル管理:t2,,0.36346888482871925,0.5028589830250432,0.43316393392688124,0.22998998442659874,0.33157695917674,-3.8587473410204987,1.0160959932760532,0.0605333476967584,0.2156358485127576,1MB のゼロデータを10個連結したファイル zero.img を作成したいときに最も適切なコマンドはどれですか？
u048,17,基本的なファイル管理,基本的なファイル管理:t2,,0.36346888482871925,0.5028589830250432,0.43316393392688124,0.07676563921368365,0.25496478657028243,-3.8587473410204987,1.0786539578094183,-0.571869105191423,0.0501239062067503,指定したファイルの種類を判定して表示するコマンド名を一つ書いてください
u048,18,所有者とパーミッション,所有者とパーミッション:t1,0.0,0.44446772673823215,0.5669228081418094,0.5056952674400208,0.4451031147082089,0.4753991910741149,-1.3590332996755428,0.8838543016855865,0.636567762527371,0.35,ls -l の出力に含まれる r や w や x などの文字は何を表していますか？
u048,19,所有者とパーミッション,所有者とパーミッション:t1,0.0,0.44446772673823215,0.5669228081418094,0.5056952674400208,0.5580271643774067,0.5318612159087137,-1.3590332996755428,0.7694955224059895,-1.5396692830266308,0.0501462484179849,所有者に読み書きグループとその他に読み取りのみを許可するパーミッションを数字3桁で表したものとして正しいのはどれですか？
u048,20,所有者とパーミッション,所有者とパーミッション:t2,1.0,0.44446772673823215,0.38317753327630233,0.41382263000726727,0.39091628373304843,0.40236945687015785,-1.3590332996755428,1.069038527956945,0.2872849447946676,0.2861242148129458,ファイル script.sh に所有者だけ実行権限を追加する chmod の指定を一つ書いてください
u048,21,所有者とパーミッション,所有者とパーミッション:t1,1.0,0.44446772673823215,0.5669228081418094,0.5056952674400208,0.30412425531032317,0.404909761375172,-1.3590332996755428,1.023796809032469,-0.1819789265707181,0.0955893152535176,ファイル data.txt の所有者を user1 に変更するコマンドとして正しいものはどれですか？
u048,22,所有者とパーミッション,所有者とパーミッション:t1,1.0,0.44446772673823215,0.5669228081418094,0.5056952674400208,0.4456701931537242,0.47568273029687247,-1.3590332996755428,0.9971459325822506,0.4014404237768084,0.3498656012445903,ファイル data.txt の所有グループを group1 に変更するコマンドを一つ書いてください
u048,23,所有者とパーミッション,所有者とパーミッション:t2,1.0,0.44446772673823215,0.38317753327630233,0.41382263000726727,0.5542361398526309,0.48402938492994907,-1.3590332996755428,0.5402809268579795,-1.587165246258202,0.05,ディレクトリ dir1 とその配下の全てのファイルに対して755のパーミッションを設定したいときに最も適切なコマンドはどれですか？
u048,24,所有者とパーミッション,所有者とパーミッション:t2,,0.44446772673823215,0.38317753327630233,0.41382263000726727,0.3939158334762387,0.403869231741753,-1.3590332996755428,1.0229892671149328,0.1354195999745567,0.2625206317911625,umask 022 の意味として最も適切な説明はどれですか？
u048,25,所有者とパーミッション,所有者とパーミッション:t3,1.0,0.44446772673823215,0.5843963564552264,0.5144320415967293,0.37890250936577935,0.4466672754812543,-1.3590332996755428,1.0484800831860714,0.1935682699242609,0.2569518859740457,umask が 022 の環境で新しい通常ファイルを作成したときのデフォルトパーミッションを数字3桁で答えてください
u048,26,所有者とパーミッション,所有者とパーミッション:t3,,0.44446772673823215,0.5843963564552264,0.5144320415967293,0.40160709979474774,0.4580195706957385,-1.3590332996755428,1.0647402213448909,0.3006301699301119,0.2993861022623606,実行ファイルに SUID ビットが設定されているときの動作として正しいものはどれですか？
u048,27,所有者とパーミッション,所有者とパーミッション:t3,,0.44446772673823215,0.5843963564552264,0.5144320415967293,0.46466556944780646,0.48954880552226787,-1.3590332996755428,0.9182890250847582,-1.0802049659467,0.0502593675967861,ディレクトリに SGID ビットが設定されているときの効果として最も適切なものはどれですか？
u048,28,所有者とパーミッション,所有者とパーミッション:t3,1.0,0.44446772673823215,0.5843963564552264,0.5144320415967293,0.30988310053742596,0.4121575710670776,-1.3590332996755428,1.0857191106832107,0.0603536444023921,0.1620911607977531,スティッキービットが設定された共有ディレクトリとしてよく使われる /tmp の特徴として正しいものはどれですか？
u048,29,所有者とパーミッション,所有者とパーミッション:t2,0.0,0.44446772673823215,0.38317753327630233,0.41382263000726727,0.4903149054363446,0.45206876772180593,-1.3590332996755428,0.8616931297063011,-1.1885448876304008,0.0502666554250788,パーミッション文字列 rwxr-xr-x を数字3桁で表したものを答えてください
u048,30,所有者とパーミッション,所有者とパーミッション:t2,0.0,0.44446772673823215,0.38317753327630233,0.41382263000726727,0.33956413091429455,0.37669338046078094,-1.3590332996755428,1.0442899695543686,-0.5639596363118176,0.0516643107287579,/tmp ディレクトリ自体の情報だけを表示しその中身は一覧しないように ls で表示したいときのコマンドを一つ書いてください
u049,1,基本的なファイル管理,基本的なファイル管理:t1,1.0,0.7664919562768537,0.7507782099366402,0.758635083106747,0.9999250748538733,0.8792800789803101,8.231395036379963,1.1154903812173775,-0.2365575162111993,0.051641198039118,隠しファイルも含めてカレントディレクトリの内容を一覧表示するコマンドはどれですか？
u049,2,基本的なファイル管理,基本的なファイル管理:t1,1.0,0.7664919562768537,0.7507782099366402,0.758635083106747,0.9997074225441493,0.8791712528254482,8.231395036379963,1.0057893014389907,0.5690377053906269,0.3492400193748236,ファイルの詳細情報付き一覧を表示する ls のオプションとして正しいものはどれですか？
u049,3,基本的なファイル管理,基本的なファイル管理:t1,,0.7664919562768537,0.7507782099366402,0.758635083106747,0.9998931485556363,0.8792641158311916,8.231395036379963,1.0489017742155973,-0.4354143081768685,0.0519297250964802,現在の作業ディレクトリの絶対パスを表示するコマンドを一つ書いてください
u049,4,基本的なファイル管理,基本的なファイル管理:t1,,0.7664919562768537,0.7507782099366402,0.758635083106747,0.9999393852595804,0.8792872341831637,8.231395036379963,1.0549076376616389,-0.9254401280891048,0.05,ホームディレクトリに移動するコマンドとして最も適切なものはどれですか？
u049,5,基本的なファイル管理,基本的なファイル管理:t1,,0.7664919562768537,0.7507782099366402,0.758635083106747,0.9989947314302375,0.8788149072684923,8.231395036379963,0.8454804512192905,0.5787404422327526,0.35,dir1 とその中の dir2 を一度に作成したいときに最も適切なコマンドはどれですか？
u049,6,基本的なファイル管理,基本的なファイル管理:t2,,0.7664919562768537,0.7293626293431458,0.7479272928099998,0.9997485223124953,0.8738379075612476,8.231395036379963,1.00510848894146,0.4134932167591427,0.3494454797573572,ディレクトリ A を中身ごと確認無しに削除したいときに最も適切なコマンドはどれですか？
u049,7,基本的なファイル管理,基本的なファイル管理:t2,1.0,0.7664919562768537,0.7293626293431458,0.7479272928099998,0.9999526858372931,0.8739399893236465,8.231395036379963,1.1721079163343606,-0.2212036076794035,0.05,rm コマンドで削除前に確認しながら対話的に削除したいときに付けるオプションはどれですか？
u049,8,基本的なファイル管理,基本的なファイル管理:t1,1.0,0.7664919562768537,0.7507782099366402,0.758635083106747,0.9998837697398013,0.8792594264232741,8.231395036379963,1.08857668141035,0.097554322776923,0.1857478924744617,ファイル file1 をディレクトリ dir にコピーするコマンドとして正しいものはどれですか？
u049,9,基本的なファイル管理,基本的なファイル管理:t2,,0.7664919562768537,0.7293626293431458,0.7479272928099998,0.9998113549233032,0.8738693238666515,8.231395036379963,1.026407237120382,0.2943384619096204,0.3486455001445267,ディレクトリ A をタイムスタンプと権限を保ったままディレクトリ B にコピーしたいときに最も適切なコマンドはどれですか？
u049,10,基本的なファイル管理,基本的なファイル管理:t1,1.0,0.7664919562768537,0.7507782099366402,0.758635083106747,0.9996946355870359,0.8791648593468915,8.231395036379963,0.9802501128237442,0.413054929247417,0.3492349294404715,ディレクトリ A の中の file.txt をディレクトリ B に移動するコマンドとして正しいものはどれですか？
u049,11,基本的なファイル管理,基本的なファイル管理:t1,0.0,0.7664919562768537,0.7507782099366402,0.758635083106747,0.9994137455963449,0.879024414351546,8.231395036379963,0.7698974396962992,-1.3664390211980266,0.0504729411698893,file01.txt や file02.txt など2桁の番号付きファイルにマッチし fileA.txt にはマッチしないパターンはどれですか？
u049,12,基本的なファイル管理,基本的なファイル管理:t2,1.0,0.7664919562768537,0.7293626293431458,0.7479272928099998,0.9998293845376254,0.8738783386738126,8.231395036379963,0.9276876469650808,-1.0654636245897775,0.0500422196007094,echo {A、B、C}.txt の出力として最も適切なものはどれですか？
u049,13,基本的なファイル管理,基本的なファイル管理:t1,1.0,0.7664919562768537,0.7507782099366402,0.758635083106747,0.9998910005808069,0.879263041843777,8.231395036379963,1.0844134734111268,-0.0665097679162885,0.1181070732968249,ファイルのタイムスタンプを更新したり存在しない場合は空のファイルを作成したりするコマンド名を一つ書いてください
u049,14,基本的なファイル管理,基本的なファイル管理:t2,,0.7664919562768537,0.7293626293431458,0.7479272928099998,0.9996118396336685,0.8737695662218341,8.231395036379963,0.8333449589648054,-1.1313423711812791,0.05,ディレクトリ dir1 を archive.tar という名前のアーカイブにまとめるコマンドとして最も適切なものはどれですか？
u049,15,基本的なファイル管理,基本的なファイル管理:t2,1.0,0.7664919562768537,0.7293626293431458,0.7479272928099998,0.9999387961470176,0.8739330444785087,8.231395036379963,1.079782842889703,-0.7049118100689108,0.0506380305473883,gzip 圧縮されたアーカイブ backup.tar.gz を展開する tar のコマンドを一つ書いてください
u049,16,基本的なファイル管理,基本的なファイル管理:t2,1.0,0.7664919562768537,0.7293626293431458,0.7479272928099998,0.9998055838525534,0.8738664383312766,8.231395036379963,1.0160959932760532,0.0605333476967584,0.2156358485127576,1MB のゼロデータを10個連結したファイル zero.img を作成したいときに最も適切なコマンドはどれですか？
u049,17,基本的なファイル管理,基本的なファイル管理:t2,1.0,0.7664919562768537,0.7293626293431458,0.7479272928099998,0.9999285972812644,0.8739279450456321,8.231395036379963,1.0786539578094183,-0.571869105191423,0.0501239062067503,指定したファイルの種類を判定して表示するコマンド名を一つ書いてください
u049,18,所有者とパーミッション,所有者とパーミッション:t1,1.0,0.3819731442456319,0.5145889190254931,0.4482810316355625,0.3555011309749575,0.40189108130525997,-4.752917083078786,0.8838543016855865,0.636567762527371,0.35,ls -l の出力に含まれる r や w や x などの文字は何を表していますか？
u049,19,所有者とパーミッション,所有者とパーミッション:t1,0.0,0.3819731442456319,0.5145889190254931,0.4482810316355625,0.12404765724161096,0.28616434443858674,-4.752917083078786,0.7694955224059895,-1.5396692830266308,0.0501462484179849,所有者に読み書きグループとその他に読み取りのみを許可するパーミッションを数字3桁で表したものとして正しいのはどれですか？
u049,20,所有者とパーミッション,所有者とパーミッション:t2,0.0,0.3819731442456319,0.37999244951043415,0.38098279687803305,0.2893720182553249,0.33517740756667896,-4.752917083078786,1.069038527956945,0.2872849447946676,0.2861242148129458,ファイル script.sh に所有者だけ実行権限を追加する chmod の指定を一つ書いてください
u049,21,所有者とパーミッション,所有者とパーミッション:t1,1.0,0.3819731442456319,0.5145889190254931,0.4482810316355625,0.10390657445945223,0.27609380304750736,-4.752917083078786,1.023796809032469,-0.1819789265707181,0.0955893152535176,ファイル data.txt の所有者を user1 に変更するコマンドとして正しいものはどれですか？
u049,22,所有者とパーミッション,所有者とパーミッション:t1,1.0,0.3819731442456319,0.5145889190254931,0.4482810316355625,0.3536530393441963,0.4009670354898794,-4.752917083078786,0.9971459325822506,0.4014404237768084,0.3498656012445903,ファイル data.txt の所有グループを group1 に変更するコマンドを一つ書いてください
u049,23,所有者とパーミッション,所有者とパーミッション:t2,0.0,0.3819731442456319,0.37999244951043415,0.38098279687803305,0.195456823532217,0.288219810205125,-4.752917083078786,0.5402809268579795,-1.587165246258202,0.05,ディレクトリ dir1 とその配下の全てのファイルに対して755のパーミッションを設定したいときに最も適切なコマンドはどれですか？
u049,24,所有者とパーミッション,所有者とパーミッション:t2,0.0,0.3819731442456319,0.37999244951043415,0.38098279687803305,0.2674529622858346,0.3242178795819338,-4.752917083078786,1.0229892671149328,0.1354195999745567,0.2625206317911625,umask 022 の意味として最も適切な説明はどれですか？
u049,25,所有者とパーミッション,所有者とパーミッション:t3,,0.3819731442456319,0.5292965193885376,0.45563483181708475,0.2610844262471351,0.35835962903210994,-4.752917083078786,1.0484800831860714,0.1935682699242609,0.2569518859740457,umask が 022 の環境で新しい通常ファイルを作成したときのデフォルトパーミッションを数字3桁で答えてください
u049,26,所有者とパーミッション,所有者とパーミッション:t3,,0.3819731442456319,0.5292965193885376,0.45563483181708475,0.30259731275549195,0.37911607228628835,-4.752917083078786,1.0647402213448909,0.3006301699301119,0.2993861022623606,実行ファイルに SUID ビットが設定されているときの動作として正しいものはどれですか？
u049,27,所有者とパーミッション,所有者とパーミッション:t3,0.0,0.3819731442456319,0.5292965193885376,0.45563483181708475,0.0817551256945594,0.26869497875582204,-4.752917083078786,0.9182890250847582,-1.0802049659467,0.0502593675967861,ディレクトリに SGID ビットが設定されているときの効果として最も適切なものはどれですか？
u049,28,所有者とパーミッション,所有者とパーミッション:t3,0.0,0.3819731442456319,0.5292965193885376,0.45563483181708475,0.16657145161999445,0.3111031417185396,-4.752917083078786,1.0857191106832107,0.0603536444023921,0.1620911607977531,スティッキービットが設定された共有ディレクトリとしてよく使われる /tmp の特徴として正しいものはどれですか？
u049,29,所有者とパーミッション,所有者とパーミッション:t2,0.0,0.3819731442456319,0.37999244951043415,0.38098279687803305,0.09234243000375279,0.23666261344089293,-4.752917083078786,0.8616931297063011,-1.1885448876304008,0.0502666554250788,パーミッション文字列 rwxr-xr-x を数字3桁で表したものを答えてください
u049,30,所有者とパーミッション,所有者とパーミッション:t2,1.0,0.3819731442456319,0.37999244951043415,0.38098279687803305,0.06345967196853454,0.2222212344232838,-4.752917083078786,1.0442899695543686,-0.5639596363118176,0.0516643107287579,/tmp ディレクトリ自体の情報だけを表示しその中身は一覧しないように ls で表示したいときのコマンドを一つ書いてください
u050,1,基本的なファイル管理,基本的なファイル管理:t1,0.0,0.3556929372208655,0.3556707009366636,0.3556818190787645,0.0526922484237022,0.20418703375123334,-6.335968232622681,1.1154903812173775,-0.2365575162111993,0.051641198039118,隠しファイルも含めてカレントディレクトリの内容を一覧表示するコマンドはどれですか？
u050,2,基本的なファイル管理,基本的なファイル管理:t1,,0.3556929372208655,0.3556707009366636,0.3556818190787645,0.34986639614936504,0.3527741076140648,-6.335968232622681,1.0057893014389907,0.5690377053906269,0.3492400193748236,ファイルの詳細情報付き一覧を表示する ls のオプションとして正しいものはどれですか？
u050,3,基本的なファイル管理,基本的なファイル管理:t1,0.0,0.3556929372208655,0.3556707009366636,0.3556818190787645,0.05387086927381811,0.20477634417629131,-6.335968232622681,1.0489017742155973,-0.4354143081768685,0.0519297250964802,現在の作業ディレクトリの絶対パスを表示するコマンドを一つ書いてください
u050,4,基本的なファイル管理,基本的なファイル管理:t1,,0.3556929372208655,0.3556707009366636,0.3556818190787645,0.05314413702464303,0.20441297805170378,-6.335968232622681,1.0549076376616389,-0.9254401280891048,0.05,ホームディレクトリに移動するコマンドとして最も適切なものはどれですか？
u050,5,基本的なファイル管理,基本的なファイル管理:t1,1.0,0.3556929372208655,0.3556707009366636,0.3556818190787645,0.35187354958681155,0.353777684332788,-6.335968232622681,0.8454804512192905,0.5787404422327526,0.35,dir1 とその中の dir2 を一度に作成したいときに最も適切なコマンドはどれですか？
u050,6,基本的なファイル管理,基本的なファイル管理:t2,1.0,0.3556929372208655,0.3256483321422135,0.34067063468153946,0.3501809486331307,0.3454257916573351,-6.335968232622681,1.00510848894146,0.4134932167591427,0.3494454797573572,ディレクトリ A を中身ごと確認無しに削除したいときに最も適切なコマンドはどれですか？
u050,7,基本的なファイル管理,基本的なファイル管理:t2,0.0,0.3556929372208655,0.3256483321422135,0.34067063468153946,0.05073236720181821,0.19570150094167885,-6.335968232622681,1.1721079163343606,-0.2212036076794035,0.05,rm コマンドで削除前に確認しながら対話的に削除したいときに付けるオプションはどれですか？
u050,8,基本的なファイル管理,基本的なファイル管理:t1,1.0,0.3556929372208655,0.3556707009366636,0.3556818190787645,0.18648721502037693,0.2710845170495707,-6.335968232622681,1.08857668141035,0.097554322776923,0.1857478924744617,ファイル file1 をディレクトリ dir にコピーするコマンドとして正しいものはどれですか？
u050,9,基本的なファイル管理,基本的なファイル管理:t2,,0.3556929372208655,0.3256483321422135,0.34067063468153946,0.3493662609831553,0.34501844783234736,-6.335968232622681,1.026407237120382,0.2943384619096204,0.3486455001445267,ディレクトリ A をタイムスタンプと権限を保ったままディレクトリ B にコピーしたいときに最も適切なコマンドはどれですか？
u050,10,基本的なファイル管理,基本的なファイル管理:t1,1.0,0.3556929372208655,0.3556707009366636,0.3556818190787645,0.3501052268692669,0.35289352297401566,-6.335968232622681,0.9802501128237442,0.413054929247417,0.3492349294404715,ディレクトリ A の中の file.txt をディレクトリ B に移動するコマンドとして正しいものはどれですか？
u050,11,基本的なファイル管理,基本的なファイル管理:t1,0.0,0.3556929372208655,0.3556707009366636,0.3556818190787645,0.07072738720945167,0.21320460314410808,-6.335968232622681,0.7698974396962992,-1.3664390211980266,0.0504729411698893,file01.txt や file02.txt など2桁の番号付きファイルにマッチし fileA.txt にはマッチしないパターンはどれですか？
u050,12,基本的なファイル管理,基本的なファイル管理:t2,,0.3556929372208655,0.3256483321422135,0.34067063468153946,0.05713826491829863,0.19890444979991906,-6.335968232622681,0.9276876469650808,-1.0654636245897775,0.0500422196007094,echo {A、B、C}.txt の出力として最も適切なものはどれですか？
u050,13,基本的なファイル管理,基本的なファイル管理:t1,1.0,0.3556929372208655,0.3556707009366636,0.3556818190787645,0.11908950033555804,0.23738565970716127,-6.335968232622681,1.0844134734111268,-0.0665097679162885,0.1181070732968249,ファイルのタイムスタンプを更新したり存在しない場合は空のファイルを作成したりするコマンド名を一つ書いてください
u050,14,基本的なファイル管理,基本的なファイル管理:t2,0.0,0.3556929372208655,0.3256483321422135,0.34067063468153946,0.06225857291458117,0.2014646037980603,-6.335968232622681,0.8333449589648054,-1.1313423711812791,0.05,ディレクトリ dir1 を archive.tar という名前のアーカイブにまとめるコマンドとして最も適切なものはどれですか？
u050,15,基本的なファイル管理,基本的なファイル管理:t2,0.0,0.3556929372208655,0.3256483321422135,0.34067063468153946,0.05280469138695685,0.19673766303424817,-6.335968232622681,1.079782842889703,-0.7049118100689108,0.0506380305473883,gzip 圧縮されたアーカイブ backup.tar.gz を展開する tar のコマンドを一つ書いてください
u050,16,基本的なファイル管理,基本的なファイル管理:t2,,0.3556929372208655,0.3256483321422135,0.34067063468153946,0.21681395755100752,0.2787422961162735,-6.335968232622681,1.0160959932760532,0.0605333476967584,0.2156358485127576,1MB のゼロデータを10個連結したファイル zero.img を作成したいときに最も適切なコマンドはどれですか？
u050,17,基本的なファイル管理,基本的なファイル管理:t2,,0.3556929372208655,0.3256483321422135,0.34067063468153946,0.05201446210096432,0.1963425483912519,-6.335968232622681,1.0786539578094183,-0.571869105191423,0.0501239062067503,指定したファイルの種類を判定して表示するコマンド名を一つ書いてください
u050,18,所有者とパーミッション,所有者とパーミッション:t1,1.0,0.6863076542512295,0.6974210295298845,0.691864341890557,0.9407748198871936,0.8163195808888752,3.2389063309922297,0.8838543016855865,0.636567762527371,0.35,ls -l の出力に含まれる r や w や x などの文字は何を表していますか？
u050,19,所有者とパーミッション,所有者とパーミッション:t1,1.0,0.6863076542512295,0.6974210295298845,0.691864341890557,0.9765649273582563,0.8342146346244066,3.2389063309922297,0.7694955224059895,-1.5396692830266308,0.0501462484179849,所有者に読み書きグループとその他に読み取りのみを許可するパーミッションを数字3桁で表したものとして正しいのはどれですか？
u050,20,所有者とパーミッション,所有者とパーミッション:t2,,0.6863076542512295,0.5405219667223162,0.6134148104867729,0.9708173661311275,0.7921160883089502,3.2389063309922297,1.069038527956945,0.2872849447946676,0.2861242148129458,ファイル script.sh に所有者だけ実行権限を追加する chmod の指定を一つ書いてください
u050,21,所有者とパーミッション,所有者とパーミッション:t1,1.0,0.6863076542512295,0.6974210295298845,0.691864341890557,0.9735486071354842,0.8327064745130206,3.2389063309922297,1.023796809032469,-0.1819789265707181,0.0955893152535176,ファイル data.txt の所有者を user1 に変更するコマンドとして正しいものはどれですか？
u050,22,所有者とパーミッション,所有者とパーミッション:t1,1.0,0.6863076542512295,0.6974210295298845,0.691864341890557,0.963750011457842,0.8278071766741995,3.2389063309922297,0.9971459325822506,0.4014404237768084,0.3498656012445903,ファイル data.txt の所有グループを group1 に変更するコマンドを一つ書いてください
u050,23,所有者とパーミッション,所有者とパーミッション:t2,0.0,0.6863076542512295,0.5405219667223162,0.6134148104867729,0.9347715908360317,0.7740932006614023,3.2389063309922297,0.5402809268579795,-1.587165246258202,0.05,ディレクトリ dir1 とその配下の全てのファイルに対して755のパーミッションを設定したいときに最も適切なコマンドはどれですか？
u050,24,所有者とパーミッション,所有者とパーミッション:t2,1.0,0.6863076542512295,0.5405219667223162,0.6134148104867729,0.9704094961589764,0.7919121533228747,3.2389063309922297,1.0229892671149328,0.1354195999745567,0.2625206317911625,umask 022 の意味として最も適切な説明はどれですか？
u050,25,所有者とパーミッション,所有者とパーミッション:t3,0.0,0.6863076542512295,0.5774204900716151,0.6318640721614224,0.970700948487702,0.8012825103245622,3.2389063309922297,1.0484800831860714,0.1935682699242609,0.2569518859740457,umask が 022 の環境で新しい通常ファイルを作成したときのデフォルトパーミッションを数字3桁で答えてください
u050,26,所有者とパーミッション,所有者とパーミッション:t3,,0.6863076542512295,0.5774204900716151,0.6318640721614224,0.9706114791007076,0.8012377756310649,3.2389063309922297,1.0647402213448909,0.3006301699301119,0.2993861022623606,実行ファイルに SUID ビットが設定されているときの動作として正しいものはどれですか？
u050,27,所有者とパーミッション,所有者とパーミッション:t3,1.0,0.6863076542512295,0.5774204900716151,0.6318640721614224,0.9823413062520205,0.8071026892067215,3.2389063309922297,0.9182890250847582,-1.0802049659467,0.0502593675967861,ディレクトリに SGID ビットが設定されているときの効果として最も適切なものはどれですか？
u050,28,所有者とパーミッション,所有者とパーミッション:t3,0.0,0.6863076542512295,0.5774204900716151,0.6318640721614224,0.9742438616412924,0.8030539669013574,3.2389063309922297,1.0857191106832107,0.0603536444023921,0.1620911607977531,スティッキービットが設定された共有ディレクトリとしてよく使われる /tmp の特徴として正しいものはどれですか？
u050,29,所有者とパーミッション,所有者とパーミッション:t2,1.0,0.6863076542512295,0.5405219667223162,0.6134148104867729,0.9795234400847348,0.7964691252857539,3.2389063309922297,0.8616931297063011,-1.1885448876304008,0.0502666554250788,パーミッション文字列 rwxr-xr-x を数字3桁で表したものを答えてください
u050,30,所有者とパーミッション,所有者とパーミッション:t2,1.0,0.6863076542512295,0.5405219667223162,0.6134148104867729,0.9824555056838257,0.7979351580852994,3.2389063309922297,1.0442899695543686,-0.5639596363118176,0.0516643107287579,/tmp ディレクトリ自体の情報だけを表示しその中身は一覧しないように ls で表示したいときのコマンドを一つ書いてください
