skill_name,T,S,G,L0
テキスト処理,0.0005155602020496019,0.2197509846469843,0.3821022888670758,0.4451087744042169
ファイルの操作,0.0009025474435452878,0.3999093461032621,0.195714838324406,0.6242503332133812
標準入出力操作,0.0008950861738431752,0.3438106216464773,0.25669061384279035,0.3280419487571077
