skill_field,skill,n,auc,logloss
L2,基本的なファイル管理,975,0.6773000841750842,0.6415039852510963
L2,所有者とパーミッション,1025,0.6320869412769071,0.6664129376769812
L2_tier,基本的なファイル管理:t1,539,0.6564613124930717,0.6524523940067087
L2_tier,基本的なファイル管理:t2,436,0.6451043779580798,0.6541309227748586
L2_tier,所有者とパーミッション:t1,325,0.5917456126727753,0.6676996904940123
L2_tier,所有者とパーミッション:t2,376,0.5920902014652015,0.6717744472063775
L2_tier,所有者とパーミッション:t3,324,0.5999310952034604,0.6762763383717554
