skill,n,auc,logloss
テキスト処理,661,0.6751308608976501,0.6407219673250644
ファイルの操作,669,0.669069935111752,0.6465040767073731
標準入出力操作,670,0.6630755316041869,0.6273078969324678
