key,auc,logloss,n
overall,0.7444881696051242,0.6168143549572791,4053
